seg_start,seg_end,raw_mae,corrected_mae,transferred_ok,delta
2018-01-03,2018-01-09,0.17023178111328893,0.360047355397327,False,0.18981557428403809
2018-01-10,2018-01-17,0.1855053271292968,0.3623290591934507,False,0.17682373206415392
2018-01-18,2018-01-24,0.17361885903243815,0.3144592628809723,False,0.14084040384853416
2018-01-25,2018-01-31,0.1812514459510864,0.32068977204409,False,0.1394383260930036
2018-02-01,2018-02-07,0.16484219707710468,0.30230682494271444,False,0.13746462786560976
2018-02-08,2018-02-14,0.15023122356135088,0.27675922318815677,False,0.1265279996268059
2018-02-15,2018-02-22,0.14336023396761388,0.2264833857658825,False,0.08312315179826862
2018-02-23,2018-03-01,0.15891050956521266,0.21705079553442497,False,0.05814028596921231
2018-03-02,2018-03-08,0.15456125950313174,0.2214065535803882,False,0.06684529407725645
2018-03-09,2018-03-15,0.15532409122297025,0.23531697279909922,False,0.07999288157612897
2018-03-16,2018-03-22,0.16155357675310017,0.24208673086645555,False,0.08053315411335538
2018-03-23,2018-03-29,0.1302019290651251,0.22115380976492202,False,0.09095188069979693
2018-04-02,2018-04-06,0.09881913481836527,0.19453621609515498,False,0.09571708127678971
2018-04-09,2018-04-13,0.0863604414289704,0.1372571740789724,False,0.050896732650002
2018-04-16,2018-04-20,0.026672021679801865,0.07581077542382822,False,0.049138753744026355
2018-04-23,2018-04-27,0.013811633193419808,0.049403052037036196,False,0.035591418843616385
2018-04-30,2018-05-04,0.01378441168022868,0.026712519205743634,False,0.012928107525514954
2018-05-07,2018-05-11,0.05756188335446718,0.0903143932872966,False,0.03275250993282942
2018-05-14,2018-05-18,0.06509813672464014,0.09304395935387351,False,0.02794582262923337
2018-05-21,2018-05-25,0.07341431481536777,0.09986357265654384,False,0.026449257841176077
2018-05-29,2018-06-04,0.06795098468963047,0.19798088034761158,False,0.13002989565798112
2018-06-05,2018-06-11,0.07210693481947403,0.20157438765431893,False,0.1294674528348449
2018-06-12,2018-06-18,0.06108905320962582,0.19041206007619124,False,0.12932300686656542
2018-06-19,2018-06-25,0.04684224078250814,0.16515826620871313,False,0.11831602542620498
2018-06-26,2018-07-02,0.01582739679950564,0.11545622980459433,False,0.0996288330050887
2018-07-03,2018-07-10,0.014909058413999763,0.14339623076999095,False,0.1284871723559912
2018-07-11,2018-07-17,0.02236753363074847,0.16648400105586234,False,0.14411646742511386
2018-07-18,2018-07-24,0.05336802761560265,0.2155001300075834,False,0.16213210239198073
2018-07-25,2018-07-31,0.08536975280134095,0.24950194918104113,False,0.16413219637970017
2018-08-01,2018-08-07,0.14105595353485303,0.3040633100352254,False,0.16300735650037237
2018-08-08,2018-08-14,0.15913090736197383,0.3214933663597417,False,0.16236245899776786
2018-08-15,2018-08-21,0.14469910286428758,0.31426512116556227,False,0.16956601830127468
2018-08-22,2018-08-28,0.15474746513077803,0.29841307839878584,False,0.1436656132680078
2018-08-29,2018-09-05,0.11730348552550629,0.26055863709448934,False,0.14325515156898305
2018-09-06,2018-09-12,0.0483650386232876,0.19270925055395294,False,0.14434421193066532
2018-09-13,2018-09-19,0.037770294036043484,0.17627406590708933,False,0.13850377187104584
2018-09-20,2018-09-26,0.07098312550069238,0.21328604093597514,False,0.14230291543528276
2018-09-27,2018-10-03,0.0746315246578172,0.23529997662566507,False,0.16066845196784788
2018-10-04,2018-10-10,0.08514351454639098,0.2366493373826657,False,0.15150582283627473
2018-10-11,2018-10-17,0.02235380937898329,0.1276217473283499,False,0.10526793794936662
2018-10-18,2018-10-24,0.08090479410818181,0.06999439822047095,True,-0.010910395887710866
2018-10-25,2018-10-31,0.09398231616755863,0.06725648421567185,True,-0.026725831951886783
2018-11-01,2018-11-07,0.08586139026915722,0.062351920952770666,True,-0.023509469316386554
2018-11-08,2018-11-14,0.11254818271679343,0.16929792515627146,False,0.05674974243947803
2018-11-15,2018-11-21,0.15851090450726596,0.2577672425636572,False,0.09925633805639122
2018-11-23,2018-11-29,0.17465119276667967,0.2740011981515919,False,0.09935000538491223
2018-11-30,2018-12-07,0.1969940689824564,0.2955743781951624,False,0.09858030921270602
2018-12-10,2018-12-14,0.3169357510660268,0.41040721670389296,False,0.09347146563786618
2018-12-17,2018-12-21,0.38171559207502986,0.46822927396863073,False,0.08651368189360087
2018-12-24,2018-12-31,0.40120793985958986,0.4856258608016327,False,0.08441792094204287
2019-01-02,2019-01-08,0.3908615698111008,0.461655244301346,False,0.0707936744902452
2019-01-09,2019-01-15,0.3887752071945537,0.4524766627473394,False,0.06370145555278567
2019-01-16,2019-01-23,0.36351139750039724,0.4262895335755051,False,0.06277813607510785
2019-01-24,2019-01-30,0.2923719162746466,0.36674438015242183,False,0.07437246387777524
2019-01-31,2019-02-06,0.2513159848288214,0.3388607340754338,False,0.08754474924661243
2019-02-07,2019-02-13,0.2860483851755111,0.37271508927404184,False,0.08666670409853072
2019-02-14,2019-02-21,0.25540230518910245,0.34308085143778644,False,0.08767854624868399
2019-02-22,2019-02-28,0.2101150172279585,0.28275828773611433,False,0.07264327050815583
2019-03-01,2019-03-07,0.18664632811419657,0.2498183139821199,False,0.06317198586792333
2019-03-08,2019-03-14,0.04689226696943757,0.06956273583001568,False,0.022670468860578115
2019-03-15,2019-03-21,0.12381903869899694,0.05963178413513134,True,-0.06418725456386559
2019-03-22,2019-03-28,0.06348085823722978,0.07923963792848117,False,0.01575877969125139
2019-03-29,2019-04-04,0.1052522076237831,0.05139783700722757,True,-0.05385437061655553
2019-04-05,2019-04-11,0.05065513052212961,0.05095187123369806,False,0.0002967407115684467
2019-04-12,2019-04-18,0.12373654236092771,0.08338015863634614,True,-0.04035638372458157
2019-04-22,2019-04-26,0.15414717830824687,0.1112955521414553,True,-0.04285162616679157
2019-04-29,2019-05-03,0.16221253086050702,0.0800702462293624,True,-0.08214228463114462
2019-05-06,2019-05-10,0.23860017457096766,0.15277711346384923,True,-0.08582306110711843
2019-05-13,2019-05-17,0.27229682415877327,0.2109365512630607,True,-0.06136027289571255
2019-05-20,2019-05-24,0.2277402209467369,0.1701623890925451,True,-0.0575778318541918
2019-05-28,2019-06-03,0.12170129687317106,0.11395939176891831,True,-0.007741905104252753
2019-06-04,2019-06-10,0.0485169863879347,0.05425451754522008,False,0.005737531157285376
2019-06-11,2019-06-17,0.103460440754687,0.08576289776846009,True,-0.017697542986226902
2019-06-18,2019-06-24,0.069499639880595,0.00777551415260605,True,-0.06172412572798895
2019-06-25,2019-07-01,0.11678003099686385,0.04558946518030467,True,-0.07119056581655918
2019-07-02,2019-07-09,0.14724358469676302,0.07531417298594649,True,-0.07192941171081653
2019-07-10,2019-07-16,0.10639947608630917,0.03828089445767516,True,-0.06811858162863402
2019-07-17,2019-07-23,0.09717680656348619,0.018631743152862593,True,-0.0785450634106236
2019-07-24,2019-07-30,0.11084815863477808,0.026120356837202326,True,-0.08472780179757575
2019-07-31,2019-08-06,0.1522693258300814,0.10862479858996435,True,-0.043644527240117054
2019-08-07,2019-08-13,0.11576538615078921,0.12570785919271305,False,0.009942473041923833
2019-08-14,2019-08-20,0.10072174659162451,0.11142558658199167,False,0.010703839990367156
2019-08-21,2019-08-27,0.12196216272632328,0.1588694902229451,False,0.03690732749662183
2019-08-28,2019-09-04,0.11087528990290749,0.12956523994319522,False,0.01868995004028773
2019-09-05,2019-09-11,0.15354562600157812,0.07465354888866986,True,-0.07889207711290826
2019-09-12,2019-09-18,0.18755712941483427,0.0940458130413582,True,-0.09351131637347607
2019-09-19,2019-09-25,0.24118999344549605,0.14655106348893604,True,-0.09463892995656001
2019-09-26,2019-10-02,0.2122051456278554,0.11725939680345321,True,-0.09494574882440218
2019-10-03,2019-10-09,0.09334854872316291,0.06510988533775366,True,-0.028238663385409243
2019-10-10,2019-10-16,0.06835172620844318,0.06412033327580989,True,-0.0042313929326332905
2019-10-17,2019-10-23,0.12098759149830504,0.02212969155901992,True,-0.09885789993928512
2019-10-24,2019-10-30,0.21972280038125494,0.11716890075467327,True,-0.10255389962658167
2019-10-31,2019-11-06,0.23821110567105697,0.13103549648763643,True,-0.10717560918342053
2019-11-07,2019-11-13,0.14731344228457025,0.04194068491291544,True,-0.1053727573716548
2019-11-14,2019-11-20,0.13579051454256644,0.04608449651331141,True,-0.08970601802925503
2019-11-21,2019-11-27,0.11156882440595331,0.02189327185516224,True,-0.08967555255079107
2019-11-29,2019-12-05,0.11201560893548619,0.037122675481687004,True,-0.07489293345379919
2019-12-06,2019-12-12,0.1282728693392509,0.029024905046486332,True,-0.09924796429276456
2019-12-13,2019-12-19,0.14177403890893608,0.026924887477972465,True,-0.11484915143096362
2019-12-20,2019-12-27,0.1135482804813095,0.007837965425310001,True,-0.1057103150559995
2019-12-30,2020-01-06,0.1526465421722896,0.22959985071894184,False,0.07695330854665225
2020-01-07,2020-01-13,0.09232019653307943,0.3212401638621817,False,0.22891996732910225
2020-01-14,2020-01-21,0.09774407334922879,0.36442697832345733,False,0.26668290497422853
2020-01-22,2020-01-28,0.1421264318861643,0.445209663384151,False,0.3030832314979867
2020-01-29,2020-02-04,0.15264474125029054,0.47100491176543524,False,0.3183601705151447
2020-02-05,2020-02-11,0.10539868527560645,0.3849900749886709,False,0.2795913897130644
2020-02-12,2020-02-19,0.046144316437601064,0.24561280685899498,False,0.19946849042139392
2020-02-20,2020-02-26,0.05700190186597407,0.10823200076395811,False,0.05123009889798404
2020-02-27,2020-03-04,0.17461434564381131,0.17537083518860738,False,0.0007564895447960684
2020-03-05,2020-03-11,0.21651281609343515,0.16164078335487472,True,-0.05487203273856042
2020-03-12,2020-03-18,0.3974003190564962,0.32127620123227324,True,-0.07612411782422296
2020-03-19,2020-03-25,0.5615940288755914,0.6590831137365346,False,0.09748908486094321
2020-03-26,2020-04-01,0.5009881655604532,0.5925617916936886,False,0.09157362613323539
2020-04-02,2020-04-08,0.533626217029981,0.6249624170026452,False,0.09133619997266418
2020-04-09,2020-04-16,0.4797848918658726,0.5938747832400276,False,0.11408989137415504
2020-04-17,2020-04-23,0.5039696233417481,0.6158473697518274,False,0.1118777464100793
2020-04-24,2020-04-30,0.4798349849987685,0.5912918320855395,False,0.111456847086771
2020-05-01,2020-05-07,0.5454591030223763,0.6560043645920475,False,0.11054526156967115
2020-05-08,2020-05-14,0.6052533979639418,0.7144456487433019,False,0.10919225077936001
2020-05-15,2020-05-21,0.6033928597745162,0.7091377443920199,False,0.10574488461750375
2020-05-22,2020-05-29,0.5297733114498344,0.634885124250793,False,0.1051118128009586
2020-06-01,2020-06-05,0.4911499689429837,0.5950635930760872,False,0.10391362413310357
2020-06-08,2020-06-12,0.4398080973792279,0.543315531433233,False,0.10350743405400509
2020-06-15,2020-06-19,0.4270531260413133,0.5305379854253549,False,0.10348485938404162
2020-06-22,2020-06-26,0.46608426306233264,0.5691578653454221,False,0.10307360228308948
2020-06-29,2020-07-06,0.5055527699475946,0.6073571869623888,False,0.10180441701479426
2020-07-07,2020-07-13,0.48947351029926606,0.5873035237754731,False,0.09783001347620707
2020-07-14,2020-07-20,0.4234520467882466,0.5206568471477191,False,0.09720480035947249
2020-07-21,2020-07-27,0.43034618096987176,0.5318648331950097,False,0.1015186522251379
2020-07-28,2020-08-03,0.4562803274578031,0.5595435800406946,False,0.10326325258289148
2020-08-04,2020-08-10,0.4751770634088558,0.5778925958055476,False,0.10271553239669184
2020-08-11,2020-08-17,0.4525831227187097,0.5507422482565736,False,0.09815912553786388
2020-08-18,2020-08-24,0.4596251746476394,0.5532790015949807,False,0.09365382694734126
2020-08-25,2020-08-31,0.5135556066300395,0.6255799097381146,False,0.1120243031080751
2020-09-01,2020-09-08,0.5072501665913661,0.6178186918848233,False,0.11056852529345718
2020-09-09,2020-09-15,0.4853899054317633,0.5893816647083733,False,0.10399175927660997
2020-09-16,2020-09-22,0.468351894846961,0.5590284113805783,False,0.09067651653361736
2020-09-23,2020-09-29,0.5732787984929072,0.669828157821893,False,0.09654935932898578
2020-09-30,2020-10-06,0.557466311270721,0.6543104209104806,False,0.09684410963975965
2020-10-07,2020-10-13,0.5221909346836189,0.6162032145891472,False,0.0940122799055283
2020-10-14,2020-10-20,0.5245970133900187,0.6164725754104389,False,0.09187556202042013
2020-10-21,2020-10-27,0.5484796375498763,0.6427362662384026,False,0.09425662868852636
2020-10-28,2020-11-03,0.5691510026020545,0.66078324526535,False,0.0916322426632955
2020-11-04,2020-11-10,0.49176616994727285,0.5973632718901681,False,0.10559710194289529
2020-11-11,2020-11-17,0.42725626886180734,0.5405998979785422,False,0.1133436291167349
2020-11-18,2020-11-24,0.3853166707900704,0.4788697817093907,False,0.09355311091932028
2020-11-25,2020-12-02,0.33990963993837503,0.4491191240178079,False,0.10920948407943287
2020-12-03,2020-12-09,0.34280293346366125,0.47226999629937294,False,0.1294670628357117
2020-12-10,2020-12-16,0.3496156786523913,0.47306492379161247,False,0.12344924513922118
2020-12-17,2020-12-23,0.31496953322611204,0.43586878024321685,False,0.1208992470171048
2020-12-24,2020-12-31,0.2999912958768865,0.42034488939819037,False,0.12035359352130387
2021-01-04,2021-01-08,0.16338484214635524,0.6372470935229856,False,0.47386225137663035
2021-01-11,2021-01-15,0.21891987920352066,0.4793278579188599,False,0.26040797871533927
2021-01-19,2021-01-25,0.3038831625554621,0.5627792267032179,False,0.2588960641477558
2021-01-26,2021-02-01,0.2602554599597067,0.5228001240445341,False,0.2625446640848274
2021-02-02,2021-02-08,0.28547439611547554,0.5496149715879344,False,0.26414057547245884
2021-02-09,2021-02-16,0.290997358118298,0.5534464002370533,False,0.26244904211875525
2021-02-17,2021-02-23,0.3537977022161858,0.6146287151306683,False,0.2608310129144825
2021-02-24,2021-03-02,0.4323232091570938,0.6937625167957282,False,0.2614393076386344
2021-03-03,2021-03-09,0.5197465413102966,0.7780102987006325,False,0.2582637573903359
2021-03-10,2021-03-16,0.5385568931767108,0.8064441782861553,False,0.2678872851094445
2021-03-17,2021-03-23,0.4663597230766662,0.7270391415083441,False,0.26067941843167797
2021-03-24,2021-03-30,0.4811126202311808,0.6930638899584174,False,0.2119512697272366
2021-03-31,2021-04-07,0.49755615677066256,0.6744080322504636,False,0.17685187547980108
2021-04-08,2021-04-14,0.5506777088387214,0.7539876189904484,False,0.20330991015172706
2021-04-15,2021-04-21,0.5547566524536067,0.7404257067067631,False,0.18566905425315638
2021-04-22,2021-04-28,0.5716578732598595,0.7524343431436215,False,0.18077646988376195
2021-04-29,2021-05-05,0.6238843964288311,0.7891415367467014,False,0.1652571403178703
2021-05-06,2021-05-12,0.657604302335314,0.8015843307528794,False,0.1439800284175654
2021-05-13,2021-05-19,0.6854441652818728,0.8563740860163088,False,0.17092992073443602
2021-05-20,2021-05-26,0.6793625524165107,0.8817417620190771,False,0.2023792096025664
2021-05-27,2021-06-03,0.6345093343589223,0.8344868945290639,False,0.19997756017014157
2021-06-04,2021-06-10,0.6626193641747256,0.9019055615962135,False,0.23928619742148793
2021-06-11,2021-06-17,0.7331493788915562,0.9391143158801363,False,0.2059649369885801
2021-06-18,2021-06-24,0.711013392467948,0.9293634668854139,False,0.2183500744174659
2021-06-25,2021-07-01,0.7394700676510433,0.949714645241723,False,0.21024457759067972
2021-07-02,2021-07-09,0.7459702035723458,0.9572353190742522,False,0.2112651155019064
2021-07-12,2021-07-16,0.769535668286515,0.966813984338392,False,0.19727831605187707
2021-07-19,2021-07-23,0.7409976102945541,0.9388546644426918,False,0.1978570541481377
2021-07-26,2021-07-30,0.7573710253261116,0.917429035439743,False,0.1600580101136314
2021-08-02,2021-08-06,0.7743863449675588,0.9344148724575527,False,0.16002852748999397
2021-08-09,2021-08-13,0.7372161239921509,0.8841790044243295,False,0.14696288043217864
2021-08-16,2021-08-20,0.7304174885031647,0.8883806638037418,False,0.15796317530057713
2021-08-23,2021-08-27,0.7874735965303109,0.9374914592015238,False,0.15001786267121286
2021-08-30,2021-09-03,0.8141610466896794,0.9649237158240116,False,0.15076266913433223
2021-09-07,2021-09-13,0.7748139519093741,0.923856496125472,False,0.14904254421609797
2021-09-14,2021-09-20,0.7895638790003044,0.9555560048813303,False,0.16599212588102585
2021-09-21,2021-09-27,0.8645078791735086,0.9815239377893921,False,0.11701605861588349
2021-09-28,2021-10-04,0.8722523694570408,0.9588343635296133,False,0.0865819940725725
2021-10-05,2021-10-11,0.8854318511061458,0.9621369782800185,False,0.07670512717387279
2021-10-12,2021-10-18,0.8175464424030869,0.8962795624915083,False,0.07873312008842137
2021-10-19,2021-10-25,0.7558347438110082,0.8260941346918589,False,0.07025939088085065
2021-10-26,2021-11-01,0.7507564926815962,0.838922701152217,False,0.08816620847062084
2021-11-02,2021-11-08,0.7177244930912596,0.8030893938584228,False,0.08536490076716319
2021-11-09,2021-11-15,0.6552629705694023,0.7184661116928723,False,0.06320314112347003
2021-11-16,2021-11-22,0.6121401061194054,0.6414049173410901,False,0.029264811221684672
2021-11-23,2021-11-30,0.6155154417374259,0.6792137070046712,False,0.06369826526724531
2021-12-01,2021-12-07,0.6282471096663239,0.6910264148327032,False,0.0627793051663793
2021-12-08,2021-12-14,0.6067112839910603,0.6527081539310011,False,0.04599686993994079
2021-12-15,2021-12-21,0.602264383971271,0.6419529652127984,False,0.03968858124152741
2021-12-22,2021-12-29,0.5407558809522823,0.47475080335604825,True,-0.06600507759623409
2021-12-30,2022-01-05,0.29244230742319,0.2085698330077816,True,-0.0838724744154084
2022-01-06,2022-01-12,0.12876125801266602,0.06452685069303692,True,-0.06423440731962911
2022-01-13,2022-01-20,0.07436481211225225,0.11274578567890292,False,0.03838097356665067
2022-01-21,2022-01-27,0.0031472672173440755,0.18605054852613645,False,0.18290328130879238
2022-01-28,2022-02-03,0.013698303012052954,0.1690483179729715,False,0.15535001496091855
2022-02-04,2022-02-10,0.034783936376427134,0.15205125594471589,False,0.11726731956828876
2022-02-11,2022-02-17,0.04852240781575098,0.14082152580295493,False,0.09229911798720394
2022-02-18,2022-02-25,0.051856353683439514,0.11496564790700756,False,0.06310929422356804
2022-02-28,2022-03-04,0.07327892044175394,0.25426708012368593,False,0.180988159681932
2022-03-07,2022-03-11,0.08306352778097029,0.28188938309547995,False,0.19882585531450966
2022-03-14,2022-03-18,0.08564024223495395,0.11575804590157153,False,0.03011780366661758
2022-03-21,2022-03-25,0.1468430772903107,0.08989684933508182,True,-0.056946227955228884
2022-03-28,2022-04-01,0.13912528828629694,0.10961507340670744,True,-0.029510214879589505
2022-04-04,2022-04-08,0.13069648194959932,0.18522424602910226,False,0.05452776407950294
2022-04-11,2022-04-18,0.04589057767699037,0.11821412987502108,False,0.07232355219803072
2022-04-19,2022-04-25,0.03513083399851563,0.10863223121291095,False,0.07350139721439532
2022-04-26,2022-05-02,0.024426326969453356,0.046893647754602266,False,0.02246732078514891
2022-05-03,2022-05-09,0.01681234030002076,0.09441031469293447,False,0.07759797439291372
2022-05-10,2022-05-16,0.02004956227895798,0.06763910834001338,False,0.0475895460610554
2022-05-17,2022-05-23,0.021875924058029208,0.07114093254977624,False,0.04926500849174703
2022-05-24,2022-05-31,0.01780120022873417,0.049132454730297856,False,0.03133125450156368
2022-06-01,2022-06-07,0.019464490351004823,0.06408256923022035,False,0.044618078879215525
2022-06-08,2022-06-14,0.10141392365841966,0.14293433671415917,False,0.041520413055739516
2022-06-15,2022-06-22,0.10568227876661866,0.049036953111124076,True,-0.056645325655494586
2022-06-23,2022-06-29,0.10770585907452221,0.09220379188013579,True,-0.015502067194386418
2022-06-30,2022-07-07,0.11879985139581906,0.04102926897963237,True,-0.07777058241618669
2022-07-08,2022-07-14,0.14885861988938973,0.06429261071700343,True,-0.0845660091723863
2022-07-15,2022-07-21,0.19437850583214322,0.12851088355664678,True,-0.06586762227549645
2022-07-22,2022-07-28,0.19938423071088948,0.13073383285041404,True,-0.06865039786047544
2022-07-29,2022-08-04,0.218583298615676,0.1610590708277636,True,-0.057524227787912385
2022-08-05,2022-08-11,0.1872552501641727,0.1342263909248834,True,-0.053028859239289294
2022-08-12,2022-08-18,0.10331867183586303,0.03937415154133166,True,-0.06394452029453138
2022-08-19,2022-08-25,0.12321164547296222,0.04344719274713727,True,-0.07976445272582494
2022-08-26,2022-09-01,0.11890009762361035,0.03145330492912565,True,-0.0874467926944847
2022-09-02,2022-09-09,0.13275110146131994,0.08870849414100104,True,-0.044042607320318894
2022-09-12,2022-09-16,0.14684933828684107,0.10287014163668946,True,-0.04397919665015161
2022-09-19,2022-09-23,0.1697807445943121,0.12483694981287936,True,-0.04494379478143275
2022-09-26,2022-09-30,0.2383652975604022,0.21875458916874108,True,-0.019610708391661125
2022-10-03,2022-10-07,0.21118630440689867,0.18948046336574362,True,-0.021705841041155055
2022-10-10,2022-10-14,0.25981801662662496,0.24040864317975164,True,-0.019409373446873324
2022-10-17,2022-10-21,0.12106779055462687,0.0831455818741376,True,-0.03792220868048926
2022-10-24,2022-10-28,0.036815381064024,0.023445579290106204,True,-0.013369801773917799
2022-10-31,2022-11-04,0.03507593057505355,0.016337515240893347,True,-0.018738415334160204
2022-11-07,2022-11-11,0.04644908875648821,0.043304096668419154,True,-0.0031449920880690582
2022-11-14,2022-11-18,0.03219405033276123,0.06870061772624705,False,0.036506567393485824
2022-11-21,2022-11-28,0.021521846825357054,0.11801785230014446,False,0.0964960054747874
2022-11-29,2022-12-05,0.013426661445285459,0.10365888391970726,False,0.09023222247442181
2022-12-06,2022-12-12,0.022046309333023307,0.0953749129602551,False,0.0733286036272318
2022-12-13,2022-12-19,0.07281290788215289,0.041408826408135674,True,-0.031404081474017215
2022-12-20,2022-12-27,0.10144589461852276,0.012142853969532085,True,-0.08930304064899067
2022-12-28,2023-01-04,0.1461613277647753,0.1200998650992191,True,-0.0260614626655562
2023-01-05,2023-01-11,0.18227990419712467,0.26941170802745146,False,0.08713180383032679
2023-01-12,2023-01-19,0.13135142950488193,0.14773704792577189,False,0.016385618420889952
2023-01-20,2023-01-26,0.15154914763963515,0.1612019327282844,False,0.009652785088649252
2023-01-27,2023-02-02,0.16178105778226637,0.18030358439196686,False,0.018522526609700496
2023-02-03,2023-02-09,0.16801742276382567,0.23527811612883553,False,0.06726069336500987
2023-02-10,2023-02-16,0.18564377265580317,0.27337184148749294,False,0.08772806883168976
2023-02-17,2023-02-24,0.2206178741976336,0.28915499538861594,False,0.06853712119098235
2023-02-27,2023-03-03,0.21251059732117755,0.25699137929235893,False,0.04448078197118138
2023-03-06,2023-03-10,0.2581883643697188,0.27177466760479896,False,0.013586303235080144
2023-03-13,2023-03-17,0.31064165640661495,0.3041889459161723,True,-0.006452710490442659
2023-03-20,2023-03-24,0.3713900312354585,0.38815343651981926,False,0.016763405284360766
2023-03-27,2023-03-31,0.3714946551538688,0.38540199303044836,False,0.01390733787657955
2023-04-03,2023-04-10,0.35534519078021726,0.33304900126546555,True,-0.022296189514751708
2023-04-11,2023-04-17,0.24540567786303763,0.20978713169650426,True,-0.03561854616653337
2023-04-18,2023-04-24,0.19456401855023556,0.12349791384812984,True,-0.07106610470210571
2023-04-25,2023-05-01,0.23903498714010932,0.1719989195377271,True,-0.0670360676023822
2023-05-02,2023-05-08,0.2454419379059521,0.16914813597618183,True,-0.07629380192977026
2023-05-09,2023-05-15,0.30338323949909973,0.2603024660818555,True,-0.043080773417244256
2023-05-16,2023-05-22,0.299821054025899,0.29232008751383887,True,-0.007500966512060114
2023-05-23,2023-05-30,0.2924505022507056,0.23511727438955696,True,-0.05733322786114867
2023-05-31,2023-06-06,0.2817487191576239,0.22485344709756858,True,-0.05689527206005532
2023-06-07,2023-06-13,0.2568177460944443,0.24066602379989205,True,-0.01615172229455225
2023-06-14,2023-06-21,0.2574288322612285,0.27826287139491374,False,0.020834039133685256
2023-06-22,2023-06-28,0.2827331440428473,0.23709607175984698,True,-0.04563707228300029
2023-06-29,2023-07-06,0.3010209954459167,0.3424655089461314,False,0.04144451350021472
2023-07-07,2023-07-13,0.3003109930761229,0.37982772829741585,False,0.07951673522129293
2023-07-14,2023-07-20,0.27511284996517865,0.3514958778484939,False,0.07638302788331525
2023-07-21,2023-07-27,0.2457339404941834,0.326871380867814,False,0.08113744037363058
2023-07-28,2023-08-03,0.22826698158168018,0.3184051252027739,False,0.09013814362109374
2023-08-04,2023-08-10,0.22596258736028246,0.3118129352911775,False,0.08585034793089502
2023-08-11,2023-08-17,0.29141326624405056,0.37390838400113585,False,0.08249511775708529
2023-08-18,2023-08-24,0.33845572610566066,0.4092115259420777,False,0.07075579983641705
2023-08-25,2023-08-31,0.3624978288444866,0.41567977572399883,False,0.05318194687951222
2023-09-01,2023-09-08,0.3462297885870534,0.3845454560369609,False,0.0383156674499075
2023-09-11,2023-09-15,0.2965971480801586,0.3300611348554323,False,0.033463986775273735
2023-09-18,2023-09-22,0.3054680169907432,0.32612288842897563,False,0.020654871438232414
2023-09-25,2023-09-29,0.31615980953804457,0.3353495217345769,False,0.019189712196532316
2023-10-02,2023-10-06,0.31873834864042494,0.2867704286053288,True,-0.03196792003509613
2023-10-09,2023-10-13,0.30980631982004486,0.1642186279043595,True,-0.14558769191568535
2023-10-16,2023-10-20,0.3349547040539961,0.18343159756904384,True,-0.15152310648495224
2023-10-23,2023-10-27,0.37364719647420197,0.21736678588411468,True,-0.1562804105900873
2023-10-30,2023-11-03,0.36477598239927816,0.2060005795154515,True,-0.15877540288382666
2023-11-06,2023-11-10,0.4224234264294685,0.2886486575020669,True,-0.1337747689274016
2023-11-13,2023-11-17,0.4065797147956567,0.2782289787310367,True,-0.12835073606462
2023-11-20,2023-11-27,0.39749563227058593,0.2666420523613118,True,-0.13085357990927415
2023-11-28,2023-12-04,0.38893361321366715,0.2963651202780615,True,-0.09256849293560565
2023-12-05,2023-12-11,0.3610039138299379,0.24445270958544824,True,-0.11655120424448967
2023-12-12,2023-12-18,0.2811152121205597,0.10807174647284279,True,-0.1730434656477169
2023-12-19,2023-12-26,0.258177240235614,0.08317376500815117,True,-0.17500347522746285
2023-12-27,2024-01-03,0.1814468700502275,0.05045423979979298,True,-0.1309926302504345
2024-01-04,2024-01-10,0.10954233190613202,0.048751644598803344,True,-0.06079068730732868
2024-01-11,2024-01-18,0.17759386326646878,0.033347061352999564,True,-0.14424680191346922
2024-01-19,2024-01-25,0.20101063552224105,0.055583570172090604,True,-0.14542706535015043
2024-01-26,2024-02-01,0.186692034693053,0.041849129252491735,True,-0.14484290544056128
2024-02-02,2024-02-08,0.22240935823261848,0.06013752613514185,True,-0.16227183209747664
2024-02-09,2024-02-15,0.22812583061424005,0.0625066195242464,True,-0.16561921108999367
2024-02-16,2024-02-23,0.13883102502402062,0.030051273656749523,True,-0.1087797513672711
2024-02-26,2024-03-01,0.10133949574064105,0.0643553846664059,True,-0.036984111074235146
2024-03-04,2024-03-08,0.03867933922380747,0.17720499400781525,False,0.13852565478400777
2024-03-11,2024-03-15,0.018027418638598563,0.1840080609933202,False,0.16598064235472165
2024-03-18,2024-03-22,0.05442871715736086,0.1385157940208208,False,0.08408707686345993
2024-03-25,2024-04-01,0.052090766834656986,0.14631876831011525,False,0.09422800147545826
2024-04-02,2024-04-08,0.07512620904696163,0.25215983065457837,False,0.17703362160761674
2024-04-09,2024-04-15,0.03880628163294128,0.16167504200430285,False,0.12286876037136157
2024-04-16,2024-04-22,0.07030602406198545,0.1068712502810254,False,0.036565226219039945
2024-04-23,2024-04-29,0.0499156349416316,0.12189667491349376,False,0.07198103997186217
2024-04-30,2024-05-06,0.08150682468000137,0.08547870758772072,False,0.003971882907719354
2024-05-07,2024-05-13,0.09911812237497175,0.061777907215890604,True,-0.03734021515908115
2024-05-14,2024-05-20,0.08154520845199387,0.07451618533334939,True,-0.0070290231186444785
2024-05-21,2024-05-28,0.11111800230290836,0.04772672798534584,True,-0.06339127431756252
2024-05-29,2024-06-04,0.10748405210061888,0.04406240916186038,True,-0.0634216429387585
2024-06-05,2024-06-11,0.12784594076028216,0.02043615722944946,True,-0.1074097835308327
2024-06-12,2024-06-18,0.15677547307272371,0.008976565640487998,True,-0.14779890743223573
2024-06-20,2024-06-26,0.19716357875252846,0.05342437392017161,True,-0.14373920483235686
2024-06-27,2024-07-03,0.19080015957437318,0.04907795313272332,True,-0.14172220644164987
2024-07-05,2024-07-11,0.16113732293209765,0.021350116215835314,True,-0.13978720671626232
2024-07-12,2024-07-18,0.14988113168572897,0.013210271766885185,True,-0.13667085991884378
2024-07-19,2024-07-25,0.19628321856598283,0.05760744592596697,True,-0.13867577264001585
2024-07-26,2024-08-01,0.1612031279130855,0.024134645324190285,True,-0.1370684825888952
2024-08-02,2024-08-08,0.1863477863052015,0.05311132741474369,True,-0.1332364588904578
2024-08-09,2024-08-15,0.15661982441148617,0.019199090684648402,True,-0.13742073372683777
2024-08-16,2024-08-22,0.1401375012525322,0.00840031377772793,True,-0.13173718747480426
2024-08-23,2024-08-29,0.13736641415641893,0.005309176477916266,True,-0.13205723767850266
2024-08-30,2024-09-06,0.14580279481786496,0.027316572011743888,True,-0.11848622280612106
2024-09-09,2024-09-13,0.2224901163529812,0.0925525613171145,True,-0.12993755503586668
2024-09-16,2024-09-20,0.23238055965176524,0.102506728234246,True,-0.12987383141751924
2024-09-23,2024-09-27,0.23180918383746488,0.10720146227597635,True,-0.12460772156148853
2024-09-30,2024-10-04,0.23736250772915782,0.11754089262852352,True,-0.1198216151006343
2024-10-07,2024-10-11,0.22590792193681758,0.10621659923928109,True,-0.11969132269753649
2024-10-14,2024-10-18,0.16140269420516326,0.04318384304884574,True,-0.11821885115631753
2024-10-21,2024-10-25,0.20583775800682633,0.15042215746574375,True,-0.05541560054108258
2024-10-28,2024-11-01,0.2532327932761963,0.36093959131456943,False,0.10770679803837313
2024-11-04,2024-11-08,0.22030144728401782,0.24119314853801094,False,0.020891701253993117
2024-11-11,2024-11-15,0.15159574741721013,0.24365535901261387,False,0.09205961159540374
2024-11-18,2024-11-22,0.1177140248381318,0.07691749668223216,True,-0.04079652815589964
2024-11-25,2024-12-02,0.10542184131691532,0.011632910707257305,True,-0.09378893060965801
2024-12-03,2024-12-09,0.11718096475673936,0.023567269349695635,True,-0.09361369540704373
2024-12-10,2024-12-16,0.1563161664585893,0.051130991887501254,True,-0.10518517457108806
2024-12-17,2024-12-23,0.20307116696937894,0.09700833952795763,True,-0.1060628274414213
2024-12-24,2024-12-31,0.19193836760968613,0.11848870356949,True,-0.07344966404019614
2025-01-02,2025-01-08,0.2674198041012467,0.582445019760583,False,0.31502521565933633
2025-01-10,2025-01-16,0.18155589231536795,0.5034015392133696,False,0.32184564689800166
2025-01-17,2025-01-24,0.10453457044101126,0.4371741417495655,False,0.3326395713085542
2025-01-27,2025-01-31,0.09813542294920925,0.41499210326873276,False,0.3168566803195235
2025-02-03,2025-02-07,0.11711248077412625,0.43511445323743,False,0.31800197246330375
2025-02-10,2025-02-14,0.06763621843632787,0.3819352489845913,False,0.3142990305482634
2025-02-18,2025-02-24,0.07053647572632951,0.3800215203931522,False,0.3094850446668227
2025-02-25,2025-03-03,0.09357133902091852,0.33636891011549014,False,0.24279757109457162
2025-03-04,2025-03-10,0.089498568289171,0.15946962735050088,False,0.06997105906132989
2025-03-11,2025-03-17,0.11501645141777098,0.007120944614885205,True,-0.10789550680288577
2025-03-18,2025-03-24,0.08395268446555276,0.02978791595036947,True,-0.054164768515183294
2025-03-25,2025-03-31,0.05145994294415566,0.06307711239156218,False,0.011617169447406518
2025-04-01,2025-04-07,0.1798413523376619,0.12110298056391033,True,-0.058738371773751574
2025-04-08,2025-04-14,0.25634491789254243,0.49534197042543066,False,0.23899705253288822
2025-04-15,2025-04-22,0.2784860236851485,0.6119749095883134,False,0.33348888590316483
2025-04-23,2025-04-29,0.22444323206836922,0.5437155725730253,False,0.319272340504656
2025-04-30,2025-05-06,0.20070683420761473,0.5197040527801718,False,0.31899721857255714
2025-05-07,2025-05-13,0.14672171060436007,0.46818136869382965,False,0.3214596580894696
2025-05-14,2025-05-20,0.10190877800602668,0.424113727267045,False,0.3222049492610183
2025-05-21,2025-05-28,0.11748420061526291,0.420775790421291,False,0.3032915898060281
