date,no_tilt,static_tilt_original,static_tilt_tau_aware
2025-01-02,100000.0,100000.0,100000.0
2025-01-03,100592.70075898869,100592.70075898869,100592.70075898869
2025-01-06,101850.14362035335,101850.14362035335,101850.14362035335
2025-01-07,100101.69268927333,100101.69268927333,100101.69268927333
2025-01-08,99677.44467352443,99677.44467352443,99677.44467352443
2025-01-10,99518.6831576712,99518.6831576712,99518.6831576712
2025-01-13,99223.8919705663,99223.8919705663,99223.8919705663
2025-01-14,99868.75129047455,99868.75129047455,99868.75129047455
2025-01-15,102047.77901512281,101983.07132241392,101983.07132241392
2025-01-16,102084.11221444696,102111.10293315303,102111.10293315303
2025-01-17,103877.09320520787,103904.5579824576,103904.5579824576
2025-01-21,104684.3414221512,104682.21662527593,104682.21662527593
2025-01-22,104234.07448079361,104231.9588230673,104231.9588230673
2025-01-23,104419.54806590803,104417.42864359106,104417.42864359106
2025-01-24,104673.84605670173,104671.72147285278,104671.72147285278
2025-01-27,103093.46362283548,103091.37111629256,103091.37111629256
2025-01-28,103444.40782894322,103442.30819922274,103442.30819922274
2025-01-29,104061.76138131387,104059.64922105748,104059.64922105748
2025-01-30,105056.40468237957,105130.63338885932,105130.63338885932
2025-01-31,104095.5349600061,104169.08475388835,104169.08475388835
2025-02-03,103851.85445012979,103925.2320689876,103925.2320689876
2025-02-04,103070.8023824065,103143.62814071991,103143.62814071991
2025-02-05,103025.23963844117,103098.03320391914,103098.03320391914
2025-02-06,102983.52234112266,103056.28643080592,103056.28643080592
2025-02-07,102785.07041535551,102857.69428674564,102857.69428674564
2025-02-10,103717.66174955171,103790.94455314707,103790.94455314707
2025-02-11,103118.31786520602,103191.17719608302,103191.17719608302
2025-02-12,103619.57408266913,103692.78758139291,103692.78758139291
2025-02-13,103698.55758641855,103810.59476745265,103810.59476745265
2025-02-14,103616.39777346315,103728.3461880375,103728.3461880375
2025-02-18,103462.83067113394,103574.61316994586,103574.61316994586
2025-02-19,103807.49435201746,103919.64922965615,103919.64922965615
2025-02-20,104337.90921387094,104465.62219658674,104465.62219658674
2025-02-21,103156.76922898862,103364.31876545305,103364.31876545305
2025-02-24,101600.4352714352,101804.85349238937,101804.85349238937
2025-02-25,100228.58389066848,100430.241971689,100430.241971689
2025-02-26,98903.87383758221,99102.86662615977,99102.86662615977
2025-02-27,98304.22204792006,98502.00834804402,98502.00834804402
2025-02-28,98378.6471921859,98576.58323434144,98576.58323434144
2025-03-03,98818.49819790864,99017.3192122578,99017.3192122578
2025-03-04,98872.28421291555,99071.21344374499,99071.21344374499
2025-03-05,100250.56373427488,100452.2660383395,100452.2660383395
2025-03-06,99468.95043046783,99730.41211145766,99730.41211145766
2025-03-07,98424.58146290568,98683.29794084822,98683.29794084822
2025-03-10,94753.89062206939,95002.95841071254,95002.95841071254
2025-03-11,96172.28112391263,96425.0772595757,96425.0772595757
2025-03-12,96837.0340155874,97106.45150390941,97106.45150390941
2025-03-13,95950.25074608339,96217.20104895734,96217.20104895734
2025-03-14,97641.53907703847,97913.19483850877,97913.19483850877
2025-03-17,97940.1098199489,98203.73965030095,98203.73965030095
2025-03-18,97413.46990704497,97675.68215688632,97675.68215688632
2025-03-19,99261.26515959614,99528.45120362508,99528.45120362508
2025-03-20,98312.01043739064,98657.10257483965,98657.10257483965
2025-03-21,98110.76096232166,98455.14667935262,98455.14667935262
2025-03-24,99796.67624257867,100146.97981344086,100146.97981344086
2025-03-25,99935.65477655308,100286.4461860744,100286.4461860744
2025-03-26,99362.99262313663,99711.77388958713,99711.77388958713
2025-03-27,99645.63980696294,99995.41321384854,99995.41321384854
2025-03-28,98310.49991092262,98655.58674616282,98655.58674616282
2025-03-31,98218.49090638514,98563.25477412727,98563.25477412727
2025-04-01,99263.40623011198,99611.83793112205,99611.83793112205
2025-04-02,98633.5063947515,99076.23160686377,99076.23160686377
2025-04-03,96875.90501836974,97341.24695752263,97341.24695752263
2025-04-04,94896.74956957821,95352.58466557696,95352.58466557696
2025-04-07,92714.67847164311,93180.1016530672,93180.1016530672
2025-04-08,91227.72361586524,91685.68235615641,91685.68235615641
2025-04-09,97150.17116895146,97637.86030821952,97637.86030821952
2025-04-10,95224.56377555472,96079.48854563081,96079.48854563081
2025-04-11,97539.02786165221,98414.73185715295,98414.73185715295
2025-04-14,98104.64568812824,98903.7880755062,98903.7880755062
2025-04-15,97888.36341317417,98685.74400494764,98685.74400494764
2025-04-16,98086.29406368418,98885.28696210709,98885.28696210709
2025-04-17,98270.2298825518,99070.72108830136,99070.72108830136
2025-04-21,98990.48722805941,99796.84551758037,99796.84551758037
2025-04-22,101845.03918007031,102674.65012440515,102674.65012440515
2025-04-23,101651.48023693913,102215.5378946845,102215.5378946845
2025-04-24,102817.98196059457,103430.34790750594,103430.34790750594
2025-04-25,102993.65670620065,103607.06894122127,103607.06894122127
2025-04-28,103438.97730139436,104138.99793478778,104138.99793478778
2025-04-29,103384.65779917469,104084.31082672608,104084.31082672608
2025-04-30,103265.52918028914,103964.376007959,103964.376007959
2025-05-01,103559.83216794475,104260.67068355666,104260.67068355666
2025-05-02,104272.78720377585,104977.97121732711,104977.97121732711
2025-05-05,103963.69616178928,104666.78983070332,104666.78983070332
2025-05-06,105089.42686236507,105800.13370931815,105800.13370931815
2025-05-07,105174.50310526081,105885.78531236328,105885.78531236328
2025-05-08,106818.18502054195,107540.58324593742,107540.58324593742
2025-05-09,106974.03759626135,107779.62373223492,107779.62373223492
2025-05-12,107220.6276314076,107733.44389925807,107733.44389925807
2025-05-13,107916.95969349651,108433.10638775051,108433.10638775051
2025-05-14,107275.81353356957,107690.61104105906,107690.61104105906
2025-05-15,107841.20424108815,108258.18791383253,108258.18791383253
2025-05-16,107702.10924868267,108118.55509044489,108118.55509044489
2025-05-19,108699.00201712405,109119.30248950582,109119.30248950582
2025-05-20,109305.0628337513,109727.70672826938,109727.70672826938
2025-05-21,109724.58930949653,110148.85536404054,110148.85536404054
2025-05-22,110261.03318371843,110687.37347638384,110687.37347638384
2025-05-23,109234.06520800976,109910.36434745831,109910.36434745831
2025-05-27,110081.55105809598,110763.0972232779,110763.0972232779
2025-05-28,109491.38878047539,110169.28108328636,110169.28108328636
2025-05-29,109142.59268259529,109818.32548964466,109818.32548964466
2025-05-30,108372.37600768657,109043.34018442416,109043.34018442416
2025-06-02,109682.52099643297,110361.59665310821,110361.59665310821
2025-06-03,109637.60562916723,110316.40320203983,110316.40320203983
2025-06-04,109630.88895342004,110309.64494144436,110309.64494144436
2025-06-05,108288.53991875229,108958.98504243903,108958.98504243903
2025-06-06,109305.35193016799,109982.09242597142,109982.09242597142
2025-06-09,111249.15505115368,111816.10123175899,111816.10123175899
2025-06-10,111381.1909980633,111926.6250892904,111926.6250892904
2025-06-11,110784.1529051582,111196.9553012474,111196.9553012474
2025-06-12,110538.53388704955,110614.58703199505,110614.58703199505
2025-06-13,110585.4171927249,110677.43656006314,110677.43656006314
2025-06-16,110818.60562170701,110976.4171436703,110976.4171436703
2025-06-17,109900.09841504357,110056.60193444353,110056.60193444353
2025-06-18,110038.56216089577,110195.26285995114,110195.26285995114
2025-06-20,109269.03833681736,109424.6431934807,109424.6431934807
2025-06-23,110372.87192195412,110530.04869568939,110530.04869568939
2025-06-24,110399.24254524623,110556.45687213581,110556.45687213581
2025-06-25,110887.13374395318,111032.79730029912,111032.79730029912
2025-06-26,111063.39798054809,111212.03999399042,111212.03999399042
2025-06-27,110777.00031352964,110925.25902584266,110925.25902584266
2025-06-30,111119.52714113245,111268.24427519592,111268.24427519592
2025-07-01,111015.27397483379,111163.85158137669,111163.85158137669
2025-07-02,112219.59206076288,112369.78146982913,112369.78146982913
2025-07-03,112621.09664017659,112701.26962204833,112701.26962204833
2025-07-07,111936.77733549284,112016.46316246336,112016.46316246336
2025-07-08,111916.07628679814,111995.74737705546,111995.74737705546
2025-07-09,112951.29212570697,113031.70016794898,113031.70016794898
2025-07-10,114545.55189736582,114523.58112637565,114523.58112637565
2025-07-11,115158.59652084447,115136.50816289605,115136.50816289605
2025-07-14,115895.13837522153,115806.92466466805,115806.92466466805
2025-07-15,114981.94764846734,114894.42901402817,114894.42901402817
2025-07-16,115539.29166268575,115451.34880524431,115451.34880524431
2025-07-17,115864.66670270974,115720.7615450284,115720.7615450284
2025-07-18,115562.52455123262,115418.99465734125,115418.99465734125
2025-07-21,115846.35815401384,115702.47573574618,115702.47573574618
2025-07-22,116892.55081984978,116747.36901907988,116747.36901907988
2025-07-23,116415.49608716938,116192.7955955884,116192.7955955884
2025-07-24,116141.25265328708,115919.07678385341,115919.07678385341
2025-07-25,115827.14340301754,115605.56841823236,115605.56841823236
2025-07-28,115790.05997337619,115568.55592844257,115568.55592844257
2025-07-29,115938.77814953726,115716.98960973782,115716.98960973782
2025-07-30,115718.13944741807,115496.7729849973,115496.7729849973
2025-07-31,114977.28230617031,114757.33308849008,114757.33308849008
2025-08-01,114070.2736131557,113852.05948477708,113852.05948477708
2025-08-04,115367.91910688372,115147.22260889741,115147.22260889741
2025-08-05,114985.62516265736,114765.65998526126,114765.65998526126
2025-08-06,115412.42457443413,115191.64293838773,115191.64293838773
2025-08-07,116278.8056572811,116056.36665173036,116056.36665173036
2025-08-08,116637.59642574632,116486.04056723941,116486.04056723941
2025-08-11,116525.62582201835,116374.21545520105,116374.21545520105
2025-08-12,117211.89891304943,117059.5968208308,117059.5968208308
2025-08-13,118366.13345007582,118212.33157552681,118212.33157552681
2025-08-14,116730.29783590259,116638.37021646467,116638.37021646467
2025-08-15,116289.66774334089,116198.08712957513,116198.08712957513
2025-08-18,115917.57048677024,115826.28290759472,115826.28290759472
2025-08-19,114603.48025095236,114513.22754609263,114513.22754609263
2025-08-20,115206.42725918427,115115.69972059122,115115.69972059122
2025-08-21,114477.91953988225,114387.76571678225,114387.76571678225
2025-08-22,116626.84350798574,116534.99736105549,116534.99736105549
2025-08-25,114513.9872671651,114578.65514089829,114578.65514089829
2025-08-26,115277.10366221733,115342.20247994135,115342.20247994135
2025-08-27,115308.10621994965,115373.22254531215,115373.22254531215
2025-08-28,116064.70644641084,116130.2500359799,116130.2500359799
2025-08-29,114864.41664708902,114929.28241387819,114929.28241387819
2025-09-02,116134.40082400398,116199.98377109885,116199.98377109885
2025-09-03,116880.44252242339,116946.44677115575,116946.44677115575
2025-09-04,116709.9605478149,116775.86852265908,116775.86852265908
2025-09-05,116984.43327108608,117050.49624505162,117050.49624505162
2025-09-08,117756.45514563548,117822.95409265807,117822.95409265807
2025-09-09,117726.02576418483,117792.50752725072,117792.50752725072
2025-09-10,118644.33241440415,118711.3327598714,118711.3327598714
2025-09-11,119380.8233395557,119377.48371007854,119377.48371007854
2025-09-12,119645.98870228136,119642.64165491213,119642.64165491213
2025-09-15,119874.05142519766,119933.45850797137,119933.45850797137
2025-09-16,120250.45014297012,120310.04376110755,120310.04376110755
2025-09-17,120057.42803704145,120116.92599744405,120116.92599744405
2025-09-18,120134.91414556486,120194.45050646873,120194.45050646873
2025-09-19,120118.41076696191,120177.93894913512,120177.93894913512
2025-09-22,119860.56815995333,119919.96856070166,119919.96856070166
2025-09-23,119765.76851936408,119825.12193938532,119825.12193938532
2025-09-24,119763.96380532686,119823.31633096942,119823.31633096942
2025-09-25,118352.30080254204,118410.95373740696,118410.95373740696
2025-09-26,119026.01938430846,119085.00620006818,119085.00620006818
2025-09-29,121029.66640226182,121089.6461837454,121089.6461837454
2025-09-30,121184.05215059992,121244.10844244434,121244.10844244434
2025-10-01,122995.42511708826,123056.37908764192,123056.37908764192
2025-10-02,123493.41194569287,123452.18474722591,123452.18474722591
2025-10-03,124268.68430192243,124267.67362033193,124267.67362033193
2025-10-06,125705.34569404002,125704.32332803177,125704.32332803177
2025-10-07,124884.62952547605,124883.61383438132,124883.61383438132
2025-10-08,126244.08424807193,126243.05750048402,126243.05750048402
2025-10-09,124968.93153756595,124967.91516083998,124967.91516083998
2025-10-10,121562.778328083,121561.78965372118,121561.78965372118
2025-10-13,123829.2320225632,123828.22491505356,123828.22491505356
2025-10-14,123290.31165220741,123289.30892775615,123289.30892775615
2025-10-15,122921.29117820818,122920.29145501344,122920.29145501344
2025-10-16,122529.0174231533,122528.02089033485,122528.02089033485
2025-10-17,121534.41745954905,121533.42901584717,121533.42901584717
2025-10-20,124425.5833489167,124424.57139126072,124424.57139126072
2025-10-21,122054.59199007679,122053.59931577712,122053.59931577712
2025-10-22,121268.34768216051,121267.36140241352,121267.36140241352
2025-10-23,122853.1175002347,122852.1183314989,122852.1183314989
2025-10-24,123438.1791779732,123378.17608387832,123378.17608387832
2025-10-27,124078.6013012747,124018.28689904825,124018.28689904825
2025-10-28,123537.2867849141,123477.23551477594,123477.23551477594
2025-10-29,122744.81976720979,122685.1537139741,122685.1537139741
2025-10-30,121886.73764870987,121827.48870776828,121827.48870776828
2025-10-31,122309.9169560605,122250.46230835973,122250.46230835973
2025-11-03,121498.95752647212,121541.09888032568,121541.09888032568
2025-11-04,119016.45220914939,119057.73251746682,119057.73251746682
2025-11-05,120136.75120589604,120178.42008476095,120178.42008476095
2025-11-06,118821.82711739889,118959.58054448021,118959.58054448021
2025-11-07,119710.22309083056,119849.00645990919,119849.00645990919
2025-11-10,122026.03621648384,122245.26448761948,122245.26448761948
2025-11-11,121046.131156252,121263.59895971294,121263.59895971294
2025-11-12,121308.18788979598,121526.1264964266,121526.1264964266
2025-11-13,119776.43580975846,119991.62251711638,119991.62251711638
2025-11-14,117148.5675111008,117359.0330700731,117359.0330700731
2025-11-17,115859.59653492199,116067.74636778032,116067.74636778032
2025-11-18,115845.08447579025,116053.20823672382,116053.20823672382
2025-11-19,115603.38746151527,115811.07699693253,115811.07699693253
2025-11-20,113104.12677788848,113307.3262174559,113307.3262174559
2025-11-21,112991.32944309727,113194.32623439831,113194.32623439831
2025-11-24,114908.55008464,115114.99129632591,115114.99129632591
2025-11-25,115182.49103177166,115389.4243974445,115389.4243974445
2025-11-26,116856.2382297716,117066.17859883414,117066.17859883414
2025-11-28,117536.22294885035,117807.4737950673,117807.4737950673
2025-12-01,115650.13222174057,115917.03033572796,115917.03033572796
2025-12-02,117393.30053882026,117664.22154778626,117664.22154778626
2025-12-03,118404.97307658267,118629.55604882736,118629.55604882736
2025-12-04,117984.16333319126,118265.33561701466,118265.33561701466
2025-12-05,116960.95967919915,117239.69352976099,117239.69352976099
2025-12-08,117170.8825633808,117450.11668868379,117450.11668868379
2025-12-09,118092.8087242987,118374.23992484347,118374.23992484347
2025-12-10,117965.85497511114,118234.94004936934,118234.94004936934
2025-12-11,118798.49944357862,119069.48381487218,119069.48381487218
2025-12-12,117599.0669413725,117867.31535670666,117867.31535670666
2025-12-15,116073.54822225639,116338.31686526234,116338.31686526234
2025-12-16,116554.77143492569,116820.63776830945,116820.63776830945
2025-12-17,115782.67402509361,116190.54537261862,116190.54537261862
2025-12-18,115759.75049770997,116167.54109178821,116167.54109178821
2025-12-19,117318.99337982673,117732.27676892636,117732.27676892636
2025-12-22,118182.29457840971,118700.8099651062,118700.8099651062
2025-12-23,118132.82932485624,118651.1276867,118651.1276867
2025-12-24,118365.85580103425,118885.17654794709,118885.17654794709
2025-12-26,118537.38498317986,119057.4583006916,119057.4583006916
2025-12-29,117068.89170367026,117582.52212410167,117582.52212410167
2025-12-30,117860.23103226697,118377.33339085492,118377.33339085492
2025-12-31,116876.32347876646,117389.10902147775,117389.10902147775
