credit,rate,target,tau_past,tau_future,q,n_joint,cpe,lift,n_episodes,episode_hit_rate,episode_years,reliable_n>=3
HYG,TLT,SPY,21,21,0.05,20,0.3684210526315789,0.7369330060903554,7,0.2857142857142857,"[[2009], [2013], [2013], [2016], [2022], [2022], [2023]]",True
HYG,TLT,SPY,21,21,0.1,100,0.6082474226804123,1.2166449187441655,12,0.3333333333333333,"[[2008], [2009], [2013], [2015], [2016], [2018], [2022], [2022], [2022, 2023], [2023], [2024], [2025]]",True
HYG,TLT,SPY,21,21,0.2,318,0.5434083601286174,1.0869507958457194,28,0.32142857142857145,"[[2007], [2008], [2008], [2008], [2010], [2010], [2012], [2013], [2014], [2015], [2015], [2016], [2017], [2018], [2018], [2020], [2021], [2021], [2022], [2022], [2022, 2023], [2023], [2024], [2024], [2024], [2025], [2025], [2026]]",True
HYG,TLT,SPY,21,63,0.05,20,0.1,0.20002478929102627,7,0.14285714285714285,"[[2009], [2013], [2013], [2016], [2022], [2022], [2023]]",True
HYG,TLT,SPY,21,63,0.1,100,0.46875,0.9376161998016856,9,0.3333333333333333,"[[2008], [2013], [2015], [2018], [2022], [2022], [2022, 2023], [2023], [2025]]",True
HYG,TLT,SPY,21,63,0.2,318,0.4752475247524752,0.9506128599969564,27,0.4074074074074074,"[[2007], [2008], [2008], [2008], [2009], [2009], [2010], [2010], [2012], [2013], [2014], [2015], [2015], [2016], [2017], [2018], [2020], [2021], [2021], [2022], [2022], [2022, 2023], [2024], [2024], [2024], [2025], [2026]]",True
HYG,TLT,SPY,21,126,0.05,20,0.35,0.7,7,0.14285714285714285,"[[2009], [2013], [2013], [2016], [2022], [2022], [2023]]",True
HYG,TLT,SPY,21,126,0.1,100,0.3958333333333333,0.7916666666666666,12,0.3333333333333333,"[[2008], [2009], [2013], [2015], [2016], [2018], [2022], [2022], [2022, 2023], [2023], [2024], [2025]]",True
HYG,TLT,SPY,21,126,0.2,318,0.5051194539249146,1.0102389078498293,29,0.5517241379310345,"[[2007], [2008], [2008], [2008], [2009], [2009], [2010], [2010], [2012], [2013], [2014], [2015], [2015], [2016], [2017], [2018], [2018], [2020], [2021], [2021], [2022], [2022], [2022, 2023], [2023], [2024], [2024], [2024], [2025], [2025]]",True
HYG,TLT,SPY,21,252,0.05,20,0.3888888888888889,0.7777777777777778,6,0.3333333333333333,"[[2009], [2013], [2013], [2016], [2022], [2023]]",True
HYG,TLT,SPY,21,252,0.1,100,0.4574468085106383,0.9148936170212766,11,0.45454545454545453,"[[2008], [2009], [2013], [2015], [2016], [2018], [2022], [2022], [2022, 2023], [2023], [2025]]",True
HYG,TLT,SPY,21,252,0.2,318,0.5085910652920962,1.0171821305841924,28,0.5,"[[2007], [2008], [2008], [2008], [2009], [2009], [2010], [2010], [2012], [2013], [2014], [2015], [2015], [2016], [2017], [2018], [2018], [2020], [2021], [2021], [2022], [2022], [2022, 2023], [2023], [2024], [2024], [2024], [2025]]",True
HYG,TLT,SPY,63,21,0.05,37,0.2857142857142857,0.5714990659476226,2,0.0,"[[2009], [2022]]",False
HYG,TLT,SPY,63,21,0.1,110,0.45794392523364486,0.9160008393459558,3,0.0,"[[2009], [2013], [2022]]",True
HYG,TLT,SPY,63,21,0.2,256,0.4859437751004016,0.9720074475052938,10,0.3,"[[2009], [2013], [2015], [2016], [2018], [2018], [2020], [2021], [2021, 2022], [2023]]",True
HYG,TLT,SPY,63,63,0.05,37,0.3055555555555556,0.6111868561670247,2,0.0,"[[2009], [2022]]",False
HYG,TLT,SPY,63,63,0.1,110,0.5288461538461539,1.057823404904466,3,0.0,"[[2009], [2013], [2022]]",True
HYG,TLT,SPY,63,63,0.2,256,0.49794238683127573,0.9960082100499662,8,0.375,"[[2009], [2013], [2015], [2018], [2018], [2020], [2021], [2023]]",True
HYG,TLT,SPY,63,126,0.05,37,0.37142857142857144,0.7428571428571429,2,0.0,"[[2009], [2022]]",False
HYG,TLT,SPY,63,126,0.1,110,0.6261682242990654,1.2523364485981308,3,0.3333333333333333,"[[2009], [2013], [2022]]",True
HYG,TLT,SPY,63,126,0.2,256,0.562753036437247,1.125506072874494,10,0.4,"[[2009], [2013], [2015], [2016], [2018], [2018], [2020], [2021], [2021, 2022], [2023]]",True
HYG,TLT,SPY,63,252,0.05,37,0.35294117647058826,0.7058823529411765,2,0.0,"[[2009], [2022]]",False
HYG,TLT,SPY,63,252,0.1,110,0.5754716981132075,1.150943396226415,3,0.0,"[[2009], [2013], [2022]]",True
HYG,TLT,SPY,63,252,0.2,256,0.5061224489795918,1.0122448979591836,7,0.42857142857142855,"[[2013], [2015], [2016], [2018], [2018], [2021, 2022], [2023]]",True
HYG,TLT,SPY,126,21,0.05,43,0.4146341463414634,0.8293705957044766,1,0.0,[[2022]],False
HYG,TLT,SPY,126,21,0.1,100,0.5051546391752577,1.0104339155671884,1,0.0,[[2022]],False
HYG,TLT,SPY,126,21,0.2,222,0.5483870967741935,1.0969094975446303,5,0.6,"[[2013], [2015], [2018], [2022, 2023], [2025]]",True
HYG,TLT,SPY,126,63,0.05,43,0.5476190476190477,1.0953738461175249,1,0.0,[[2022]],False
HYG,TLT,SPY,126,63,0.1,100,0.6494845360824743,1.2991300747767687,1,0.0,[[2022]],False
HYG,TLT,SPY,126,63,0.2,222,0.627906976744186,1.2559696071762114,5,0.2,"[[2013], [2015], [2018], [2022, 2023], [2025]]",True
HYG,TLT,SPY,126,126,0.05,43,0.9523809523809523,1.9047619047619047,1,0.0,[[2022]],False
HYG,TLT,SPY,126,126,0.1,100,0.8571428571428571,1.7142857142857142,1,0.0,[[2022]],False
HYG,TLT,SPY,126,126,0.2,222,0.7731481481481481,1.5462962962962963,5,0.2,"[[2013], [2015], [2018], [2022, 2023], [2025]]",True
HYG,TLT,SPY,126,252,0.05,43,0.9512195121951219,1.9024390243902438,1,0.0,[[2022]],False
HYG,TLT,SPY,126,252,0.1,100,0.8617021276595744,1.7234042553191489,1,0.0,[[2022]],False
HYG,TLT,SPY,126,252,0.2,222,0.7417840375586855,1.483568075117371,5,0.2,"[[2013], [2015], [2018], [2022, 2023], [2025]]",True
HYG,TLT,SPY,252,21,0.05,44,0.37209302325581395,0.7442778533271364,1,0.0,[[2022]],False
HYG,TLT,SPY,252,21,0.1,150,0.5448275862068965,1.089789598169087,1,0.0,[[2022]],False
HYG,TLT,SPY,252,21,0.2,252,0.5860655737704918,1.1722757479786274,2,0.5,"[[2015], [2022, 2023]]",False
HYG,TLT,SPY,252,63,0.05,44,0.23255813953488372,0.46517392858378204,1,0.0,[[2022]],False
HYG,TLT,SPY,252,63,0.1,150,0.6689655172413793,1.338096866291693,1,0.0,[[2022]],False
HYG,TLT,SPY,252,63,0.2,252,0.6337448559670782,1.267646812790866,2,0.5,"[[2015], [2022, 2023]]",False
HYG,TLT,SPY,252,126,0.05,44,0.6590909090909091,1.3181818181818181,1,0.0,[[2022]],False
HYG,TLT,SPY,252,126,0.1,150,0.8333333333333334,1.6666666666666667,1,0.0,[[2022]],False
HYG,TLT,SPY,252,126,0.2,252,0.7768595041322314,1.5537190082644627,2,0.5,"[[2015], [2022, 2023]]",False
HYG,TLT,SPY,252,252,0.05,44,0.6904761904761905,1.380952380952381,1,0.0,[[2022]],False
HYG,TLT,SPY,252,252,0.1,150,0.704225352112676,1.408450704225352,1,0.0,[[2022]],False
HYG,TLT,SPY,252,252,0.2,252,0.6666666666666666,1.3333333333333333,2,0.5,"[[2015], [2022, 2023]]",False
HYG,TLT,QQQ,21,21,0.05,20,0.42105263157894735,0.8421052631578947,7,0.2857142857142857,"[[2009], [2013], [2013], [2016], [2022], [2022], [2023]]",True
HYG,TLT,QQQ,21,21,0.1,100,0.6082474226804123,1.2164948453608246,12,0.25,"[[2008], [2009], [2013], [2015], [2016], [2018], [2022], [2022], [2022, 2023], [2023], [2024], [2025]]",True
HYG,TLT,QQQ,21,21,0.2,318,0.5209003215434084,1.0418006430868167,28,0.32142857142857145,"[[2007], [2008], [2008], [2008], [2010], [2010], [2012], [2013], [2014], [2015], [2015], [2016], [2017], [2018], [2018], [2020], [2021], [2021], [2022], [2022], [2022, 2023], [2023], [2024], [2024], [2024], [2025], [2025], [2026]]",True
HYG,TLT,QQQ,21,63,0.05,20,0.1,0.2000305436774588,7,0.0,"[[2009], [2013], [2013], [2016], [2022], [2022], [2023]]",True
HYG,TLT,QQQ,21,63,0.1,100,0.40625,0.8126240836896763,9,0.3333333333333333,"[[2008], [2013], [2015], [2018], [2022], [2022], [2022, 2023], [2023], [2025]]",True
HYG,TLT,QQQ,21,63,0.2,318,0.42244224422442245,0.8450135178453704,27,0.37037037037037035,"[[2007], [2008], [2008], [2008], [2009], [2009], [2010], [2010], [2012], [2013], [2014], [2015], [2015], [2016], [2017], [2018], [2020], [2021], [2021], [2022], [2022], [2022, 2023], [2024], [2024], [2024], [2025], [2026]]",True
HYG,TLT,QQQ,21,126,0.05,20,0.35,0.7,7,0.14285714285714285,"[[2009], [2013], [2013], [2016], [2022], [2022], [2023]]",True
HYG,TLT,QQQ,21,126,0.1,100,0.3854166666666667,0.7708333333333334,12,0.25,"[[2008], [2009], [2013], [2015], [2016], [2018], [2022], [2022], [2022, 2023], [2023], [2024], [2025]]",True
HYG,TLT,QQQ,21,126,0.2,318,0.4402730375426621,0.8805460750853242,29,0.4827586206896552,"[[2007], [2008], [2008], [2008], [2009], [2009], [2010], [2010], [2012], [2013], [2014], [2015], [2015], [2016], [2017], [2018], [2018], [2020], [2021], [2021], [2022], [2022], [2022, 2023], [2023], [2024], [2024], [2024], [2025], [2025]]",True
HYG,TLT,QQQ,21,252,0.05,20,0.3333333333333333,0.6667713896743114,6,0.16666666666666666,"[[2009], [2013], [2013], [2016], [2022], [2023]]",True
HYG,TLT,QQQ,21,252,0.1,100,0.39361702127659576,0.7873577048281764,11,0.2727272727272727,"[[2008], [2009], [2013], [2015], [2016], [2018], [2022], [2022], [2022, 2023], [2023], [2025]]",True
HYG,TLT,QQQ,21,252,0.2,318,0.4536082474226804,0.9073590045052485,28,0.4642857142857143,"[[2007], [2008], [2008], [2008], [2009], [2009], [2010], [2010], [2012], [2013], [2014], [2015], [2015], [2016], [2017], [2018], [2018], [2020], [2021], [2021], [2022], [2022], [2022, 2023], [2023], [2024], [2024], [2024], [2025]]",True
HYG,TLT,QQQ,63,21,0.05,37,0.5428571428571428,1.0857142857142856,2,0.0,"[[2009], [2022]]",False
HYG,TLT,QQQ,63,21,0.1,110,0.5887850467289719,1.1775700934579438,3,0.0,"[[2009], [2013], [2022]]",True
HYG,TLT,QQQ,63,21,0.2,256,0.5220883534136547,1.0441767068273093,10,0.3,"[[2009], [2013], [2015], [2016], [2018], [2018], [2020], [2021], [2021, 2022], [2023]]",True
HYG,TLT,QQQ,63,63,0.05,37,0.4444444444444444,0.8890246385664834,2,0.5,"[[2009], [2022]]",False
HYG,TLT,QQQ,63,63,0.1,110,0.5384615384615384,1.0770875428786242,3,0.0,"[[2009], [2013], [2022]]",True
HYG,TLT,QQQ,63,63,0.2,256,0.49794238683127573,0.9960368635791157,8,0.375,"[[2009], [2013], [2015], [2018], [2018], [2020], [2021], [2023]]",True
HYG,TLT,QQQ,63,126,0.05,37,0.4,0.8,2,0.0,"[[2009], [2022]]",False
HYG,TLT,QQQ,63,126,0.1,110,0.616822429906542,1.233644859813084,3,0.0,"[[2009], [2013], [2022]]",True
HYG,TLT,QQQ,63,126,0.2,256,0.4979757085020243,0.9959514170040485,10,0.1,"[[2009], [2013], [2015], [2016], [2018], [2018], [2020], [2021], [2021, 2022], [2023]]",True
HYG,TLT,QQQ,63,252,0.05,37,0.35294117647058826,0.7059932361257416,2,0.0,"[[2009], [2022]]",False
HYG,TLT,QQQ,63,252,0.1,110,0.5754716981132075,1.1511241916075377,3,0.0,"[[2009], [2013], [2022]]",True
HYG,TLT,QQQ,63,252,0.2,256,0.4897959183673469,0.9797457154398046,7,0.2857142857142857,"[[2013], [2015], [2016], [2018], [2018], [2021, 2022], [2023]]",True
HYG,TLT,QQQ,126,21,0.05,43,0.43902439024390244,0.8780487804878049,1,0.0,[[2022]],False
HYG,TLT,QQQ,126,21,0.1,100,0.5773195876288659,1.1546391752577319,1,1.0,[[2022]],False
HYG,TLT,QQQ,126,21,0.2,222,0.5852534562211982,1.1705069124423964,5,0.2,"[[2013], [2015], [2018], [2022, 2023], [2025]]",True
HYG,TLT,QQQ,126,63,0.05,43,0.47619047619047616,0.9525263984640894,1,0.0,[[2022]],False
HYG,TLT,QQQ,126,63,0.1,100,0.6597938144329897,1.3197891541605526,1,1.0,[[2022]],False
HYG,TLT,QQQ,126,63,0.2,222,0.6325581395348837,1.265309485587646,5,0.2,"[[2013], [2015], [2018], [2022, 2023], [2025]]",True
HYG,TLT,QQQ,126,126,0.05,43,0.9523809523809523,1.9047619047619047,1,0.0,[[2022]],False
HYG,TLT,QQQ,126,126,0.1,100,0.8673469387755102,1.7346938775510203,1,0.0,[[2022]],False
HYG,TLT,QQQ,126,126,0.2,222,0.7083333333333334,1.4166666666666667,5,0.2,"[[2013], [2015], [2018], [2022, 2023], [2025]]",True
HYG,TLT,QQQ,126,252,0.05,43,0.9512195121951219,1.9027378680949862,1,0.0,[[2022]],False
HYG,TLT,QQQ,126,252,0.1,100,0.8617021276595744,1.723674975434656,1,0.0,[[2022]],False
HYG,TLT,QQQ,126,252,0.2,222,0.6995305164319249,1.39928080368271,5,0.2,"[[2013], [2015], [2018], [2022, 2023], [2025]]",True
HYG,TLT,QQQ,252,21,0.05,44,0.46511627906976744,0.9302325581395349,1,1.0,[[2022]],False
HYG,TLT,QQQ,252,21,0.1,150,0.6275862068965518,1.2551724137931035,1,0.0,[[2022]],False
HYG,TLT,QQQ,252,21,0.2,252,0.6311475409836066,1.2622950819672132,2,0.5,"[[2015], [2022, 2023]]",False
HYG,TLT,QQQ,252,63,0.05,44,0.4186046511627907,0.83733715958006,1,1.0,[[2022]],False
HYG,TLT,QQQ,252,63,0.1,150,0.7103448275862069,1.4209066206053969,1,0.0,[[2022]],False
HYG,TLT,QQQ,252,63,0.2,252,0.5967078189300411,1.1935978943716674,2,0.5,"[[2015], [2022, 2023]]",False
HYG,TLT,QQQ,252,126,0.05,44,0.7045454545454546,1.4090909090909092,1,0.0,[[2022]],False
HYG,TLT,QQQ,252,126,0.1,150,0.7361111111111112,1.4722222222222223,1,0.0,[[2022]],False
HYG,TLT,QQQ,252,126,0.2,252,0.6487603305785123,1.2975206611570247,2,0.5,"[[2015], [2022, 2023]]",False
HYG,TLT,QQQ,252,252,0.05,44,0.5952380952380952,1.1906631958469847,1,0.0,[[2022]],False
HYG,TLT,QQQ,252,252,0.1,150,0.6619718309859155,1.324151633015182,1,0.0,[[2022]],False
HYG,TLT,QQQ,252,252,0.2,252,0.6,1.2001885014137605,2,0.5,"[[2015], [2022, 2023]]",False
HYG,TLT,IWM,21,21,0.05,20,0.42105263157894735,0.8421052631578947,7,0.2857142857142857,"[[2009], [2013], [2013], [2016], [2022], [2022], [2023]]",True
HYG,TLT,IWM,21,21,0.1,100,0.5567010309278351,1.1134020618556701,12,0.25,"[[2008], [2009], [2013], [2015], [2016], [2018], [2022], [2022], [2022, 2023], [2023], [2024], [2025]]",True
HYG,TLT,IWM,21,21,0.2,318,0.5209003215434084,1.0418006430868167,28,0.35714285714285715,"[[2007], [2008], [2008], [2008], [2010], [2010], [2012], [2013], [2014], [2015], [2015], [2016], [2017], [2018], [2018], [2020], [2021], [2021], [2022], [2022], [2022, 2023], [2023], [2024], [2024], [2024], [2025], [2025], [2026]]",True
HYG,TLT,IWM,21,63,0.05,20,0.1,0.2,7,0.14285714285714285,"[[2009], [2013], [2013], [2016], [2022], [2022], [2023]]",True
HYG,TLT,IWM,21,63,0.1,100,0.40625,0.8125,9,0.3333333333333333,"[[2008], [2013], [2015], [2018], [2022], [2022], [2022, 2023], [2023], [2025]]",True
HYG,TLT,IWM,21,63,0.2,318,0.46204620462046203,0.9240924092409241,27,0.4444444444444444,"[[2007], [2008], [2008], [2008], [2009], [2009], [2010], [2010], [2012], [2013], [2014], [2015], [2015], [2016], [2017], [2018], [2020], [2021], [2021], [2022], [2022], [2022, 2023], [2024], [2024], [2024], [2025], [2026]]",True
HYG,TLT,IWM,21,126,0.05,20,0.3,0.600097055968942,7,0.14285714285714285,"[[2009], [2013], [2013], [2016], [2022], [2022], [2023]]",True
HYG,TLT,IWM,21,126,0.1,100,0.4270833333333333,0.8543048366224522,12,0.25,"[[2008], [2009], [2013], [2015], [2016], [2018], [2022], [2022], [2022, 2023], [2023], [2024], [2025]]",True
HYG,TLT,IWM,21,126,0.2,318,0.5119453924914675,1.024056409503314,29,0.4482758620689655,"[[2007], [2008], [2008], [2008], [2009], [2009], [2010], [2010], [2012], [2013], [2014], [2015], [2015], [2016], [2017], [2018], [2018], [2020], [2021], [2021], [2022], [2022], [2022, 2023], [2023], [2024], [2024], [2024], [2025], [2025]]",True
HYG,TLT,IWM,21,252,0.05,20,0.1111111111111111,0.2222588442100637,6,0.16666666666666666,"[[2009], [2013], [2013], [2016], [2022], [2023]]",True
HYG,TLT,IWM,21,252,0.1,100,0.40425531914893614,0.8086438799983169,11,0.2727272727272727,"[[2008], [2009], [2013], [2015], [2016], [2018], [2022], [2022], [2022, 2023], [2023], [2025]]",True
HYG,TLT,IWM,21,252,0.2,318,0.5189003436426117,1.037971715743906,28,0.4642857142857143,"[[2007], [2008], [2008], [2008], [2009], [2009], [2010], [2010], [2012], [2013], [2014], [2015], [2015], [2016], [2017], [2018], [2018], [2020], [2021], [2021], [2022], [2022], [2022, 2023], [2023], [2024], [2024], [2024], [2025]]",True
HYG,TLT,IWM,63,21,0.05,37,0.2,0.4,2,0.0,"[[2009], [2022]]",False
HYG,TLT,IWM,63,21,0.1,110,0.45794392523364486,0.9158878504672897,3,0.0,"[[2009], [2013], [2022]]",True
HYG,TLT,IWM,63,21,0.2,256,0.5020080321285141,1.0040160642570282,10,0.5,"[[2009], [2013], [2015], [2016], [2018], [2018], [2020], [2021], [2021, 2022], [2023]]",True
HYG,TLT,IWM,63,63,0.05,37,0.2777777777777778,0.5555555555555556,2,0.0,"[[2009], [2022]]",False
HYG,TLT,IWM,63,63,0.1,110,0.49038461538461536,0.9807692307692307,3,0.0,"[[2009], [2013], [2022]]",True
HYG,TLT,IWM,63,63,0.2,256,0.4567901234567901,0.9135802469135802,8,0.375,"[[2009], [2013], [2015], [2018], [2018], [2020], [2021], [2023]]",True
HYG,TLT,IWM,63,126,0.05,37,0.2857142857142857,0.5715210056847067,2,0.0,"[[2009], [2022]]",False
HYG,TLT,IWM,63,126,0.1,110,0.5327102803738317,1.0655929031224203,3,0.3333333333333333,"[[2009], [2013], [2022]]",True
HYG,TLT,IWM,63,126,0.2,256,0.4331983805668016,0.8665369094288367,10,0.4,"[[2009], [2013], [2015], [2016], [2018], [2018], [2020], [2021], [2021, 2022], [2023]]",True
HYG,TLT,IWM,63,252,0.05,37,0.35294117647058826,0.7059986816084377,2,0.0,"[[2009], [2022]]",False
HYG,TLT,IWM,63,252,0.1,110,0.5471698113207547,1.094519968657106,3,0.0,"[[2009], [2013], [2022]]",True
HYG,TLT,IWM,63,252,0.2,256,0.5224489795918368,1.0450701572652792,7,0.5714285714285714,"[[2013], [2015], [2016], [2018], [2018], [2021, 2022], [2023]]",True
HYG,TLT,IWM,126,21,0.05,43,0.34146341463414637,0.6829268292682927,1,0.0,[[2022]],False
HYG,TLT,IWM,126,21,0.1,100,0.4742268041237113,0.9484536082474226,1,0.0,[[2022]],False
HYG,TLT,IWM,126,21,0.2,222,0.5483870967741935,1.096774193548387,5,0.6,"[[2013], [2015], [2018], [2022, 2023], [2025]]",True
HYG,TLT,IWM,126,63,0.05,43,0.40476190476190477,0.8095238095238095,1,0.0,[[2022]],False
HYG,TLT,IWM,126,63,0.1,100,0.5463917525773195,1.092783505154639,1,0.0,[[2022]],False
HYG,TLT,IWM,126,63,0.2,222,0.5488372093023256,1.0976744186046512,5,0.2,"[[2013], [2015], [2018], [2022, 2023], [2025]]",True
HYG,TLT,IWM,126,126,0.05,43,0.5714285714285714,1.1430420113694133,1,0.0,[[2022]],False
HYG,TLT,IWM,126,126,0.1,100,0.6530612244897959,1.3063337272793296,1,0.0,[[2022]],False
HYG,TLT,IWM,126,126,0.2,222,0.6944444444444444,1.3891135554836622,5,0.2,"[[2013], [2015], [2018], [2022, 2023], [2025]]",True
HYG,TLT,IWM,126,252,0.05,43,0.6097560975609756,1.2197131694454715,1,0.0,[[2022]],False
HYG,TLT,IWM,126,252,0.1,100,0.723404255319149,1.447046943154883,1,1.0,[[2022]],False
HYG,TLT,IWM,126,252,0.2,222,0.7511737089201878,1.5025950031102897,5,0.2,"[[2013], [2015], [2018], [2022, 2023], [2025]]",True
HYG,TLT,IWM,252,21,0.05,44,0.3488372093023256,0.6976744186046512,1,0.0,[[2022]],False
HYG,TLT,IWM,252,21,0.1,150,0.5310344827586206,1.0620689655172413,1,0.0,[[2022]],False
HYG,TLT,IWM,252,21,0.2,252,0.610655737704918,1.221311475409836,2,1.0,"[[2015], [2022, 2023]]",False
HYG,TLT,IWM,252,63,0.05,44,0.11627906976744186,0.23255813953488372,1,0.0,[[2022]],False
HYG,TLT,IWM,252,63,0.1,150,0.5862068965517241,1.1724137931034482,1,0.0,[[2022]],False
HYG,TLT,IWM,252,63,0.2,252,0.5843621399176955,1.168724279835391,2,0.5,"[[2015], [2022, 2023]]",False
HYG,TLT,IWM,252,126,0.05,44,0.2727272727272727,0.5455427781535837,1,0.0,[[2022]],False
HYG,TLT,IWM,252,126,0.1,150,0.6527777777777778,1.3057667421546424,1,1.0,[[2022]],False
HYG,TLT,IWM,252,126,0.2,252,0.7396694214876033,1.479578140749871,2,0.5,"[[2015], [2022, 2023]]",False
HYG,TLT,IWM,252,252,0.05,44,0.5,1.0001647989452866,1,0.0,[[2022]],False
HYG,TLT,IWM,252,252,0.1,150,0.7394366197183099,1.4791169561866917,1,0.0,[[2022]],False
HYG,TLT,IWM,252,252,0.2,252,0.7583333333333333,1.5169166117336847,2,0.0,"[[2015], [2022, 2023]]",False
HYG,TLT,DIA,21,21,0.05,20,0.3684210526315789,0.7369494853426191,7,0.2857142857142857,"[[2009], [2013], [2013], [2016], [2022], [2022], [2023]]",True
HYG,TLT,DIA,21,21,0.1,100,0.5773195876288659,1.1548074409492588,12,0.3333333333333333,"[[2008], [2009], [2013], [2015], [2016], [2018], [2022], [2022], [2022, 2023], [2023], [2024], [2025]]",True
HYG,TLT,DIA,21,21,0.2,318,0.5305466237942122,1.0612478808218242,28,0.35714285714285715,"[[2007], [2008], [2008], [2008], [2010], [2010], [2012], [2013], [2014], [2015], [2015], [2016], [2017], [2018], [2018], [2020], [2021], [2021], [2022], [2022], [2022, 2023], [2023], [2024], [2024], [2024], [2025], [2025], [2026]]",True
HYG,TLT,DIA,21,63,0.05,20,0.05,0.10001465416178196,7,0.14285714285714285,"[[2009], [2013], [2013], [2016], [2022], [2022], [2023]]",True
HYG,TLT,DIA,21,63,0.1,100,0.4479166666666667,0.8959646101992966,9,0.3333333333333333,"[[2008], [2013], [2015], [2018], [2022], [2022], [2022, 2023], [2023], [2025]]",True
HYG,TLT,DIA,21,63,0.2,318,0.48514851485148514,0.9704392185994684,27,0.37037037037037035,"[[2007], [2008], [2008], [2008], [2009], [2009], [2010], [2010], [2012], [2013], [2014], [2015], [2015], [2016], [2017], [2018], [2020], [2021], [2021], [2022], [2022], [2022, 2023], [2024], [2024], [2024], [2025], [2026]]",True
HYG,TLT,DIA,21,126,0.05,20,0.25,0.5000739863865049,7,0.14285714285714285,"[[2009], [2013], [2013], [2016], [2022], [2022], [2023]]",True
HYG,TLT,DIA,21,126,0.1,100,0.3541666666666667,0.708438147380882,12,0.25,"[[2008], [2009], [2013], [2015], [2016], [2018], [2022], [2022], [2022, 2023], [2023], [2024], [2025]]",True
HYG,TLT,DIA,21,126,0.2,318,0.48464163822525597,0.9694267039847603,29,0.5172413793103449,"[[2007], [2008], [2008], [2008], [2009], [2009], [2010], [2010], [2012], [2013], [2014], [2015], [2015], [2016], [2017], [2018], [2018], [2020], [2021], [2021], [2022], [2022], [2022, 2023], [2023], [2024], [2024], [2024], [2025], [2025]]",True
HYG,TLT,DIA,21,252,0.05,20,0.16666666666666666,0.3333835190203754,6,0.3333333333333333,"[[2009], [2013], [2013], [2016], [2022], [2023]]",True
HYG,TLT,DIA,21,252,0.1,100,0.43617021276595747,0.8724717625426845,11,0.45454545454545453,"[[2008], [2009], [2013], [2015], [2016], [2018], [2022], [2022], [2022, 2023], [2023], [2025]]",True
HYG,TLT,DIA,21,252,0.2,318,0.49828178694158076,0.9967136135660708,28,0.4642857142857143,"[[2007], [2008], [2008], [2008], [2009], [2009], [2010], [2010], [2012], [2013], [2014], [2015], [2015], [2016], [2017], [2018], [2018], [2020], [2021], [2021], [2022], [2022], [2022, 2023], [2023], [2024], [2024], [2024], [2025]]",True
HYG,TLT,DIA,63,21,0.05,37,0.17142857142857143,0.34290710746554526,2,0.0,"[[2009], [2022]]",False
HYG,TLT,DIA,63,21,0.1,110,0.42990654205607476,0.8599383847656197,3,0.0,"[[2009], [2013], [2022]]",True
HYG,TLT,DIA,63,21,0.2,256,0.46987951807228917,0.9398959873302596,10,0.3,"[[2009], [2013], [2015], [2016], [2018], [2018], [2020], [2021], [2021, 2022], [2023]]",True
HYG,TLT,DIA,63,63,0.05,37,0.25,0.5000732708089097,2,0.0,"[[2009], [2022]]",False
HYG,TLT,DIA,63,63,0.1,110,0.5384615384615384,1.0770808909730363,3,0.0,"[[2009], [2013], [2022]]",True
HYG,TLT,DIA,63,63,0.2,256,0.5473251028806584,1.0948106175734154,8,0.375,"[[2009], [2013], [2015], [2018], [2018], [2020], [2021], [2023]]",True
HYG,TLT,DIA,63,126,0.05,37,0.37142857142857144,0.7429670654885215,2,0.0,"[[2009], [2022]]",False
HYG,TLT,DIA,63,126,0.1,110,0.5981308411214953,1.1964386964013574,3,0.3333333333333333,"[[2009], [2013], [2022]]",True
HYG,TLT,DIA,63,126,0.2,256,0.5384615384615384,1.0770824322170873,10,0.4,"[[2009], [2013], [2015], [2016], [2018], [2018], [2020], [2021], [2021, 2022], [2023]]",True
HYG,TLT,DIA,63,252,0.05,37,0.23529411764705882,0.4706590856758241,2,0.0,"[[2009], [2022]]",False
HYG,TLT,DIA,63,252,0.1,110,0.5283018867924528,1.0567628527438315,3,0.0,"[[2009], [2013], [2022]]",True
HYG,TLT,DIA,63,252,0.2,256,0.5020408163265306,1.0042328042328044,7,0.5714285714285714,"[[2013], [2015], [2016], [2018], [2018], [2021, 2022], [2023]]",True
HYG,TLT,DIA,126,21,0.05,43,0.36585365853658536,0.7318139488593953,1,0.0,[[2022]],False
HYG,TLT,DIA,126,21,0.1,100,0.4639175257731959,0.9279702650485117,1,0.0,[[2022]],False
HYG,TLT,DIA,126,21,0.2,222,0.5622119815668203,1.1245878255590462,5,0.6,"[[2013], [2015], [2018], [2022, 2023], [2025]]",True
HYG,TLT,DIA,126,63,0.05,43,0.5952380952380952,1.1906506447831184,1,0.0,[[2022]],False
HYG,TLT,DIA,126,63,0.1,100,0.6907216494845361,1.3816457379050289,1,0.0,[[2022]],False
HYG,TLT,DIA,126,63,0.2,222,0.6837209302325581,1.3676422476076229,5,0.2,"[[2013], [2015], [2018], [2022, 2023], [2025]]",True
HYG,TLT,DIA,126,126,0.05,43,0.6190476190476191,1.2382784424808693,1,0.0,[[2022]],False
HYG,TLT,DIA,126,126,0.1,100,0.6020408163265306,1.204259803951175,1,0.0,[[2022]],False
HYG,TLT,DIA,126,126,0.2,222,0.6064814814814815,1.2131424484561508,5,0.0,"[[2013], [2015], [2018], [2022, 2023], [2025]]",True
HYG,TLT,DIA,126,252,0.05,43,0.7804878048780488,1.5612106256563922,1,0.0,[[2022]],False
HYG,TLT,DIA,126,252,0.1,100,0.7872340425531915,1.5747051323941137,1,0.0,[[2022]],False
HYG,TLT,DIA,126,252,0.2,222,0.7793427230046949,1.5589201171093612,5,0.2,"[[2013], [2015], [2018], [2022, 2023], [2025]]",True
HYG,TLT,DIA,252,21,0.05,44,0.32558139534883723,0.6512576847213843,1,0.0,[[2022]],False
HYG,TLT,DIA,252,21,0.1,150,0.5103448275862069,1.0208384003859334,1,0.0,[[2022]],False
HYG,TLT,DIA,252,21,0.2,252,0.569672131147541,1.1395102990572934,2,0.5,"[[2015], [2022, 2023]]",False
HYG,TLT,DIA,252,63,0.05,44,0.27906976744186046,0.5582213255541318,1,0.0,[[2022]],False
HYG,TLT,DIA,252,63,0.1,150,0.6068965517241379,1.2139709746533534,1,1.0,[[2022]],False
HYG,TLT,DIA,252,63,0.2,252,0.6625514403292181,1.3252970633783452,2,0.5,"[[2015], [2022, 2023]]",False
HYG,TLT,DIA,252,126,0.05,44,0.11363636363636363,0.2273063574484113,1,0.0,[[2022]],False
HYG,TLT,DIA,252,126,0.1,150,0.5416666666666666,1.0834936371707604,1,1.0,[[2022]],False
HYG,TLT,DIA,252,126,0.2,252,0.6859504132231405,1.3721038304158648,2,0.5,"[[2015], [2022, 2023]]",False
HYG,TLT,DIA,252,252,0.05,44,0.5714285714285714,1.1430292080698585,1,0.0,[[2022]],False
HYG,TLT,DIA,252,252,0.1,150,0.7816901408450704,1.5636156596307746,1,1.0,[[2022]],False
HYG,TLT,DIA,252,252,0.2,252,0.7833333333333333,1.5669025393957643,2,0.5,"[[2015], [2022, 2023]]",False
HYG,TLH,SPY,21,21,0.05,28,0.5925925925925926,1.1853313960395133,7,0.42857142857142855,"[[2008], [2009], [2013], [2016], [2022], [2022], [2023]]",True
HYG,TLH,SPY,21,21,0.1,103,0.6534653465346535,1.307091923107929,11,0.36363636363636365,"[[2008], [2008], [2009], [2013], [2016], [2022], [2022], [2022, 2023], [2023], [2024], [2025]]",True
HYG,TLH,SPY,21,21,0.2,318,0.5512820512820513,1.102700120834836,28,0.39285714285714285,"[[2007], [2008], [2008], [2008], [2009], [2010], [2012], [2013], [2014], [2015], [2015], [2016], [2016], [2017], [2018], [2020], [2021], [2021], [2022], [2022], [2022, 2023], [2023], [2024], [2024], [2024], [2025], [2025], [2026]]",True
HYG,TLH,SPY,21,63,0.05,28,0.39285714285714285,0.785811672214746,7,0.2857142857142857,"[[2008], [2009], [2013], [2016], [2022], [2022], [2023]]",True
HYG,TLH,SPY,21,63,0.1,103,0.49504950495049505,0.9902217291634964,9,0.2222222222222222,"[[2008], [2008], [2009], [2013], [2022], [2022], [2022, 2023], [2023], [2025]]",True
HYG,TLH,SPY,21,63,0.2,318,0.48026315789473684,0.9606453696213761,26,0.46153846153846156,"[[2007], [2008], [2008], [2008], [2009], [2010], [2012], [2013], [2014], [2015], [2015], [2016], [2016], [2017], [2018], [2020], [2021], [2021], [2022], [2022], [2022, 2023], [2024], [2024], [2024], [2025], [2026]]",True
HYG,TLH,SPY,21,126,0.05,28,0.5555555555555556,1.1111111111111112,7,0.2857142857142857,"[[2008], [2009], [2013], [2016], [2022], [2022], [2023]]",True
HYG,TLH,SPY,21,126,0.1,103,0.45918367346938777,0.9183673469387755,10,0.3,"[[2008], [2008], [2009], [2013], [2016], [2022], [2022], [2023], [2024], [2025]]",True
HYG,TLH,SPY,21,126,0.2,318,0.5119453924914675,1.023890784982935,27,0.5185185185185185,"[[2007], [2008], [2008], [2008], [2009], [2010], [2012], [2013], [2014], [2015], [2015], [2016], [2016], [2017], [2018], [2020], [2021], [2021], [2022], [2022], [2022, 2023], [2023], [2024], [2024], [2024], [2025], [2025]]",True
HYG,TLH,SPY,21,252,0.05,28,0.4230769230769231,0.8461538461538461,6,0.5,"[[2008], [2009], [2013], [2016], [2022], [2023]]",True
HYG,TLH,SPY,21,252,0.1,103,0.4387755102040816,0.8775510204081632,10,0.3,"[[2008], [2008], [2009], [2013], [2016], [2022], [2022], [2022, 2023], [2023], [2025]]",True
HYG,TLH,SPY,21,252,0.2,318,0.5120274914089347,1.0240549828178693,25,0.52,"[[2007], [2008], [2008], [2008], [2010], [2012], [2013], [2014], [2015], [2015], [2016], [2016], [2017], [2018], [2020], [2021], [2021], [2022], [2022], [2022, 2023], [2023], [2024], [2024], [2024], [2025]]",True
HYG,TLH,SPY,63,21,0.05,34,0.3125,0.6250771033802122,1,0.0,[[2022]],False
HYG,TLH,SPY,63,21,0.1,107,0.5096153846153846,1.0193565070508075,3,0.0,"[[2009], [2013], [2022]]",True
HYG,TLH,SPY,63,21,0.2,244,0.510548523206751,1.0212230144675871,10,0.3,"[[2009], [2013], [2015], [2016], [2018], [2018], [2020], [2021], [2021, 2022], [2023]]",True
HYG,TLH,SPY,63,63,0.05,34,0.3333333333333333,0.6667492976367542,1,0.0,[[2022]],False
HYG,TLH,SPY,63,63,0.1,107,0.5686274509803921,1.137395860674463,3,0.0,"[[2009], [2013], [2022]]",True
HYG,TLH,SPY,63,63,0.2,244,0.5150214592274678,1.0301705886233112,8,0.375,"[[2009], [2013], [2015], [2018], [2018], [2020], [2021], [2023]]",True
HYG,TLH,SPY,63,126,0.05,34,0.4375,0.875,1,0.0,[[2022]],False
HYG,TLH,SPY,63,126,0.1,107,0.7019230769230769,1.4038461538461537,3,0.3333333333333333,"[[2009], [2013], [2022]]",True
HYG,TLH,SPY,63,126,0.2,244,0.5872340425531914,1.174468085106383,10,0.4,"[[2009], [2013], [2015], [2016], [2018], [2018], [2020], [2021], [2021, 2022], [2023]]",True
HYG,TLH,SPY,63,252,0.05,34,0.41935483870967744,0.8387096774193549,1,0.0,[[2022]],False
HYG,TLH,SPY,63,252,0.1,107,0.6504854368932039,1.3009708737864079,3,0.0,"[[2009], [2013], [2022]]",True
HYG,TLH,SPY,63,252,0.2,244,0.5321888412017167,1.0643776824034334,7,0.2857142857142857,"[[2013], [2015], [2016], [2018], [2018], [2021, 2022], [2023]]",True
HYG,TLH,SPY,126,21,0.05,43,0.4146341463414634,0.8293705957044766,1,0.0,[[2022]],False
HYG,TLH,SPY,126,21,0.1,102,0.5050505050505051,1.0102256216245855,1,0.0,[[2022]],False
HYG,TLH,SPY,126,21,0.2,228,0.5515695067264574,1.1032751026477647,4,0.25,"[[2013], [2018], [2022, 2023], [2025]]",True
HYG,TLH,SPY,126,63,0.05,43,0.5476190476190477,1.0953738461175249,1,0.0,[[2022]],False
HYG,TLH,SPY,126,63,0.1,102,0.6565656565656566,1.3132940711026977,1,0.0,[[2022]],False
HYG,TLH,SPY,126,63,0.2,228,0.6322869955156951,1.2647307304948299,4,0.0,"[[2013], [2018], [2022, 2023], [2025]]",True
HYG,TLH,SPY,126,126,0.05,43,0.9523809523809523,1.9047619047619047,1,0.0,[[2022]],False
HYG,TLH,SPY,126,126,0.1,102,0.86,1.72,1,0.0,[[2022]],False
HYG,TLH,SPY,126,126,0.2,228,0.7702702702702703,1.5405405405405406,4,0.0,"[[2013], [2018], [2022, 2023], [2025]]",True
HYG,TLH,SPY,126,252,0.05,43,0.9512195121951219,1.9024390243902438,1,0.0,[[2022]],False
HYG,TLH,SPY,126,252,0.1,102,0.8645833333333334,1.7291666666666667,1,0.0,[[2022]],False
HYG,TLH,SPY,126,252,0.2,228,0.7671232876712328,1.5342465753424657,4,0.25,"[[2013], [2018], [2022, 2023], [2025]]",True
HYG,TLH,SPY,252,21,0.05,44,0.37209302325581395,0.7442778533271364,1,0.0,[[2022]],False
HYG,TLH,SPY,252,21,0.1,151,0.541095890410959,1.0823252858528607,1,0.0,[[2022]],False
HYG,TLH,SPY,252,21,0.2,226,0.6027397260273972,1.205628166519642,2,0.0,"[[2018], [2022, 2023]]",False
HYG,TLH,SPY,252,63,0.05,44,0.23255813953488372,0.46517392858378204,1,0.0,[[2022]],False
HYG,TLH,SPY,252,63,0.1,151,0.6712328767123288,1.3426321472959297,1,0.0,[[2022]],False
HYG,TLH,SPY,252,63,0.2,226,0.6513761467889908,1.3029137651066849,2,0.5,"[[2018], [2022, 2023]]",False
HYG,TLH,SPY,252,126,0.05,44,0.6590909090909091,1.3181818181818181,1,0.0,[[2022]],False
HYG,TLH,SPY,252,126,0.1,151,0.8344827586206897,1.6689655172413793,1,0.0,[[2022]],False
HYG,TLH,SPY,252,126,0.2,226,0.7557603686635944,1.5115207373271888,2,0.0,"[[2018], [2022, 2023]]",False
HYG,TLH,SPY,252,252,0.05,44,0.6904761904761905,1.380952380952381,1,0.0,[[2022]],False
HYG,TLH,SPY,252,252,0.1,151,0.7062937062937062,1.4125874125874125,1,0.0,[[2022]],False
HYG,TLH,SPY,252,252,0.2,226,0.6465116279069767,1.2930232558139534,2,0.5,"[[2018], [2022, 2023]]",False
HYG,TLH,QQQ,21,21,0.05,28,0.6296296296296297,1.2592592592592593,7,0.42857142857142855,"[[2008], [2009], [2013], [2016], [2022], [2022], [2023]]",True
HYG,TLH,QQQ,21,21,0.1,103,0.6633663366336634,1.3267326732673268,11,0.36363636363636365,"[[2008], [2008], [2009], [2013], [2016], [2022], [2022], [2022, 2023], [2023], [2024], [2025]]",True
HYG,TLH,QQQ,21,21,0.2,318,0.5256410256410257,1.0512820512820513,28,0.25,"[[2007], [2008], [2008], [2008], [2009], [2010], [2012], [2013], [2014], [2015], [2015], [2016], [2016], [2017], [2018], [2020], [2021], [2021], [2022], [2022], [2022, 2023], [2023], [2024], [2024], [2024], [2025], [2025], [2026]]",True
HYG,TLH,QQQ,21,63,0.05,28,0.39285714285714285,0.7858342787328737,7,0.14285714285714285,"[[2008], [2009], [2013], [2016], [2022], [2022], [2023]]",True
HYG,TLH,QQQ,21,63,0.1,103,0.45544554455445546,0.91103019892704,9,0.2222222222222222,"[[2008], [2008], [2009], [2013], [2022], [2022], [2022, 2023], [2023], [2025]]",True
HYG,TLH,QQQ,21,63,0.2,318,0.4276315789473684,0.8553937723049224,26,0.38461538461538464,"[[2007], [2008], [2008], [2008], [2009], [2010], [2012], [2013], [2014], [2015], [2015], [2016], [2016], [2017], [2018], [2020], [2021], [2021], [2022], [2022], [2022, 2023], [2024], [2024], [2024], [2025], [2026]]",True
HYG,TLH,QQQ,21,126,0.05,28,0.5185185185185185,1.037037037037037,7,0.2857142857142857,"[[2008], [2009], [2013], [2016], [2022], [2022], [2023]]",True
HYG,TLH,QQQ,21,126,0.1,103,0.4387755102040816,0.8775510204081632,10,0.2,"[[2008], [2008], [2009], [2013], [2016], [2022], [2022], [2023], [2024], [2025]]",True
HYG,TLH,QQQ,21,126,0.2,318,0.4539249146757679,0.9078498293515358,27,0.4444444444444444,"[[2007], [2008], [2008], [2008], [2009], [2010], [2012], [2013], [2014], [2015], [2015], [2016], [2016], [2017], [2018], [2020], [2021], [2021], [2022], [2022], [2022, 2023], [2023], [2024], [2024], [2024], [2025], [2025]]",True
HYG,TLH,QQQ,21,252,0.05,28,0.2692307692307692,0.5385461224292515,6,0.16666666666666666,"[[2008], [2009], [2013], [2016], [2022], [2023]]",True
HYG,TLH,QQQ,21,252,0.1,103,0.336734693877551,0.6735751793648657,10,0.2,"[[2008], [2008], [2009], [2013], [2016], [2022], [2022], [2022, 2023], [2023], [2025]]",True
HYG,TLH,QQQ,21,252,0.2,318,0.45017182130584193,0.9004850726529361,25,0.48,"[[2007], [2008], [2008], [2008], [2010], [2012], [2013], [2014], [2015], [2015], [2016], [2016], [2017], [2018], [2020], [2021], [2021], [2022], [2022], [2022, 2023], [2023], [2024], [2024], [2024], [2025]]",True
HYG,TLH,QQQ,63,21,0.05,34,0.59375,1.1875,1,0.0,[[2022]],False
HYG,TLH,QQQ,63,21,0.1,107,0.6346153846153846,1.2692307692307692,3,0.0,"[[2009], [2013], [2022]]",True
HYG,TLH,QQQ,63,21,0.2,244,0.5443037974683544,1.0886075949367089,10,0.3,"[[2009], [2013], [2015], [2016], [2018], [2018], [2020], [2021], [2021, 2022], [2023]]",True
HYG,TLH,QQQ,63,63,0.05,34,0.48484848484848486,0.9698450602543456,1,1.0,[[2022]],False
HYG,TLH,QQQ,63,63,0.1,107,0.5784313725490197,1.1570394193107911,3,0.0,"[[2009], [2013], [2022]]",True
HYG,TLH,QQQ,63,63,0.2,244,0.5150214592274678,1.0302002249482856,8,0.375,"[[2009], [2013], [2015], [2018], [2018], [2020], [2021], [2023]]",True
HYG,TLH,QQQ,63,126,0.05,34,0.46875,0.9375,1,0.0,[[2022]],False
HYG,TLH,QQQ,63,126,0.1,107,0.6923076923076923,1.3846153846153846,3,0.0,"[[2009], [2013], [2022]]",True
HYG,TLH,QQQ,63,126,0.2,244,0.5276595744680851,1.0553191489361702,10,0.2,"[[2009], [2013], [2015], [2016], [2018], [2018], [2020], [2021], [2021, 2022], [2023]]",True
HYG,TLH,QQQ,63,252,0.05,34,0.41935483870967744,0.8388414257192951,1,0.0,[[2022]],False
HYG,TLH,QQQ,63,252,0.1,107,0.6504854368932039,1.3011752361605495,3,0.0,"[[2009], [2013], [2022]]",True
HYG,TLH,QQQ,63,252,0.2,244,0.5236051502145923,1.047374800947631,7,0.2857142857142857,"[[2013], [2015], [2016], [2018], [2018], [2021, 2022], [2023]]",True
HYG,TLH,QQQ,126,21,0.05,43,0.43902439024390244,0.8780487804878049,1,0.0,[[2022]],False
HYG,TLH,QQQ,126,21,0.1,102,0.5757575757575758,1.1515151515151516,1,1.0,[[2022]],False
HYG,TLH,QQQ,126,21,0.2,228,0.5874439461883408,1.1748878923766817,4,0.25,"[[2013], [2018], [2022, 2023], [2025]]",True
HYG,TLH,QQQ,126,63,0.05,43,0.47619047619047616,0.9525263984640894,1,0.0,[[2022]],False
HYG,TLH,QQQ,126,63,0.1,102,0.6666666666666666,1.3335369578497251,1,1.0,[[2022]],False
HYG,TLH,QQQ,126,63,0.2,228,0.6322869955156951,1.2647671147319144,4,0.0,"[[2013], [2018], [2022, 2023], [2025]]",True
HYG,TLH,QQQ,126,126,0.05,43,0.9523809523809523,1.9047619047619047,1,0.0,[[2022]],False
HYG,TLH,QQQ,126,126,0.1,102,0.87,1.74,1,0.0,[[2022]],False
HYG,TLH,QQQ,126,126,0.2,228,0.7117117117117117,1.4234234234234233,4,0.0,"[[2013], [2018], [2022, 2023], [2025]]",True
HYG,TLH,QQQ,126,252,0.05,43,0.9512195121951219,1.9027378680949862,1,0.0,[[2022]],False
HYG,TLH,QQQ,126,252,0.1,102,0.8645833333333334,1.7294382919677453,1,0.0,[[2022]],False
HYG,TLH,QQQ,126,252,0.2,228,0.726027397260274,1.452282889838569,4,0.25,"[[2013], [2018], [2022, 2023], [2025]]",True
HYG,TLH,QQQ,252,21,0.05,44,0.46511627906976744,0.9302325581395349,1,1.0,[[2022]],False
HYG,TLH,QQQ,252,21,0.1,151,0.6232876712328768,1.2465753424657535,1,0.0,[[2022]],False
HYG,TLH,QQQ,252,21,0.2,226,0.6575342465753424,1.3150684931506849,2,0.0,"[[2018], [2022, 2023]]",False
HYG,TLH,QQQ,252,63,0.05,44,0.4186046511627907,0.83733715958006,1,1.0,[[2022]],False
HYG,TLH,QQQ,252,63,0.1,151,0.7123287671232876,1.4248751056476514,1,0.0,[[2022]],False
HYG,TLH,QQQ,252,63,0.2,226,0.6330275229357798,1.2662483957563904,2,0.5,"[[2018], [2022, 2023]]",False
HYG,TLH,QQQ,252,126,0.05,44,0.7045454545454546,1.4090909090909092,1,0.0,[[2022]],False
HYG,TLH,QQQ,252,126,0.1,151,0.7379310344827587,1.4758620689655173,1,0.0,[[2022]],False
HYG,TLH,QQQ,252,126,0.2,226,0.6129032258064516,1.2258064516129032,2,0.0,"[[2018], [2022, 2023]]",False
HYG,TLH,QQQ,252,252,0.05,44,0.5952380952380952,1.1906631958469847,1,0.0,[[2022]],False
HYG,TLH,QQQ,252,252,0.1,151,0.6643356643356644,1.3288800423578935,1,0.0,[[2022]],False
HYG,TLH,QQQ,252,252,0.2,226,0.5627906976744186,1.125758206752442,2,0.5,"[[2018], [2022, 2023]]",False
HYG,TLH,IWM,21,21,0.05,28,0.5925925925925926,1.1851851851851851,7,0.42857142857142855,"[[2008], [2009], [2013], [2016], [2022], [2022], [2023]]",True
HYG,TLH,IWM,21,21,0.1,103,0.6435643564356436,1.2871287128712872,11,0.45454545454545453,"[[2008], [2008], [2009], [2013], [2016], [2022], [2022], [2022, 2023], [2023], [2024], [2025]]",True
HYG,TLH,IWM,21,21,0.2,318,0.532051282051282,1.064102564102564,28,0.35714285714285715,"[[2007], [2008], [2008], [2008], [2009], [2010], [2012], [2013], [2014], [2015], [2015], [2016], [2016], [2017], [2018], [2020], [2021], [2021], [2022], [2022], [2022, 2023], [2023], [2024], [2024], [2024], [2025], [2025], [2026]]",True
HYG,TLH,IWM,21,63,0.05,28,0.39285714285714285,0.7857142857142857,7,0.2857142857142857,"[[2008], [2009], [2013], [2016], [2022], [2022], [2023]]",True
HYG,TLH,IWM,21,63,0.1,103,0.4752475247524752,0.9504950495049505,9,0.3333333333333333,"[[2008], [2008], [2009], [2013], [2022], [2022], [2022, 2023], [2023], [2025]]",True
HYG,TLH,IWM,21,63,0.2,318,0.46710526315789475,0.9342105263157895,26,0.4230769230769231,"[[2007], [2008], [2008], [2008], [2009], [2010], [2012], [2013], [2014], [2015], [2015], [2016], [2016], [2017], [2018], [2020], [2021], [2021], [2022], [2022], [2022, 2023], [2024], [2024], [2024], [2025], [2026]]",True
HYG,TLH,IWM,21,126,0.05,28,0.5185185185185185,1.0372047880944677,7,0.2857142857142857,"[[2008], [2009], [2013], [2016], [2022], [2022], [2023]]",True
HYG,TLH,IWM,21,126,0.1,103,0.5,1.0001617599482369,10,0.2,"[[2008], [2008], [2009], [2013], [2016], [2022], [2022], [2023], [2024], [2025]]",True
HYG,TLH,IWM,21,126,0.2,318,0.5255972696245734,1.0513645804234026,27,0.4444444444444444,"[[2007], [2008], [2008], [2008], [2009], [2010], [2012], [2013], [2014], [2015], [2015], [2016], [2016], [2017], [2018], [2020], [2021], [2021], [2022], [2022], [2022, 2023], [2023], [2024], [2024], [2024], [2025], [2025]]",True
HYG,TLH,IWM,21,252,0.05,28,0.19230769230769232,0.3846787688251103,6,0.16666666666666666,"[[2008], [2009], [2013], [2016], [2022], [2023]]",True
HYG,TLH,IWM,21,252,0.1,103,0.3877551020408163,0.7756380073453244,10,0.2,"[[2008], [2008], [2009], [2013], [2016], [2022], [2022], [2022, 2023], [2023], [2025]]",True
HYG,TLH,IWM,21,252,0.2,318,0.5085910652920962,1.0173497611264772,25,0.48,"[[2007], [2008], [2008], [2008], [2010], [2012], [2013], [2014], [2015], [2015], [2016], [2016], [2017], [2018], [2020], [2021], [2021], [2022], [2022], [2022, 2023], [2023], [2024], [2024], [2024], [2025]]",True
HYG,TLH,IWM,63,21,0.05,34,0.21875,0.4375,1,0.0,[[2022]],False
HYG,TLH,IWM,63,21,0.1,107,0.5,1.0,3,0.0,"[[2009], [2013], [2022]]",True
HYG,TLH,IWM,63,21,0.2,244,0.5232067510548524,1.0464135021097047,10,0.5,"[[2009], [2013], [2015], [2016], [2018], [2018], [2020], [2021], [2021, 2022], [2023]]",True
HYG,TLH,IWM,63,63,0.05,34,0.30303030303030304,0.6060606060606061,1,0.0,[[2022]],False
HYG,TLH,IWM,63,63,0.1,107,0.5294117647058824,1.0588235294117647,3,0.0,"[[2009], [2013], [2022]]",True
HYG,TLH,IWM,63,63,0.2,244,0.4721030042918455,0.944206008583691,8,0.375,"[[2009], [2013], [2015], [2018], [2018], [2020], [2021], [2023]]",True
HYG,TLH,IWM,63,126,0.05,34,0.3125,0.625101099967648,1,0.0,[[2022]],False
HYG,TLH,IWM,63,126,0.1,107,0.5769230769230769,1.154032799940273,3,0.3333333333333333,"[[2009], [2013], [2022]]",True
HYG,TLH,IWM,63,126,0.2,244,0.4553191489361702,0.9107856026762666,10,0.4,"[[2009], [2013], [2015], [2016], [2018], [2018], [2020], [2021], [2021, 2022], [2023]]",True
HYG,TLH,IWM,63,252,0.05,34,0.3870967741935484,0.7743211346673187,1,0.0,[[2022]],False
HYG,TLH,IWM,63,252,0.1,107,0.5922330097087378,1.1846612181682037,3,0.0,"[[2009], [2013], [2022]]",True
HYG,TLH,IWM,63,252,0.2,244,0.5407725321888412,1.081723301863572,7,0.5714285714285714,"[[2013], [2015], [2016], [2018], [2018], [2021, 2022], [2023]]",True
HYG,TLH,IWM,126,21,0.05,43,0.34146341463414637,0.6829268292682927,1,0.0,[[2022]],False
HYG,TLH,IWM,126,21,0.1,102,0.47474747474747475,0.9494949494949495,1,0.0,[[2022]],False
HYG,TLH,IWM,126,21,0.2,228,0.49327354260089684,0.9865470852017937,4,0.25,"[[2013], [2018], [2022, 2023], [2025]]",True
HYG,TLH,IWM,126,63,0.05,43,0.40476190476190477,0.8095238095238095,1,0.0,[[2022]],False
HYG,TLH,IWM,126,63,0.1,102,0.5555555555555556,1.1111111111111112,1,0.0,[[2022]],False
HYG,TLH,IWM,126,63,0.2,228,0.5246636771300448,1.0493273542600896,4,0.0,"[[2013], [2018], [2022, 2023], [2025]]",True
HYG,TLH,IWM,126,126,0.05,43,0.5714285714285714,1.1430420113694133,1,0.0,[[2022]],False
HYG,TLH,IWM,126,126,0.1,102,0.66,1.3202135231316725,1,0.0,[[2022]],False
HYG,TLH,IWM,126,126,0.2,228,0.6396396396396397,1.2794862154292759,4,0.0,"[[2013], [2018], [2022, 2023], [2025]]",True
HYG,TLH,IWM,126,252,0.05,43,0.6097560975609756,1.2197131694454715,1,0.0,[[2022]],False
HYG,TLH,IWM,126,252,0.1,102,0.7291666666666666,1.458573665128543,1,1.0,[[2022]],False
HYG,TLH,IWM,126,252,0.2,228,0.7671232876712328,1.5344994175598918,4,0.25,"[[2013], [2018], [2022, 2023], [2025]]",True
HYG,TLH,IWM,252,21,0.05,44,0.3488372093023256,0.6976744186046512,1,0.0,[[2022]],False
HYG,TLH,IWM,252,21,0.1,151,0.5273972602739726,1.0547945205479452,1,0.0,[[2022]],False
HYG,TLH,IWM,252,21,0.2,226,0.6027397260273972,1.2054794520547945,2,0.5,"[[2018], [2022, 2023]]",False
HYG,TLH,IWM,252,63,0.05,44,0.11627906976744186,0.23255813953488372,1,0.0,[[2022]],False
HYG,TLH,IWM,252,63,0.1,151,0.589041095890411,1.178082191780822,1,0.0,[[2022]],False
HYG,TLH,IWM,252,63,0.2,226,0.573394495412844,1.146788990825688,2,0.0,"[[2018], [2022, 2023]]",False
HYG,TLH,IWM,252,126,0.05,44,0.2727272727272727,0.5455427781535837,1,0.0,[[2022]],False
HYG,TLH,IWM,252,126,0.1,151,0.6551724137931034,1.3105567888976895,1,1.0,[[2022]],False
HYG,TLH,IWM,252,126,0.2,226,0.7096774193548387,1.4195844334749168,2,0.0,"[[2018], [2022, 2023]]",False
HYG,TLH,IWM,252,252,0.05,44,0.5,1.0001647989452866,1,0.0,[[2022]],False
HYG,TLH,IWM,252,252,0.1,151,0.7412587412587412,1.4827617998349705,1,0.0,[[2022]],False
HYG,TLH,IWM,252,252,0.2,226,0.7581395348837209,1.5165289509588997,2,0.5,"[[2018], [2022, 2023]]",False
HYG,TLH,DIA,21,21,0.05,28,0.48148148148148145,0.9631032956594017,7,0.42857142857142855,"[[2008], [2009], [2013], [2016], [2022], [2022], [2023]]",True
HYG,TLH,DIA,21,21,0.1,103,0.6138613861386139,1.2279016884492295,11,0.36363636363636365,"[[2008], [2008], [2009], [2013], [2016], [2022], [2022], [2022, 2023], [2023], [2024], [2025]]",True
HYG,TLH,DIA,21,21,0.2,318,0.5352564102564102,1.0706688264615982,28,0.39285714285714285,"[[2007], [2008], [2008], [2008], [2009], [2010], [2012], [2013], [2014], [2015], [2015], [2016], [2016], [2017], [2018], [2020], [2021], [2021], [2022], [2022], [2022, 2023], [2023], [2024], [2024], [2024], [2025], [2025], [2026]]",True
HYG,TLH,DIA,21,63,0.05,28,0.2857142857142857,0.5715123094958968,7,0.2857142857142857,"[[2008], [2009], [2013], [2016], [2022], [2022], [2023]]",True
HYG,TLH,DIA,21,63,0.1,103,0.46534653465346537,0.9308294545750003,9,0.2222222222222222,"[[2008], [2008], [2009], [2013], [2022], [2022], [2022, 2023], [2023], [2025]]",True
HYG,TLH,DIA,21,63,0.2,318,0.4901315789473684,0.9804068072437836,26,0.38461538461538464,"[[2007], [2008], [2008], [2008], [2009], [2010], [2012], [2013], [2014], [2015], [2015], [2016], [2016], [2017], [2018], [2020], [2021], [2021], [2022], [2022], [2022, 2023], [2024], [2024], [2024], [2025], [2026]]",True
HYG,TLH,DIA,21,126,0.05,28,0.4074074074074074,0.8149353852224523,7,0.2857142857142857,"[[2008], [2009], [2013], [2016], [2022], [2022], [2023]]",True
HYG,TLH,DIA,21,126,0.1,103,0.40816326530612246,0.816447324712661,10,0.2,"[[2008], [2008], [2009], [2013], [2016], [2022], [2022], [2023], [2024], [2025]]",True
HYG,TLH,DIA,21,126,0.2,318,0.48464163822525597,0.9694267039847603,27,0.5185185185185185,"[[2007], [2008], [2008], [2008], [2009], [2010], [2012], [2013], [2014], [2015], [2015], [2016], [2016], [2017], [2018], [2020], [2021], [2021], [2022], [2022], [2022, 2023], [2023], [2024], [2024], [2024], [2025], [2025]]",True
HYG,TLH,DIA,21,252,0.05,28,0.2692307692307692,0.5385426076482986,6,0.5,"[[2008], [2009], [2013], [2016], [2022], [2023]]",True
HYG,TLH,DIA,21,252,0.1,103,0.41836734693877553,0.8368606701940036,10,0.3,"[[2008], [2008], [2009], [2013], [2016], [2022], [2022], [2022, 2023], [2023], [2025]]",True
HYG,TLH,DIA,21,252,0.2,318,0.4948453608247423,0.98983972657596,25,0.48,"[[2007], [2008], [2008], [2008], [2010], [2012], [2013], [2014], [2015], [2015], [2016], [2016], [2017], [2018], [2020], [2021], [2021], [2022], [2022], [2022, 2023], [2023], [2024], [2024], [2024], [2025]]",True
HYG,TLH,DIA,63,21,0.05,34,0.1875,0.3750546487904401,1,0.0,[[2022]],False
HYG,TLH,DIA,63,21,0.1,107,0.4807692307692308,0.9616785866421541,3,0.0,"[[2009], [2013], [2022]]",True
HYG,TLH,DIA,63,21,0.2,244,0.48945147679324896,0.9790456092194892,10,0.3,"[[2009], [2013], [2015], [2016], [2018], [2018], [2020], [2021], [2021, 2022], [2023]]",True
HYG,TLH,DIA,63,63,0.05,34,0.2727272727272727,0.5455344772460833,1,0.0,[[2022]],False
HYG,TLH,DIA,63,63,0.1,107,0.5882352941176471,1.1766429901386113,3,0.0,"[[2009], [2013], [2022]]",True
HYG,TLH,DIA,63,63,0.2,244,0.5665236051502146,1.1332132488716924,8,0.375,"[[2009], [2013], [2015], [2018], [2018], [2020], [2021], [2023]]",True
HYG,TLH,DIA,63,126,0.05,34,0.40625,0.8126202278780704,1,0.0,[[2022]],False
HYG,TLH,DIA,63,126,0.1,107,0.6538461538461539,1.3078858105493205,3,0.3333333333333333,"[[2009], [2013], [2022]]",True
HYG,TLH,DIA,63,126,0.2,244,0.5659574468085107,1.132082386202641,10,0.4,"[[2009], [2013], [2015], [2016], [2018], [2018], [2020], [2021], [2021, 2022], [2023]]",True
HYG,TLH,DIA,63,252,0.05,34,0.2903225806451613,0.5807325815193637,1,0.0,[[2022]],False
HYG,TLH,DIA,63,252,0.1,107,0.6019417475728155,1.2040647483065985,3,0.0,"[[2009], [2013], [2022]]",True
HYG,TLH,DIA,63,252,0.2,244,0.5278969957081545,1.0559529486568113,7,0.42857142857142855,"[[2013], [2015], [2016], [2018], [2018], [2021, 2022], [2023]]",True
HYG,TLH,DIA,126,21,0.05,43,0.36585365853658536,0.7318139488593953,1,0.0,[[2022]],False
HYG,TLH,DIA,126,21,0.1,102,0.46464646464646464,0.9294283552517303,1,0.0,[[2022]],False
HYG,TLH,DIA,126,21,0.2,228,0.5605381165919282,1.1212396077442155,4,0.25,"[[2013], [2018], [2022, 2023], [2025]]",True
HYG,TLH,DIA,126,63,0.05,43,0.5952380952380952,1.1906506447831184,1,0.0,[[2022]],False
HYG,TLH,DIA,126,63,0.1,102,0.696969696969697,1.3941436640733242,1,0.0,[[2022]],False
HYG,TLH,DIA,126,63,0.2,228,0.6995515695067265,1.3993081658509403,4,0.25,"[[2013], [2018], [2022, 2023], [2025]]",True
HYG,TLH,DIA,126,126,0.05,43,0.6190476190476191,1.2382784424808693,1,0.0,[[2022]],False
HYG,TLH,DIA,126,126,0.1,102,0.59,1.1801746078721513,1,0.0,[[2022]],False
HYG,TLH,DIA,126,126,0.2,228,0.6126126126126126,1.2254065251993633,4,0.0,"[[2013], [2018], [2022, 2023], [2025]]",True
HYG,TLH,DIA,126,252,0.05,43,0.7804878048780488,1.5612106256563922,1,0.0,[[2022]],False
HYG,TLH,DIA,126,252,0.1,102,0.7916666666666666,1.583571715346783,1,0.0,[[2022]],False
HYG,TLH,DIA,126,252,0.2,228,0.7990867579908676,1.5984141322894712,4,0.25,"[[2013], [2018], [2022, 2023], [2025]]",True
HYG,TLH,DIA,252,21,0.05,44,0.32558139534883723,0.6512576847213843,1,0.0,[[2022]],False
HYG,TLH,DIA,252,21,0.1,151,0.5068493150684932,1.0138463565476736,1,0.0,[[2022]],False
HYG,TLH,DIA,252,21,0.2,226,0.589041095890411,1.178253873825675,2,0.0,"[[2018], [2022, 2023]]",False
HYG,TLH,DIA,252,63,0.05,44,0.27906976744186046,0.5582213255541318,1,0.0,[[2022]],False
HYG,TLH,DIA,252,63,0.1,151,0.6095890410958904,1.2193567425203553,1,1.0,[[2022]],False
HYG,TLH,DIA,252,63,0.2,226,0.6880733944954128,1.3763484517676414,2,0.5,"[[2018], [2022, 2023]]",False
HYG,TLH,DIA,252,126,0.05,44,0.11363636363636363,0.2273063574484113,1,0.0,[[2022]],False
HYG,TLH,DIA,252,126,0.1,151,0.5448275862068965,1.0898164117112796,1,1.0,[[2022]],False
HYG,TLH,DIA,252,126,0.2,226,0.6497695852534562,1.2997314669216071,2,0.0,"[[2018], [2022, 2023]]",False
HYG,TLH,DIA,252,252,0.05,44,0.5714285714285714,1.1430292080698585,1,0.0,[[2022]],False
HYG,TLH,DIA,252,252,0.1,151,0.7832167832167832,1.5666694040677782,1,1.0,[[2022]],False
HYG,TLH,DIA,252,252,0.2,226,0.8,1.600240891297802,2,0.5,"[[2018], [2022, 2023]]",False
JNK,TLT,SPY,21,21,0.05,18,0.35294117647058826,0.7059694344058868,5,0.2,"[[2009], [2013], [2016], [2022], [2022]]",True
JNK,TLT,SPY,21,21,0.1,97,0.5851063829787234,1.1703571297331632,12,0.25,"[[2008], [2009], [2010], [2013], [2016], [2018], [2022], [2022], [2022, 2023], [2023], [2024], [2025]]",True
JNK,TLT,SPY,21,21,0.2,312,0.5361842105263158,1.0725007142207852,30,0.3333333333333333,"[[2008], [2008], [2008], [2010], [2010], [2012], [2013], [2013], [2014], [2015], [2015], [2016], [2016], [2017], [2018], [2018], [2020], [2021], [2021], [2022], [2022], [2022, 2023], [2023], [2024], [2024], [2024], [2024], [2025], [2025], [2026]]",True
JNK,TLT,SPY,21,63,0.05,18,0.05555555555555555,0.11112488293945903,5,0.0,"[[2009], [2013], [2016], [2022], [2022]]",True
JNK,TLT,SPY,21,63,0.1,97,0.46236559139784944,0.9248457999477558,10,0.2,"[[2008], [2010], [2013], [2016], [2018], [2022], [2022], [2022, 2023], [2023], [2025]]",True
JNK,TLT,SPY,21,63,0.2,312,0.47619047619047616,0.9524989966239346,28,0.39285714285714285,"[[2008], [2008], [2008], [2009], [2010], [2010], [2012], [2013], [2013], [2014], [2015], [2015], [2016], [2016], [2017], [2018], [2020], [2021], [2021], [2022], [2022], [2022, 2023], [2024], [2024], [2024], [2025], [2025], [2026]]",True
JNK,TLT,SPY,21,126,0.05,18,0.3888888888888889,0.7777777777777778,5,0.2,"[[2009], [2013], [2016], [2022], [2022]]",True
JNK,TLT,SPY,21,126,0.1,97,0.391304347826087,0.782608695652174,11,0.2727272727272727,"[[2008], [2009], [2013], [2016], [2018], [2022], [2022], [2022, 2023], [2023], [2024], [2025]]",True
JNK,TLT,SPY,21,126,0.2,312,0.493006993006993,0.986013986013986,30,0.5333333333333333,"[[2008], [2008], [2008], [2009], [2010], [2010], [2012], [2013], [2013], [2014], [2015], [2015], [2016], [2016], [2017], [2018], [2018], [2020], [2021], [2021], [2022], [2022], [2022, 2023], [2023], [2024], [2024], [2024], [2024], [2025], [2025]]",True
JNK,TLT,SPY,21,252,0.05,18,0.375,0.75,4,0.25,"[[2009], [2013], [2016], [2022]]",True
JNK,TLT,SPY,21,252,0.1,97,0.46153846153846156,0.9230769230769231,11,0.45454545454545453,"[[2008], [2009], [2010], [2013], [2016], [2018], [2022], [2022], [2022, 2023], [2023], [2025]]",True
JNK,TLT,SPY,21,252,0.2,312,0.5035460992907801,1.0070921985815602,28,0.4642857142857143,"[[2008], [2008], [2008], [2009], [2010], [2012], [2013], [2013], [2014], [2015], [2015], [2016], [2016], [2017], [2018], [2018], [2020], [2021], [2021], [2022], [2022], [2022, 2023], [2023], [2024], [2024], [2024], [2024], [2025]]",True
JNK,TLT,SPY,63,21,0.05,32,0.23333333333333334,0.46672423719055844,2,0.0,"[[2009], [2022]]",False
JNK,TLT,SPY,63,21,0.1,108,0.45714285714285713,0.9143985055161961,3,0.0,"[[2009], [2013], [2022]]",True
JNK,TLT,SPY,63,21,0.2,256,0.5,1.0001233654083395,9,0.3333333333333333,"[[2009], [2013], [2015], [2016], [2018], [2018], [2020], [2021, 2022], [2023]]",True
JNK,TLT,SPY,63,63,0.05,32,0.3548387096774194,0.7097653813552546,2,0.5,"[[2009], [2022]]",False
JNK,TLT,SPY,63,63,0.1,108,0.5490196078431373,1.0981753137546542,3,0.0,"[[2009], [2013], [2022]]",True
JNK,TLT,SPY,63,63,0.2,256,0.5267489711934157,1.0536285197222783,7,0.42857142857142855,"[[2009], [2013], [2015], [2018], [2018], [2020], [2023]]",True
JNK,TLT,SPY,63,126,0.05,32,0.4,0.8,2,0.0,"[[2009], [2022]]",False
JNK,TLT,SPY,63,126,0.1,108,0.6476190476190476,1.2952380952380953,3,0.3333333333333333,"[[2009], [2013], [2022]]",True
JNK,TLT,SPY,63,126,0.2,256,0.5870445344129555,1.174089068825911,9,0.4444444444444444,"[[2009], [2013], [2015], [2016], [2018], [2018], [2020], [2021, 2022], [2023]]",True
JNK,TLT,SPY,63,252,0.05,32,0.3793103448275862,0.7586206896551724,2,0.0,"[[2009], [2022]]",False
JNK,TLT,SPY,63,252,0.1,108,0.5825242718446602,1.1650485436893203,3,0.0,"[[2009], [2013], [2022]]",True
JNK,TLT,SPY,63,252,0.2,256,0.5101214574898786,1.0202429149797572,8,0.375,"[[2009], [2013], [2015], [2016], [2018], [2018], [2021, 2022], [2023]]",True
JNK,TLT,SPY,126,21,0.05,36,0.3235294117647059,0.6471386482053962,1,0.0,[[2022]],False
JNK,TLT,SPY,126,21,0.1,94,0.4835164835164835,0.9671522654498228,1,0.0,[[2022]],False
JNK,TLT,SPY,126,21,0.2,224,0.5342465753424658,1.0686249657787739,5,0.4,"[[2013], [2015], [2018], [2022, 2023], [2025]]",True
JNK,TLT,SPY,126,63,0.05,36,0.4857142857142857,0.9715489765564133,1,0.0,[[2022]],False
JNK,TLT,SPY,126,63,0.1,94,0.6413043478260869,1.2827676704533206,1,0.0,[[2022]],False
JNK,TLT,SPY,126,63,0.2,224,0.631336405529954,1.2628293148788294,5,0.2,"[[2013], [2015], [2018], [2022, 2023], [2025]]",True
JNK,TLT,SPY,126,126,0.05,36,0.9428571428571428,1.8857142857142857,1,0.0,[[2022]],False
JNK,TLT,SPY,126,126,0.1,94,0.8586956521739131,1.7173913043478262,1,0.0,[[2022]],False
JNK,TLT,SPY,126,126,0.2,224,0.7638888888888888,1.5277777777777777,5,0.2,"[[2013], [2015], [2018], [2022, 2023], [2025]]",True
JNK,TLT,SPY,126,252,0.05,36,0.9411764705882353,1.8823529411764706,1,0.0,[[2022]],False
JNK,TLT,SPY,126,252,0.1,94,0.8651685393258427,1.7303370786516854,1,0.0,[[2022]],False
JNK,TLT,SPY,126,252,0.2,224,0.7395348837209302,1.4790697674418605,5,0.2,"[[2013], [2015], [2018], [2022, 2023], [2025]]",True
JNK,TLT,SPY,252,21,0.05,52,0.35294117647058826,0.7059694344058868,1,0.0,[[2022]],False
JNK,TLT,SPY,252,21,0.1,153,0.5510204081632653,1.1021767700418434,1,0.0,[[2022]],False
JNK,TLT,SPY,252,21,0.2,249,0.5767634854771784,1.1536692762801593,2,0.5,"[[2015], [2022, 2023]]",False
JNK,TLT,SPY,252,63,0.05,52,0.27450980392156865,0.5490876568773271,1,0.0,[[2022]],False
JNK,TLT,SPY,252,63,0.1,153,0.6644295302013423,1.3290237677725907,1,0.0,[[2022]],False
JNK,TLT,SPY,252,63,0.2,249,0.6458333333333334,1.2918267641712113,2,0.5,"[[2015], [2022, 2023]]",False
JNK,TLT,SPY,252,126,0.05,52,0.6862745098039216,1.3725490196078431,1,1.0,[[2022]],False
JNK,TLT,SPY,252,126,0.1,153,0.8367346938775511,1.6734693877551021,1,0.0,[[2022]],False
JNK,TLT,SPY,252,126,0.2,249,0.7833333333333333,1.5666666666666667,2,0.5,"[[2015], [2022, 2023]]",False
JNK,TLT,SPY,252,252,0.05,52,0.68,1.36,1,0.0,[[2022]],False
JNK,TLT,SPY,252,252,0.1,153,0.684931506849315,1.36986301369863,1,0.0,[[2022]],False
JNK,TLT,SPY,252,252,0.2,249,0.6722689075630253,1.3445378151260505,2,0.5,"[[2015], [2022, 2023]]",False
JNK,TLT,QQQ,21,21,0.05,18,0.47058823529411764,0.9411764705882353,5,0.4,"[[2009], [2013], [2016], [2022], [2022]]",True
JNK,TLT,QQQ,21,21,0.1,97,0.5957446808510638,1.1914893617021276,12,0.25,"[[2008], [2009], [2010], [2013], [2016], [2018], [2022], [2022], [2022, 2023], [2023], [2024], [2025]]",True
JNK,TLT,QQQ,21,21,0.2,312,0.5394736842105263,1.0789473684210527,30,0.36666666666666664,"[[2008], [2008], [2008], [2010], [2010], [2012], [2013], [2013], [2014], [2015], [2015], [2016], [2016], [2017], [2018], [2018], [2020], [2021], [2021], [2022], [2022], [2022, 2023], [2023], [2024], [2024], [2024], [2024], [2025], [2025], [2026]]",True
JNK,TLT,QQQ,21,63,0.05,18,0.1111111111111111,0.22225615964162085,5,0.0,"[[2009], [2013], [2016], [2022], [2022]]",True
JNK,TLT,QQQ,21,63,0.1,97,0.3978494623655914,0.7958204425877392,10,0.2,"[[2008], [2010], [2013], [2016], [2018], [2022], [2022], [2022, 2023], [2023], [2025]]",True
JNK,TLT,QQQ,21,63,0.2,312,0.43537414965986393,0.8708812785957388,28,0.42857142857142855,"[[2008], [2008], [2008], [2009], [2010], [2010], [2012], [2013], [2013], [2014], [2015], [2015], [2016], [2016], [2017], [2018], [2020], [2021], [2021], [2022], [2022], [2022, 2023], [2024], [2024], [2024], [2025], [2025], [2026]]",True
JNK,TLT,QQQ,21,126,0.05,18,0.3888888888888889,0.7777777777777778,5,0.2,"[[2009], [2013], [2016], [2022], [2022]]",True
JNK,TLT,QQQ,21,126,0.1,97,0.3804347826086957,0.7608695652173914,11,0.18181818181818182,"[[2008], [2009], [2013], [2016], [2018], [2022], [2022], [2022, 2023], [2023], [2024], [2025]]",True
JNK,TLT,QQQ,21,126,0.2,312,0.46503496503496505,0.9300699300699301,30,0.5,"[[2008], [2008], [2008], [2009], [2010], [2010], [2012], [2013], [2013], [2014], [2015], [2015], [2016], [2016], [2017], [2018], [2018], [2020], [2021], [2021], [2022], [2022], [2022, 2023], [2023], [2024], [2024], [2024], [2024], [2025], [2025]]",True
JNK,TLT,QQQ,21,252,0.05,18,0.375,0.7501178133836004,4,0.25,"[[2009], [2013], [2016], [2022]]",True
JNK,TLT,QQQ,21,252,0.1,97,0.3956043956043956,0.7913330778552268,11,0.2727272727272727,"[[2008], [2009], [2010], [2013], [2016], [2018], [2022], [2022], [2022, 2023], [2023], [2025]]",True
JNK,TLT,QQQ,21,252,0.2,312,0.44680851063829785,0.8937573946698217,28,0.42857142857142855,"[[2008], [2008], [2008], [2009], [2010], [2012], [2013], [2013], [2014], [2015], [2015], [2016], [2016], [2017], [2018], [2018], [2020], [2021], [2021], [2022], [2022], [2022, 2023], [2023], [2024], [2024], [2024], [2024], [2025]]",True
JNK,TLT,QQQ,63,21,0.05,32,0.5333333333333333,1.0666666666666667,2,0.0,"[[2009], [2022]]",False
JNK,TLT,QQQ,63,21,0.1,108,0.5904761904761905,1.180952380952381,3,0.0,"[[2009], [2013], [2022]]",True
JNK,TLT,QQQ,63,21,0.2,256,0.536,1.072,9,0.3333333333333333,"[[2009], [2013], [2015], [2016], [2018], [2018], [2020], [2021, 2022], [2023]]",True
JNK,TLT,QQQ,63,63,0.05,32,0.5161290322580645,1.032415709303013,2,0.5,"[[2009], [2022]]",False
JNK,TLT,QQQ,63,63,0.1,108,0.5588235294117647,1.1178177440799166,3,0.0,"[[2009], [2013], [2022]]",True
JNK,TLT,QQQ,63,63,0.2,256,0.5267489711934157,1.0536588308936101,7,0.42857142857142855,"[[2009], [2013], [2015], [2018], [2018], [2020], [2023]]",True
JNK,TLT,QQQ,63,126,0.05,32,0.4666666666666667,0.9333333333333333,2,0.5,"[[2009], [2022]]",False
JNK,TLT,QQQ,63,126,0.1,108,0.638095238095238,1.276190476190476,3,0.0,"[[2009], [2013], [2022]]",True
JNK,TLT,QQQ,63,126,0.2,256,0.5101214574898786,1.0202429149797572,9,0.1111111111111111,"[[2009], [2013], [2015], [2016], [2018], [2018], [2020], [2021, 2022], [2023]]",True
JNK,TLT,QQQ,63,252,0.05,32,0.3793103448275862,0.7587398572155958,2,0.0,"[[2009], [2022]]",False
JNK,TLT,QQQ,63,252,0.1,108,0.5825242718446602,1.1652315547706413,3,0.0,"[[2009], [2013], [2022]]",True
JNK,TLT,QQQ,63,252,0.2,256,0.4939271255060729,0.9880094276145668,8,0.25,"[[2009], [2013], [2015], [2016], [2018], [2018], [2021, 2022], [2023]]",True
JNK,TLT,QQQ,126,21,0.05,36,0.35294117647058826,0.7058823529411765,1,0.0,[[2022]],False
JNK,TLT,QQQ,126,21,0.1,94,0.5604395604395604,1.120879120879121,1,1.0,[[2022]],False
JNK,TLT,QQQ,126,21,0.2,224,0.5753424657534246,1.1506849315068493,5,0.0,"[[2013], [2015], [2018], [2022, 2023], [2025]]",True
JNK,TLT,QQQ,126,63,0.05,36,0.42857142857142855,0.8572737586176804,1,0.0,[[2022]],False
JNK,TLT,QQQ,126,63,0.1,94,0.6521739130434783,1.3045470239834267,1,1.0,[[2022]],False
JNK,TLT,QQQ,126,63,0.2,224,0.6267281105990783,1.2536476470108013,5,0.2,"[[2013], [2015], [2018], [2022, 2023], [2025]]",True
JNK,TLT,QQQ,126,126,0.05,36,0.9428571428571428,1.8857142857142857,1,0.0,[[2022]],False
JNK,TLT,QQQ,126,126,0.1,94,0.8695652173913043,1.7391304347826086,1,0.0,[[2022]],False
JNK,TLT,QQQ,126,126,0.2,224,0.7083333333333334,1.4166666666666667,5,0.2,"[[2013], [2015], [2018], [2022, 2023], [2025]]",True
JNK,TLT,QQQ,126,252,0.05,36,0.9411764705882353,1.882648629668644,1,0.0,[[2022]],False
JNK,TLT,QQQ,126,252,0.1,94,0.8651685393258427,1.730608887806359,1,0.0,[[2022]],False
JNK,TLT,QQQ,126,252,0.2,224,0.6976744186046512,1.3955680248997218,5,0.2,"[[2013], [2015], [2018], [2022, 2023], [2025]]",True
JNK,TLT,QQQ,252,21,0.05,52,0.45098039215686275,0.9019607843137255,1,0.0,[[2022]],False
JNK,TLT,QQQ,252,21,0.1,153,0.6326530612244898,1.2653061224489797,1,0.0,[[2022]],False
JNK,TLT,QQQ,252,21,0.2,249,0.6224066390041494,1.2448132780082988,2,0.5,"[[2015], [2022, 2023]]",False
JNK,TLT,QQQ,252,63,0.05,52,0.47058823529411764,0.9413202055409825,1,0.0,[[2022]],False
JNK,TLT,QQQ,252,63,0.1,153,0.697986577181208,1.396186345131256,1,0.0,[[2022]],False
JNK,TLT,QQQ,252,63,0.2,249,0.6041666666666666,1.2085178680513133,2,0.5,"[[2015], [2022, 2023]]",False
JNK,TLT,QQQ,252,126,0.05,52,0.7058823529411765,1.411764705882353,1,0.0,[[2022]],False
JNK,TLT,QQQ,252,126,0.1,153,0.7074829931972789,1.4149659863945578,1,0.0,[[2022]],False
JNK,TLT,QQQ,252,126,0.2,249,0.6541666666666667,1.3083333333333333,2,0.5,"[[2015], [2022, 2023]]",False
JNK,TLT,QQQ,252,252,0.05,52,0.58,1.160182218033302,1,0.0,[[2022]],False
JNK,TLT,QQQ,252,252,0.1,153,0.636986301369863,1.27417272410365,1,0.0,[[2022]],False
JNK,TLT,QQQ,252,252,0.2,249,0.6050420168067226,1.2102741190726998,2,0.5,"[[2015], [2022, 2023]]",False
JNK,TLT,IWM,21,21,0.05,18,0.4117647058823529,0.8235294117647058,5,0.2,"[[2009], [2013], [2016], [2022], [2022]]",True
JNK,TLT,IWM,21,21,0.1,97,0.5425531914893617,1.0851063829787233,12,0.25,"[[2008], [2009], [2010], [2013], [2016], [2018], [2022], [2022], [2022, 2023], [2023], [2024], [2025]]",True
JNK,TLT,IWM,21,21,0.2,312,0.506578947368421,1.013157894736842,30,0.3333333333333333,"[[2008], [2008], [2008], [2010], [2010], [2012], [2013], [2013], [2014], [2015], [2015], [2016], [2016], [2017], [2018], [2018], [2020], [2021], [2021], [2022], [2022], [2022, 2023], [2023], [2024], [2024], [2024], [2024], [2025], [2025], [2026]]",True
JNK,TLT,IWM,21,63,0.05,18,0.05555555555555555,0.1111111111111111,5,0.0,"[[2009], [2013], [2016], [2022], [2022]]",True
JNK,TLT,IWM,21,63,0.1,97,0.3978494623655914,0.7956989247311828,10,0.2,"[[2008], [2010], [2013], [2016], [2018], [2022], [2022], [2022, 2023], [2023], [2025]]",True
JNK,TLT,IWM,21,63,0.2,312,0.4557823129251701,0.9115646258503401,28,0.39285714285714285,"[[2008], [2008], [2008], [2009], [2010], [2010], [2012], [2013], [2013], [2014], [2015], [2015], [2016], [2016], [2017], [2018], [2020], [2021], [2021], [2022], [2022], [2022, 2023], [2024], [2024], [2024], [2025], [2025], [2026]]",True
JNK,TLT,IWM,21,126,0.05,18,0.2777777777777778,0.5556454221934649,5,0.0,"[[2009], [2013], [2016], [2022], [2022]]",True
JNK,TLT,IWM,21,126,0.1,97,0.43478260869565216,0.869705878215858,11,0.2727272727272727,"[[2008], [2009], [2013], [2016], [2018], [2022], [2022], [2022, 2023], [2023], [2024], [2025]]",True
JNK,TLT,IWM,21,126,0.2,312,0.48951048951048953,0.9791793454038682,30,0.43333333333333335,"[[2008], [2008], [2008], [2009], [2010], [2010], [2012], [2013], [2013], [2014], [2015], [2015], [2016], [2016], [2017], [2018], [2018], [2020], [2021], [2021], [2022], [2022], [2022, 2023], [2023], [2024], [2024], [2024], [2024], [2025], [2025]]",True
JNK,TLT,IWM,21,252,0.05,18,0.0625,0.12502059986816083,4,0.0,"[[2009], [2013], [2016], [2022]]",True
JNK,TLT,IWM,21,252,0.1,97,0.4065934065934066,0.8133208255159474,11,0.2727272727272727,"[[2008], [2009], [2010], [2013], [2016], [2018], [2022], [2022], [2022, 2023], [2023], [2025]]",True
JNK,TLT,IWM,21,252,0.2,312,0.5070921985815603,1.0143515336820994,28,0.42857142857142855,"[[2008], [2008], [2008], [2009], [2010], [2012], [2013], [2013], [2014], [2015], [2015], [2016], [2016], [2017], [2018], [2018], [2020], [2021], [2021], [2022], [2022], [2022, 2023], [2023], [2024], [2024], [2024], [2024], [2025]]",True
JNK,TLT,IWM,63,21,0.05,32,0.16666666666666666,0.3333333333333333,2,0.0,"[[2009], [2022]]",False
JNK,TLT,IWM,63,21,0.1,108,0.45714285714285713,0.9142857142857143,3,0.0,"[[2009], [2013], [2022]]",True
JNK,TLT,IWM,63,21,0.2,256,0.52,1.04,9,0.4444444444444444,"[[2009], [2013], [2015], [2016], [2018], [2018], [2020], [2021, 2022], [2023]]",True
JNK,TLT,IWM,63,63,0.05,32,0.3225806451612903,0.6451612903225806,2,0.5,"[[2009], [2022]]",False
JNK,TLT,IWM,63,63,0.1,108,0.5098039215686274,1.0196078431372548,3,0.0,"[[2009], [2013], [2022]]",True
JNK,TLT,IWM,63,63,0.2,256,0.48148148148148145,0.9629629629629629,7,0.2857142857142857,"[[2009], [2013], [2015], [2018], [2018], [2020], [2023]]",True
JNK,TLT,IWM,63,126,0.05,32,0.3,0.600097055968942,2,0.0,"[[2009], [2022]]",False
JNK,TLT,IWM,63,126,0.1,108,0.5333333333333333,1.0668392106114526,3,0.3333333333333333,"[[2009], [2013], [2022]]",True
JNK,TLT,IWM,63,126,0.2,256,0.44129554655870445,0.8827338610069458,9,0.3333333333333333,"[[2009], [2013], [2015], [2016], [2018], [2018], [2020], [2021, 2022], [2023]]",True
JNK,TLT,IWM,63,252,0.05,32,0.3793103448275862,0.7587457095447002,2,0.0,"[[2009], [2022]]",False
JNK,TLT,IWM,63,252,0.1,108,0.5631067961165048,1.1263991910451772,3,0.0,"[[2009], [2013], [2022]]",True
JNK,TLT,IWM,63,252,0.2,256,0.5344129554655871,1.0690020523139907,8,0.5,"[[2009], [2013], [2015], [2016], [2018], [2018], [2021, 2022], [2023]]",True
JNK,TLT,IWM,126,21,0.05,36,0.23529411764705882,0.47058823529411764,1,0.0,[[2022]],False
JNK,TLT,IWM,126,21,0.1,94,0.43956043956043955,0.8791208791208791,1,0.0,[[2022]],False
JNK,TLT,IWM,126,21,0.2,224,0.5251141552511416,1.0502283105022832,5,0.4,"[[2013], [2015], [2018], [2022, 2023], [2025]]",True
JNK,TLT,IWM,126,63,0.05,36,0.34285714285714286,0.6857142857142857,1,0.0,[[2022]],False
JNK,TLT,IWM,126,63,0.1,94,0.532608695652174,1.065217391304348,1,0.0,[[2022]],False
JNK,TLT,IWM,126,63,0.2,224,0.5391705069124424,1.0783410138248848,5,0.2,"[[2013], [2015], [2018], [2022, 2023], [2025]]",True
JNK,TLT,IWM,126,126,0.05,36,0.5142857142857142,1.028737810232472,1,0.0,[[2022]],False
JNK,TLT,IWM,126,126,0.1,94,0.6413043478260869,1.2828161703683905,1,0.0,[[2022]],False
JNK,TLT,IWM,126,126,0.2,224,0.6898148148148148,1.3798527984471043,5,0.2,"[[2013], [2015], [2018], [2022, 2023], [2025]]",True
JNK,TLT,IWM,126,252,0.05,36,0.5294117647058824,1.0589980224126565,1,0.0,[[2022]],False
JNK,TLT,IWM,126,252,0.1,94,0.7191011235955056,1.4384392614044572,1,1.0,[[2022]],False
JNK,TLT,IWM,126,252,0.2,224,0.7488372093023256,1.49792123376922,5,0.2,"[[2013], [2015], [2018], [2022, 2023], [2025]]",True
JNK,TLT,IWM,252,21,0.05,52,0.3333333333333333,0.6666666666666666,1,0.0,[[2022]],False
JNK,TLT,IWM,252,21,0.1,153,0.5374149659863946,1.0748299319727892,1,0.0,[[2022]],False
JNK,TLT,IWM,252,21,0.2,249,0.6016597510373444,1.2033195020746887,2,1.0,"[[2015], [2022, 2023]]",False
JNK,TLT,IWM,252,63,0.05,52,0.1568627450980392,0.3137254901960784,1,0.0,[[2022]],False
JNK,TLT,IWM,252,63,0.1,153,0.5771812080536913,1.1543624161073827,1,0.0,[[2022]],False
JNK,TLT,IWM,252,63,0.2,249,0.5958333333333333,1.1916666666666667,2,0.5,"[[2015], [2022, 2023]]",False
JNK,TLT,IWM,252,126,0.05,52,0.3137254901960784,0.6275524768302662,1,1.0,[[2022]],False
JNK,TLT,IWM,252,126,0.1,153,0.6598639455782312,1.3199413702718226,1,1.0,[[2022]],False
JNK,TLT,IWM,252,126,0.2,249,0.75,1.5002426399223552,2,0.5,"[[2015], [2022, 2023]]",False
JNK,TLT,IWM,252,252,0.05,52,0.54,1.0801779828609097,1,0.0,[[2022]],False
JNK,TLT,IWM,252,252,0.1,153,0.7465753424657534,1.4933967545895377,1,0.0,[[2022]],False
JNK,TLT,IWM,252,252,0.2,249,0.7689075630252101,1.5380685563612393,2,0.0,"[[2015], [2022, 2023]]",False
JNK,TLT,DIA,21,21,0.05,18,0.35294117647058826,0.7059852212525932,5,0.2,"[[2009], [2013], [2016], [2022], [2022]]",True
JNK,TLT,DIA,21,21,0.1,97,0.5531914893617021,1.1065442120342064,12,0.25,"[[2008], [2009], [2010], [2013], [2016], [2018], [2022], [2022], [2022, 2023], [2023], [2024], [2025]]",True
JNK,TLT,DIA,21,21,0.2,312,0.5328947368421053,1.0659447912991455,30,0.36666666666666664,"[[2008], [2008], [2008], [2010], [2010], [2012], [2013], [2013], [2014], [2015], [2015], [2016], [2016], [2017], [2018], [2018], [2020], [2021], [2021], [2022], [2022], [2022, 2023], [2023], [2024], [2024], [2024], [2024], [2025], [2025], [2026]]",True
JNK,TLT,DIA,21,63,0.05,18,0.0,0.0,5,0.0,"[[2009], [2013], [2016], [2022], [2022]]",True
JNK,TLT,DIA,21,63,0.1,97,0.44086021505376344,0.8818496388458194,10,0.2,"[[2008], [2010], [2013], [2016], [2018], [2022], [2022], [2022, 2023], [2023], [2025]]",True
JNK,TLT,DIA,21,63,0.2,312,0.47278911564625853,0.9457167978563056,28,0.35714285714285715,"[[2008], [2008], [2008], [2009], [2010], [2010], [2012], [2013], [2013], [2014], [2015], [2015], [2016], [2016], [2017], [2018], [2020], [2021], [2021], [2022], [2022], [2022, 2023], [2024], [2024], [2024], [2025], [2025], [2026]]",True
JNK,TLT,DIA,21,126,0.05,18,0.2222222222222222,0.4445102101213376,5,0.0,"[[2009], [2013], [2016], [2022], [2022]]",True
JNK,TLT,DIA,21,126,0.1,97,0.34782608695652173,0.6957551114942676,11,0.18181818181818182,"[[2008], [2009], [2013], [2016], [2018], [2022], [2022], [2022, 2023], [2023], [2024], [2025]]",True
JNK,TLT,DIA,21,126,0.2,312,0.46853146853146854,0.937201596864219,30,0.5,"[[2008], [2008], [2008], [2009], [2010], [2010], [2012], [2013], [2013], [2014], [2015], [2015], [2016], [2016], [2017], [2018], [2018], [2020], [2021], [2021], [2022], [2022], [2022, 2023], [2023], [2024], [2024], [2024], [2024], [2025], [2025]]",True
JNK,TLT,DIA,21,252,0.05,18,0.125,0.25003763926528155,4,0.25,"[[2009], [2013], [2016], [2022]]",True
JNK,TLT,DIA,21,252,0.1,97,0.43956043956043955,0.8792532369768142,11,0.45454545454545453,"[[2008], [2009], [2010], [2013], [2016], [2018], [2022], [2022], [2022, 2023], [2023], [2025]]",True
JNK,TLT,DIA,21,252,0.2,312,0.4929078014184397,0.9859640243368549,28,0.42857142857142855,"[[2008], [2008], [2008], [2009], [2010], [2012], [2013], [2013], [2014], [2015], [2015], [2016], [2016], [2017], [2018], [2018], [2020], [2021], [2021], [2022], [2022], [2022, 2023], [2023], [2024], [2024], [2024], [2024], [2025]]",True
JNK,TLT,DIA,63,21,0.05,32,0.16666666666666666,0.33338191003594675,2,0.0,"[[2009], [2022]]",False
JNK,TLT,DIA,63,21,0.1,108,0.42857142857142855,0.857267768663863,3,0.0,"[[2009], [2013], [2022]]",True
JNK,TLT,DIA,63,21,0.2,256,0.484,0.9681410667443894,9,0.3333333333333333,"[[2009], [2013], [2015], [2016], [2018], [2018], [2020], [2021, 2022], [2023]]",True
JNK,TLT,DIA,63,63,0.05,32,0.25806451612903225,0.5162046666414553,2,0.0,"[[2009], [2022]]",False
JNK,TLT,DIA,63,63,0.1,108,0.5392156862745098,1.0785894076270601,3,0.0,"[[2009], [2013], [2022]]",True
JNK,TLT,DIA,63,63,0.2,256,0.5679012345679012,1.135968911467153,7,0.5714285714285714,"[[2009], [2013], [2015], [2018], [2018], [2020], [2023]]",True
JNK,TLT,DIA,63,126,0.05,32,0.4,0.8001183782184078,2,0.0,"[[2009], [2022]]",False
JNK,TLT,DIA,63,126,0.1,108,0.6190476190476191,1.2382784424808693,3,0.3333333333333333,"[[2009], [2013], [2022]]",True
JNK,TLT,DIA,63,126,0.2,256,0.5668016194331984,1.1337709812811447,9,0.4444444444444444,"[[2009], [2013], [2015], [2016], [2018], [2018], [2020], [2021, 2022], [2023]]",True
JNK,TLT,DIA,63,252,0.05,32,0.2413793103448276,0.4828313034088196,2,0.0,"[[2009], [2022]]",False
JNK,TLT,DIA,63,252,0.1,108,0.5339805825242718,1.0681219541429503,3,0.0,"[[2009], [2013], [2022]]",True
JNK,TLT,DIA,63,252,0.2,256,0.5263157894736842,1.0527900600643434,8,0.5,"[[2009], [2013], [2015], [2016], [2018], [2018], [2021, 2022], [2023]]",True
JNK,TLT,DIA,126,21,0.05,36,0.2647058823529412,0.5294889159394448,1,0.0,[[2022]],False
JNK,TLT,DIA,126,21,0.1,94,0.42857142857142855,0.857267768663863,1,0.0,[[2022]],False
JNK,TLT,DIA,126,21,0.2,224,0.54337899543379,1.0869163642267854,5,0.6,"[[2013], [2015], [2018], [2022, 2023], [2025]]",True
JNK,TLT,DIA,126,63,0.05,36,0.5428571428571428,1.085873388042204,1,0.0,[[2022]],False
JNK,TLT,DIA,126,63,0.1,94,0.6847826086956522,1.3697659156939703,1,0.0,[[2022]],False
JNK,TLT,DIA,126,63,0.2,224,0.695852534562212,1.391909011836781,5,0.2,"[[2013], [2015], [2018], [2022, 2023], [2025]]",True
JNK,TLT,DIA,126,126,0.05,36,0.5714285714285714,1.1430262545977254,1,0.0,[[2022]],False
JNK,TLT,DIA,126,126,0.1,94,0.5869565217391305,1.1740867506465769,1,0.0,[[2022]],False
JNK,TLT,DIA,126,126,0.2,224,0.6018518518518519,1.203881819078623,5,0.0,"[[2013], [2015], [2018], [2022, 2023], [2025]]",True
JNK,TLT,DIA,126,252,0.05,36,0.7352941176470589,1.4708096427369504,1,0.0,[[2022]],False
JNK,TLT,DIA,126,252,0.1,94,0.7865168539325843,1.5732705391972772,1,0.0,[[2022]],False
JNK,TLT,DIA,126,252,0.2,224,0.7813953488372093,1.5630259868490157,5,0.2,"[[2013], [2015], [2018], [2022, 2023], [2025]]",True
JNK,TLT,DIA,252,21,0.05,52,0.3137254901960784,0.6275424188911939,1,0.0,[[2022]],False
JNK,TLT,DIA,252,21,0.1,153,0.5170068027210885,1.0341642923564063,1,0.0,[[2022]],False
JNK,TLT,DIA,252,21,0.2,249,0.5643153526970954,1.1287951808685999,2,0.5,"[[2015], [2022, 2023]]",False
JNK,TLT,DIA,252,63,0.05,52,0.27450980392156865,0.5491000620646852,1,0.0,[[2022]],False
JNK,TLT,DIA,252,63,0.1,153,0.6174496644295302,1.2350802930045557,1,1.0,[[2022]],False
JNK,TLT,DIA,252,63,0.2,249,0.675,1.3501978311840563,2,0.5,"[[2015], [2022, 2023]]",False
JNK,TLT,DIA,252,126,0.05,52,0.11764705882352941,0.23532893477011993,1,1.0,[[2022]],False
JNK,TLT,DIA,252,126,0.1,153,0.5510204081632653,1.1022038883620924,1,1.0,[[2022]],False
JNK,TLT,DIA,252,126,0.2,249,0.6958333333333333,1.3918725954424385,2,0.5,"[[2015], [2022, 2023]]",False
JNK,TLT,DIA,252,252,0.05,52,0.58,1.1601746461909064,1,0.0,[[2022]],False
JNK,TLT,DIA,252,252,0.1,153,0.7876712328767124,1.5755796446853358,1,1.0,[[2022]],False
JNK,TLT,DIA,252,252,0.2,249,0.7941176470588235,1.5884744141559062,2,0.5,"[[2015], [2022, 2023]]",False
JNK,TLH,SPY,21,21,0.05,25,0.5416666666666666,1.0834669791923677,6,0.3333333333333333,"[[2008], [2009], [2013], [2016], [2022], [2022]]",True
JNK,TLH,SPY,21,21,0.1,100,0.6224489795918368,1.2450515365287493,11,0.2727272727272727,"[[2008], [2009], [2010], [2013], [2016], [2022], [2022], [2022, 2023], [2023], [2024], [2025]]",True
JNK,TLH,SPY,21,21,0.2,308,0.53,1.06013076733284,29,0.3448275862068966,"[[2008], [2008], [2008], [2009], [2010], [2012], [2013], [2013], [2014], [2015], [2015], [2016], [2016], [2017], [2018], [2020], [2021], [2021], [2022], [2022], [2022, 2023], [2023], [2024], [2024], [2024], [2024], [2025], [2025], [2026]]",True
JNK,TLH,SPY,21,63,0.05,25,0.4,0.8000991571641051,6,0.16666666666666666,"[[2008], [2009], [2013], [2016], [2022], [2022]]",True
JNK,TLH,SPY,21,63,0.1,100,0.47959183673469385,0.9593025608855341,10,0.1,"[[2008], [2009], [2010], [2013], [2016], [2022], [2022], [2022, 2023], [2023], [2025]]",True
JNK,TLH,SPY,21,63,0.2,308,0.46048109965635736,0.9210763493126295,26,0.4230769230769231,"[[2008], [2008], [2009], [2010], [2012], [2013], [2013], [2014], [2015], [2015], [2016], [2016], [2017], [2018], [2020], [2021], [2021], [2022], [2022], [2022, 2023], [2024], [2024], [2024], [2025], [2025], [2026]]",True
JNK,TLH,SPY,21,126,0.05,25,0.625,1.25,6,0.3333333333333333,"[[2008], [2009], [2013], [2016], [2022], [2022]]",True
JNK,TLH,SPY,21,126,0.1,100,0.44680851063829785,0.8936170212765957,9,0.2222222222222222,"[[2008], [2009], [2013], [2016], [2022], [2022], [2023], [2024], [2025]]",True
JNK,TLH,SPY,21,126,0.2,308,0.48936170212765956,0.9787234042553191,28,0.5,"[[2008], [2008], [2008], [2009], [2010], [2012], [2013], [2013], [2014], [2015], [2015], [2016], [2016], [2017], [2018], [2020], [2021], [2021], [2022], [2022], [2022, 2023], [2023], [2024], [2024], [2024], [2024], [2025], [2025]]",True
JNK,TLH,SPY,21,252,0.05,25,0.43478260869565216,0.8695652173913043,5,0.4,"[[2008], [2009], [2013], [2016], [2022]]",True
JNK,TLH,SPY,21,252,0.1,100,0.43157894736842106,0.8631578947368421,10,0.3,"[[2008], [2009], [2010], [2013], [2016], [2022], [2022], [2022, 2023], [2023], [2025]]",True
JNK,TLH,SPY,21,252,0.2,308,0.4874551971326165,0.974910394265233,25,0.48,"[[2008], [2008], [2008], [2012], [2013], [2013], [2014], [2015], [2015], [2016], [2016], [2017], [2018], [2020], [2021], [2021], [2022], [2022], [2022, 2023], [2023], [2024], [2024], [2024], [2024], [2025]]",True
JNK,TLH,SPY,63,21,0.05,33,0.25806451612903225,0.5161927047268849,1,0.0,[[2022]],False
JNK,TLH,SPY,63,21,0.1,108,0.49523809523809526,0.9905983809758792,3,0.0,"[[2009], [2013], [2022]]",True
JNK,TLH,SPY,63,21,0.2,244,0.5252100840336135,1.0505497535801886,9,0.3333333333333333,"[[2009], [2013], [2015], [2016], [2018], [2018], [2020], [2021, 2022], [2023]]",True
JNK,TLH,SPY,63,63,0.05,33,0.34375,0.6875852131879028,1,1.0,[[2022]],False
JNK,TLH,SPY,63,63,0.1,108,0.5728155339805825,1.145773064870927,3,0.0,"[[2009], [2013], [2022]]",True
JNK,TLH,SPY,63,63,0.2,244,0.5450643776824035,1.0902638729596712,7,0.42857142857142855,"[[2009], [2013], [2015], [2018], [2018], [2020], [2023]]",True
JNK,TLH,SPY,63,126,0.05,33,0.45161290322580644,0.9032258064516129,1,0.0,[[2022]],False
JNK,TLH,SPY,63,126,0.1,108,0.7047619047619048,1.4095238095238096,3,0.3333333333333333,"[[2009], [2013], [2022]]",True
JNK,TLH,SPY,63,126,0.2,244,0.6127659574468085,1.225531914893617,9,0.4444444444444444,"[[2009], [2013], [2015], [2016], [2018], [2018], [2020], [2021, 2022], [2023]]",True
JNK,TLH,SPY,63,252,0.05,33,0.43333333333333335,0.8666666666666667,1,0.0,[[2022]],False
JNK,TLH,SPY,63,252,0.1,108,0.6407766990291263,1.2815533980582525,3,0.0,"[[2009], [2013], [2022]]",True
JNK,TLH,SPY,63,252,0.2,244,0.5361702127659574,1.0723404255319149,8,0.25,"[[2009], [2013], [2015], [2016], [2018], [2018], [2021, 2022], [2023]]",True
JNK,TLH,SPY,126,21,0.05,36,0.3235294117647059,0.6471386482053962,1,0.0,[[2022]],False
JNK,TLH,SPY,126,21,0.1,96,0.4838709677419355,0.9678613213629093,1,0.0,[[2022]],False
JNK,TLH,SPY,126,21,0.2,225,0.5227272727272727,1.045583518381446,4,0.0,"[[2013], [2018], [2022, 2023], [2025]]",True
JNK,TLH,SPY,126,63,0.05,36,0.4857142857142857,0.9715489765564133,1,0.0,[[2022]],False
JNK,TLH,SPY,126,63,0.1,96,0.648936170212766,1.2980332071013407,1,0.0,[[2022]],False
JNK,TLH,SPY,126,63,0.2,225,0.6227272727272727,1.2456089151304817,4,0.0,"[[2013], [2018], [2022, 2023], [2025]]",True
JNK,TLH,SPY,126,126,0.05,36,0.9428571428571428,1.8857142857142857,1,0.0,[[2022]],False
JNK,TLH,SPY,126,126,0.1,96,0.8617021276595744,1.7234042553191489,1,0.0,[[2022]],False
JNK,TLH,SPY,126,126,0.2,225,0.7511520737327189,1.5023041474654377,4,0.0,"[[2013], [2018], [2022, 2023], [2025]]",True
JNK,TLH,SPY,126,252,0.05,36,0.9411764705882353,1.8823529411764706,1,0.0,[[2022]],False
JNK,TLH,SPY,126,252,0.1,96,0.8681318681318682,1.7362637362637363,1,0.0,[[2022]],False
JNK,TLH,SPY,126,252,0.2,225,0.7592592592592593,1.5185185185185186,4,0.25,"[[2013], [2018], [2022, 2023], [2025]]",True
JNK,TLH,SPY,252,21,0.05,52,0.35294117647058826,0.7059694344058868,1,0.0,[[2022]],False
JNK,TLH,SPY,252,21,0.1,154,0.5472972972972973,1.094729629703723,1,0.0,[[2022]],False
JNK,TLH,SPY,252,21,0.2,224,0.5898617511520737,1.179869039375737,2,0.0,"[[2018], [2022, 2023]]",False
JNK,TLH,SPY,252,63,0.05,52,0.27450980392156865,0.5490876568773271,1,0.0,[[2022]],False
JNK,TLH,SPY,252,63,0.1,154,0.6666666666666666,1.3334985952735083,1,0.0,[[2022]],False
JNK,TLH,SPY,252,63,0.2,224,0.6620370370370371,1.324238188361887,2,0.0,"[[2018], [2022, 2023]]",False
JNK,TLH,SPY,252,126,0.05,52,0.6862745098039216,1.3725490196078431,1,1.0,[[2022]],False
JNK,TLH,SPY,252,126,0.1,154,0.8378378378378378,1.6756756756756757,1,0.0,[[2022]],False
JNK,TLH,SPY,252,126,0.2,224,0.7592592592592593,1.5185185185185186,2,0.0,"[[2018], [2022, 2023]]",False
JNK,TLH,SPY,252,252,0.05,52,0.68,1.36,1,0.0,[[2022]],False
JNK,TLH,SPY,252,252,0.1,154,0.6870748299319728,1.3741496598639455,1,0.0,[[2022]],False
JNK,TLH,SPY,252,252,0.2,224,0.6542056074766355,1.308411214953271,2,0.5,"[[2018], [2022, 2023]]",False
JNK,TLH,QQQ,21,21,0.05,25,0.625,1.25,6,0.5,"[[2008], [2009], [2013], [2016], [2022], [2022]]",True
JNK,TLH,QQQ,21,21,0.1,100,0.6428571428571429,1.2857142857142858,11,0.36363636363636365,"[[2008], [2009], [2010], [2013], [2016], [2022], [2022], [2022, 2023], [2023], [2024], [2025]]",True
JNK,TLH,QQQ,21,21,0.2,308,0.5366666666666666,1.0733333333333333,29,0.3103448275862069,"[[2008], [2008], [2008], [2009], [2010], [2012], [2013], [2013], [2014], [2015], [2015], [2016], [2016], [2017], [2018], [2020], [2021], [2021], [2022], [2022], [2022, 2023], [2023], [2024], [2024], [2024], [2024], [2025], [2025], [2026]]",True
JNK,TLH,QQQ,21,63,0.05,25,0.44,0.8801343921808186,6,0.16666666666666666,"[[2008], [2009], [2013], [2016], [2022], [2022]]",True
JNK,TLH,QQQ,21,63,0.1,100,0.4387755102040816,0.8776850385847681,10,0.1,"[[2008], [2009], [2010], [2013], [2016], [2022], [2022], [2022, 2023], [2023], [2025]]",True
JNK,TLH,QQQ,21,63,0.2,308,0.422680412371134,0.8454899268841041,26,0.4230769230769231,"[[2008], [2008], [2009], [2010], [2012], [2013], [2013], [2014], [2015], [2015], [2016], [2016], [2017], [2018], [2020], [2021], [2021], [2022], [2022], [2022, 2023], [2024], [2024], [2024], [2025], [2025], [2026]]",True
JNK,TLH,QQQ,21,126,0.05,25,0.5833333333333334,1.1666666666666667,6,0.3333333333333333,"[[2008], [2009], [2013], [2016], [2022], [2022]]",True
JNK,TLH,QQQ,21,126,0.1,100,0.425531914893617,0.851063829787234,9,0.1111111111111111,"[[2008], [2009], [2013], [2016], [2022], [2022], [2023], [2024], [2025]]",True
JNK,TLH,QQQ,21,126,0.2,308,0.4574468085106383,0.9148936170212766,28,0.4642857142857143,"[[2008], [2008], [2008], [2009], [2010], [2012], [2013], [2013], [2014], [2015], [2015], [2016], [2016], [2017], [2018], [2020], [2021], [2021], [2022], [2022], [2022, 2023], [2023], [2024], [2024], [2024], [2024], [2025], [2025]]",True
JNK,TLH,QQQ,21,252,0.05,25,0.30434782608695654,0.608791268833067,5,0.2,"[[2008], [2009], [2013], [2016], [2022]]",True
JNK,TLH,QQQ,21,252,0.1,100,0.3263157894736842,0.6527340972601154,10,0.2,"[[2008], [2009], [2010], [2013], [2016], [2022], [2022], [2022, 2023], [2023], [2025]]",True
JNK,TLH,QQQ,21,252,0.2,308,0.4229390681003584,0.8460110105545027,25,0.44,"[[2008], [2008], [2008], [2012], [2013], [2013], [2014], [2015], [2015], [2016], [2016], [2017], [2018], [2020], [2021], [2021], [2022], [2022], [2022, 2023], [2023], [2024], [2024], [2024], [2024], [2025]]",True
JNK,TLH,QQQ,63,21,0.05,33,0.5483870967741935,1.096774193548387,1,0.0,[[2022]],False
JNK,TLH,QQQ,63,21,0.1,108,0.6190476190476191,1.2380952380952381,3,0.0,"[[2009], [2013], [2022]]",True
JNK,TLH,QQQ,63,21,0.2,244,0.5588235294117647,1.1176470588235294,9,0.3333333333333333,"[[2009], [2013], [2015], [2016], [2018], [2018], [2020], [2021, 2022], [2023]]",True
JNK,TLH,QQQ,63,63,0.05,33,0.5,1.0001527183872938,1,1.0,[[2022]],False
JNK,TLH,QQQ,63,63,0.1,108,0.5825242718446602,1.1652264680240316,3,0.0,"[[2009], [2013], [2022]]",True
JNK,TLH,QQQ,63,63,0.2,244,0.5450643776824035,1.0902952380702688,7,0.42857142857142855,"[[2009], [2013], [2015], [2018], [2018], [2020], [2023]]",True
JNK,TLH,QQQ,63,126,0.05,33,0.5161290322580645,1.032258064516129,1,1.0,[[2022]],False
JNK,TLH,QQQ,63,126,0.1,108,0.6952380952380952,1.3904761904761904,3,0.0,"[[2009], [2013], [2022]]",True
JNK,TLH,QQQ,63,126,0.2,244,0.5404255319148936,1.0808510638297872,9,0.2222222222222222,"[[2009], [2013], [2015], [2016], [2018], [2018], [2020], [2021, 2022], [2023]]",True
JNK,TLH,QQQ,63,252,0.05,33,0.43333333333333335,0.8668028065766049,1,0.0,[[2022]],False
JNK,TLH,QQQ,63,252,0.1,108,0.6407766990291263,1.2817547102477056,3,0.0,"[[2009], [2013], [2022]]",True
JNK,TLH,QQQ,63,252,0.2,244,0.5276595744680851,1.0554849232291228,8,0.25,"[[2009], [2013], [2015], [2016], [2018], [2018], [2021, 2022], [2023]]",True
JNK,TLH,QQQ,126,21,0.05,36,0.35294117647058826,0.7058823529411765,1,0.0,[[2022]],False
JNK,TLH,QQQ,126,21,0.1,96,0.5591397849462365,1.118279569892473,1,1.0,[[2022]],False
JNK,TLH,QQQ,126,21,0.2,225,0.5681818181818182,1.1363636363636365,4,0.0,"[[2013], [2018], [2022, 2023], [2025]]",True
JNK,TLH,QQQ,126,63,0.05,36,0.42857142857142855,0.8572737586176804,1,0.0,[[2022]],False
JNK,TLH,QQQ,126,63,0.1,96,0.6595744680851063,1.3193503944683451,1,1.0,[[2022]],False
JNK,TLH,QQQ,126,63,0.2,225,0.6136363636363636,1.2274601543844061,4,0.0,"[[2013], [2018], [2022, 2023], [2025]]",True
JNK,TLH,QQQ,126,126,0.05,36,0.9428571428571428,1.8857142857142857,1,0.0,[[2022]],False
JNK,TLH,QQQ,126,126,0.1,96,0.8723404255319149,1.7446808510638299,1,0.0,[[2022]],False
JNK,TLH,QQQ,126,126,0.2,225,0.7004608294930875,1.400921658986175,4,0.0,"[[2013], [2018], [2022, 2023], [2025]]",True
JNK,TLH,QQQ,126,252,0.05,36,0.9411764705882353,1.882648629668644,1,0.0,[[2022]],False
JNK,TLH,QQQ,126,252,0.1,96,0.8681318681318682,1.7365364764045255,1,0.0,[[2022]],False
JNK,TLH,QQQ,126,252,0.2,225,0.7175925925925926,1.4354106305488648,4,0.25,"[[2013], [2018], [2022, 2023], [2025]]",True
JNK,TLH,QQQ,252,21,0.05,52,0.45098039215686275,0.9019607843137255,1,0.0,[[2022]],False
JNK,TLH,QQQ,252,21,0.1,154,0.6283783783783784,1.2567567567567568,1,0.0,[[2022]],False
JNK,TLH,QQQ,252,21,0.2,224,0.6451612903225806,1.2903225806451613,2,0.0,"[[2018], [2022, 2023]]",False
JNK,TLH,QQQ,252,63,0.05,52,0.47058823529411764,0.9413202055409825,1,0.0,[[2022]],False
JNK,TLH,QQQ,252,63,0.1,154,0.7,1.4002138057422113,1,0.0,[[2022]],False
JNK,TLH,QQQ,252,63,0.2,224,0.6388888888888888,1.2779729179393198,2,0.0,"[[2018], [2022, 2023]]",False
JNK,TLH,QQQ,252,126,0.05,52,0.7058823529411765,1.411764705882353,1,0.0,[[2022]],False
JNK,TLH,QQQ,252,126,0.1,154,0.7094594594594594,1.4189189189189189,1,0.0,[[2022]],False
JNK,TLH,QQQ,252,126,0.2,224,0.6157407407407407,1.2314814814814814,2,0.0,"[[2018], [2022, 2023]]",False
JNK,TLH,QQQ,252,252,0.05,52,0.58,1.160182218033302,1,0.0,[[2022]],False
JNK,TLH,QQQ,252,252,0.1,154,0.6394557823129252,1.2791124618241894,1,0.0,[[2022]],False
JNK,TLH,QQQ,252,252,0.2,224,0.5700934579439252,1.1403660215925138,2,0.5,"[[2018], [2022, 2023]]",False
JNK,TLH,IWM,21,21,0.05,25,0.5416666666666666,1.0833333333333333,6,0.3333333333333333,"[[2008], [2009], [2013], [2016], [2022], [2022]]",True
JNK,TLH,IWM,21,21,0.1,100,0.6122448979591837,1.2244897959183674,11,0.36363636363636365,"[[2008], [2009], [2010], [2013], [2016], [2022], [2022], [2022, 2023], [2023], [2024], [2025]]",True
JNK,TLH,IWM,21,21,0.2,308,0.5066666666666667,1.0133333333333334,29,0.3103448275862069,"[[2008], [2008], [2008], [2009], [2010], [2012], [2013], [2013], [2014], [2015], [2015], [2016], [2016], [2017], [2018], [2020], [2021], [2021], [2022], [2022], [2022, 2023], [2023], [2024], [2024], [2024], [2024], [2025], [2025], [2026]]",True
JNK,TLH,IWM,21,63,0.05,25,0.4,0.8,6,0.16666666666666666,"[[2008], [2009], [2013], [2016], [2022], [2022]]",True
JNK,TLH,IWM,21,63,0.1,100,0.45918367346938777,0.9183673469387755,10,0.2,"[[2008], [2009], [2010], [2013], [2016], [2022], [2022], [2022, 2023], [2023], [2025]]",True
JNK,TLH,IWM,21,63,0.2,308,0.44329896907216493,0.8865979381443299,26,0.38461538461538464,"[[2008], [2008], [2009], [2010], [2012], [2013], [2013], [2014], [2015], [2015], [2016], [2016], [2017], [2018], [2020], [2021], [2021], [2022], [2022], [2022, 2023], [2024], [2024], [2024], [2025], [2025], [2026]]",True
JNK,TLH,IWM,21,126,0.05,25,0.5416666666666666,1.0835085732772565,6,0.16666666666666666,"[[2008], [2009], [2013], [2016], [2022], [2022]]",True
JNK,TLH,IWM,21,126,0.1,100,0.5,1.0001617599482369,9,0.2222222222222222,"[[2008], [2009], [2013], [2016], [2022], [2022], [2023], [2024], [2025]]",True
JNK,TLH,IWM,21,126,0.2,308,0.48936170212765956,0.9788817225025296,28,0.42857142857142855,"[[2008], [2008], [2008], [2009], [2010], [2012], [2013], [2013], [2014], [2015], [2015], [2016], [2016], [2017], [2018], [2020], [2021], [2021], [2022], [2022], [2022, 2023], [2023], [2024], [2024], [2024], [2024], [2025], [2025]]",True
JNK,TLH,IWM,21,252,0.05,25,0.17391304347826086,0.3478834083287954,5,0.0,"[[2008], [2009], [2013], [2016], [2022]]",True
JNK,TLH,IWM,21,252,0.1,100,0.37894736842105264,0.7580196370953752,10,0.2,"[[2008], [2009], [2010], [2013], [2016], [2022], [2022], [2022, 2023], [2023], [2025]]",True
JNK,TLH,IWM,21,252,0.2,308,0.4838709677419355,0.9679014183341484,25,0.44,"[[2008], [2008], [2008], [2012], [2013], [2013], [2014], [2015], [2015], [2016], [2016], [2017], [2018], [2020], [2021], [2021], [2022], [2022], [2022, 2023], [2023], [2024], [2024], [2024], [2024], [2025]]",True
JNK,TLH,IWM,63,21,0.05,33,0.1935483870967742,0.3870967741935484,1,0.0,[[2022]],False
JNK,TLH,IWM,63,21,0.1,108,0.4857142857142857,0.9714285714285714,3,0.0,"[[2009], [2013], [2022]]",True
JNK,TLH,IWM,63,21,0.2,244,0.542016806722689,1.084033613445378,9,0.4444444444444444,"[[2009], [2013], [2015], [2016], [2018], [2018], [2020], [2021, 2022], [2023]]",True
JNK,TLH,IWM,63,63,0.05,33,0.3125,0.625,1,1.0,[[2022]],False
JNK,TLH,IWM,63,63,0.1,108,0.5339805825242718,1.0679611650485437,3,0.0,"[[2009], [2013], [2022]]",True
JNK,TLH,IWM,63,63,0.2,244,0.4978540772532189,0.9957081545064378,7,0.2857142857142857,"[[2009], [2013], [2015], [2018], [2018], [2020], [2023]]",True
JNK,TLH,IWM,63,126,0.05,33,0.3225806451612903,0.6452656515795075,1,0.0,[[2022]],False
JNK,TLH,IWM,63,126,0.1,108,0.5619047619047619,1.1239913111799231,3,0.3333333333333333,"[[2009], [2013], [2022]]",True
JNK,TLH,IWM,63,126,0.2,244,0.46382978723404256,0.9278096326328324,9,0.3333333333333333,"[[2009], [2013], [2015], [2016], [2018], [2018], [2020], [2021, 2022], [2023]]",True
JNK,TLH,IWM,63,252,0.05,33,0.36666666666666664,0.7334541858932102,1,0.0,[[2022]],False
JNK,TLH,IWM,63,252,0.1,108,0.5922330097087378,1.1846612181682037,3,0.0,"[[2009], [2013], [2022]]",True
JNK,TLH,IWM,63,252,0.2,244,0.5531914893617021,1.106565309471381,8,0.5,"[[2009], [2013], [2015], [2016], [2018], [2018], [2021, 2022], [2023]]",True
JNK,TLH,IWM,126,21,0.05,36,0.23529411764705882,0.47058823529411764,1,0.0,[[2022]],False
JNK,TLH,IWM,126,21,0.1,96,0.44086021505376344,0.8817204301075269,1,0.0,[[2022]],False
JNK,TLH,IWM,126,21,0.2,225,0.4636363636363636,0.9272727272727272,4,0.0,"[[2013], [2018], [2022, 2023], [2025]]",True
JNK,TLH,IWM,126,63,0.05,36,0.34285714285714286,0.6857142857142857,1,0.0,[[2022]],False
JNK,TLH,IWM,126,63,0.1,96,0.5425531914893617,1.0851063829787233,1,0.0,[[2022]],False
JNK,TLH,IWM,126,63,0.2,225,0.5045454545454545,1.009090909090909,4,0.0,"[[2013], [2018], [2022, 2023], [2025]]",True
JNK,TLH,IWM,126,126,0.05,36,0.5142857142857142,1.028737810232472,1,0.0,[[2022]],False
JNK,TLH,IWM,126,126,0.1,96,0.648936170212766,1.298082284188137,1,0.0,[[2022]],False
JNK,TLH,IWM,126,126,0.2,225,0.6451612903225806,1.290531303159015,4,0.0,"[[2013], [2018], [2022, 2023], [2025]]",True
JNK,TLH,IWM,126,252,0.05,36,0.5294117647058824,1.0589980224126565,1,0.0,[[2022]],False
JNK,TLH,IWM,126,252,0.1,96,0.7252747252747253,1.4507884995689873,1,1.0,[[2022]],False
JNK,TLH,IWM,126,252,0.2,225,0.7592592592592593,1.5187687687687688,4,0.25,"[[2013], [2018], [2022, 2023], [2025]]",True
JNK,TLH,IWM,252,21,0.05,52,0.3333333333333333,0.6666666666666666,1,0.0,[[2022]],False
JNK,TLH,IWM,252,21,0.1,154,0.5337837837837838,1.0675675675675675,1,0.0,[[2022]],False
JNK,TLH,IWM,252,21,0.2,224,0.5898617511520737,1.1797235023041475,2,0.5,"[[2018], [2022, 2023]]",False
JNK,TLH,IWM,252,63,0.05,52,0.1568627450980392,0.3137254901960784,1,0.0,[[2022]],False
JNK,TLH,IWM,252,63,0.1,154,0.58,1.16,1,0.0,[[2022]],False
JNK,TLH,IWM,252,63,0.2,224,0.5833333333333334,1.1666666666666667,2,0.0,"[[2018], [2022, 2023]]",False
JNK,TLH,IWM,252,126,0.05,52,0.3137254901960784,0.6275524768302662,1,1.0,[[2022]],False
JNK,TLH,IWM,252,126,0.1,154,0.6621621621621622,1.3245385469584758,1,1.0,[[2022]],False
JNK,TLH,IWM,252,126,0.2,224,0.7175925925925926,1.4354173406664508,2,0.0,"[[2018], [2022, 2023]]",False
JNK,TLH,IWM,252,252,0.05,52,0.54,1.0801779828609097,1,0.0,[[2022]],False
JNK,TLH,IWM,252,252,0.1,154,0.7482993197278912,1.4968452773330823,1,0.0,[[2022]],False
JNK,TLH,IWM,252,252,0.2,224,0.7710280373831776,1.5423102039810497,2,0.5,"[[2018], [2022, 2023]]",False
JNK,TLH,DIA,21,21,0.05,25,0.4166666666666667,0.8334547750898669,6,0.3333333333333333,"[[2008], [2009], [2013], [2016], [2022], [2022]]",True
JNK,TLH,DIA,21,21,0.1,100,0.5816326530612245,1.163434828900957,11,0.2727272727272727,"[[2008], [2009], [2010], [2013], [2016], [2022], [2022], [2022, 2023], [2023], [2024], [2025]]",True
JNK,TLH,DIA,21,21,0.2,308,0.53,1.0601544739143107,29,0.3793103448275862,"[[2008], [2008], [2008], [2009], [2010], [2012], [2013], [2013], [2014], [2015], [2015], [2016], [2016], [2017], [2018], [2020], [2021], [2021], [2022], [2022], [2022, 2023], [2023], [2024], [2024], [2024], [2024], [2025], [2025], [2026]]",True
JNK,TLH,DIA,21,63,0.05,25,0.28,0.560082063305979,6,0.16666666666666666,"[[2008], [2009], [2013], [2016], [2022], [2022]]",True
JNK,TLH,DIA,21,63,0.1,100,0.4489795918367347,0.8980907720649808,10,0.1,"[[2008], [2009], [2010], [2013], [2016], [2022], [2022], [2022, 2023], [2023], [2025]]",True
JNK,TLH,DIA,21,63,0.2,308,0.4639175257731959,0.927971017995915,26,0.34615384615384615,"[[2008], [2008], [2009], [2010], [2012], [2013], [2013], [2014], [2015], [2015], [2016], [2016], [2017], [2018], [2020], [2021], [2021], [2022], [2022], [2022, 2023], [2024], [2024], [2024], [2025], [2025], [2026]]",True
JNK,TLH,DIA,21,126,0.05,25,0.4166666666666667,0.8334566439775082,6,0.16666666666666666,"[[2008], [2009], [2013], [2016], [2022], [2022]]",True
JNK,TLH,DIA,21,126,0.1,100,0.39361702127659576,0.7873505317574758,9,0.1111111111111111,"[[2008], [2009], [2013], [2016], [2022], [2022], [2023], [2024], [2025]]",True
JNK,TLH,DIA,21,126,0.2,308,0.46099290780141844,0.9221222444006473,28,0.5,"[[2008], [2008], [2008], [2009], [2010], [2012], [2013], [2013], [2014], [2015], [2015], [2016], [2016], [2017], [2018], [2020], [2021], [2021], [2022], [2022], [2022, 2023], [2023], [2024], [2024], [2024], [2024], [2025], [2025]]",True
JNK,TLH,DIA,21,252,0.05,25,0.2608695652173913,0.5218176819449354,5,0.4,"[[2008], [2009], [2013], [2016], [2022]]",True
JNK,TLH,DIA,21,252,0.1,100,0.4105263157894737,0.8211762468501879,10,0.3,"[[2008], [2009], [2010], [2013], [2016], [2022], [2022], [2022, 2023], [2023], [2025]]",True
JNK,TLH,DIA,21,252,0.2,308,0.46953405017921146,0.9392094836918102,25,0.44,"[[2008], [2008], [2008], [2012], [2013], [2013], [2014], [2015], [2015], [2016], [2016], [2017], [2018], [2020], [2021], [2021], [2022], [2022], [2022, 2023], [2023], [2024], [2024], [2024], [2024], [2025]]",True
JNK,TLH,DIA,63,21,0.05,33,0.1935483870967742,0.3871531858481962,1,0.0,[[2022]],False
JNK,TLH,DIA,63,21,0.1,108,0.4666666666666667,0.933469348100651,3,0.0,"[[2009], [2013], [2022]]",True
JNK,TLH,DIA,63,21,0.2,244,0.5042016806722689,1.008550316075133,9,0.3333333333333333,"[[2009], [2013], [2015], [2016], [2018], [2018], [2020], [2021, 2022], [2023]]",True
JNK,TLH,DIA,63,63,0.05,33,0.25,0.5000732708089097,1,0.0,[[2022]],False
JNK,TLH,DIA,63,63,0.1,108,0.5728155339805825,1.1457989505912882,3,0.0,"[[2009], [2013], [2022]]",True
JNK,TLH,DIA,63,63,0.2,244,0.5879828326180258,1.1761379931471354,7,0.5714285714285714,"[[2009], [2013], [2015], [2018], [2018], [2020], [2023]]",True
JNK,TLH,DIA,63,126,0.05,33,0.41935483870967744,0.8388337836160727,1,0.0,[[2022]],False
JNK,TLH,DIA,63,126,0.1,108,0.6571428571428571,1.3144801927873841,3,0.3333333333333333,"[[2009], [2013], [2022]]",True
JNK,TLH,DIA,63,126,0.2,244,0.5957446808510638,1.1916656696869903,9,0.4444444444444444,"[[2009], [2013], [2015], [2016], [2018], [2018], [2020], [2021, 2022], [2023]]",True
JNK,TLH,DIA,63,252,0.05,33,0.26666666666666666,0.5334136304326006,1,0.0,[[2022]],False
JNK,TLH,DIA,63,252,0.1,108,0.5922330097087378,1.184644349140363,3,0.0,"[[2009], [2013], [2022]]",True
JNK,TLH,DIA,63,252,0.2,244,0.5531914893617021,1.106549552493161,8,0.5,"[[2009], [2013], [2015], [2016], [2018], [2018], [2021, 2022], [2023]]",True
JNK,TLH,DIA,126,21,0.05,36,0.2647058823529412,0.5294889159394448,1,0.0,[[2022]],False
JNK,TLH,DIA,126,21,0.1,96,0.43010752688172044,0.8603404129959916,1,0.0,[[2022]],False
JNK,TLH,DIA,126,21,0.2,225,0.5318181818181819,1.0637913674783392,4,0.25,"[[2013], [2018], [2022, 2023], [2025]]",True
JNK,TLH,DIA,126,63,0.05,36,0.5428571428571428,1.085873388042204,1,0.0,[[2022]],False
JNK,TLH,DIA,126,63,0.1,96,0.6914893617021277,1.383181387343793,1,0.0,[[2022]],False
JNK,TLH,DIA,126,63,0.2,225,0.7,1.4002051582649473,4,0.25,"[[2013], [2018], [2022, 2023], [2025]]",True
JNK,TLH,DIA,126,126,0.05,36,0.5714285714285714,1.1430262545977254,1,0.0,[[2022]],False
JNK,TLH,DIA,126,126,0.1,96,0.574468085106383,1.1491061814838837,1,0.0,[[2022]],False
JNK,TLH,DIA,126,126,0.2,225,0.5944700460829493,1.189116022928279,4,0.0,"[[2013], [2018], [2022, 2023], [2025]]",True
JNK,TLH,DIA,126,252,0.05,36,0.7352941176470589,1.4708096427369504,1,0.0,[[2022]],False
JNK,TLH,DIA,126,252,0.1,96,0.7912087912087912,1.5826558265582655,1,0.0,[[2022]],False
JNK,TLH,DIA,126,252,0.2,225,0.7962962962962963,1.5928323686529047,4,0.25,"[[2013], [2018], [2022, 2023], [2025]]",True
JNK,TLH,DIA,252,21,0.05,52,0.3137254901960784,0.6275424188911939,1,0.0,[[2022]],False
JNK,TLH,DIA,252,21,0.1,154,0.5135135135135135,1.0271766957864306,1,0.0,[[2022]],False
JNK,TLH,DIA,252,21,0.2,224,0.5806451612903226,1.1614595575445887,2,0.0,"[[2018], [2022, 2023]]",False
JNK,TLH,DIA,252,63,0.05,52,0.27450980392156865,0.5491000620646852,1,0.0,[[2022]],False
JNK,TLH,DIA,252,63,0.1,154,0.62,1.2401817116060962,1,1.0,[[2022]],False
JNK,TLH,DIA,252,63,0.2,224,0.6990740740740741,1.398353035039729,2,0.0,"[[2018], [2022, 2023]]",False
JNK,TLH,DIA,252,126,0.05,52,0.11764705882352941,0.23532893477011993,1,1.0,[[2022]],False
JNK,TLH,DIA,252,126,0.1,154,0.5540540540540541,1.1082720779376594,1,1.0,[[2022]],False
JNK,TLH,DIA,252,126,0.2,224,0.6574074074074074,1.3150093716089573,2,0.0,"[[2018], [2022, 2023]]",False
JNK,TLH,DIA,252,252,0.05,52,0.58,1.1601746461909064,1,0.0,[[2022]],False
JNK,TLH,DIA,252,252,0.1,154,0.7891156462585034,1.5784689063821855,1,1.0,[[2022]],False
JNK,TLH,DIA,252,252,0.2,224,0.8130841121495327,1.6264130554078127,2,0.5,"[[2018], [2022, 2023]]",False
