zone,pred_col,pred_type,ticker,rationale,horizon,q_target,cpe_train,lift_train,uncond_prob,threshold,n_cond_train,n_cond_oos,hit_rate_oos,calibration_err,type_group
EU_Urban_Energy,EU_Urban_Energy_heatstress_30C,heatstress_30C,UNG,EU urban heat → nat gas ETF,21,0.65,0.6818181818181818,1.9482700135685207,0.3499608252807522,0.020088924468234542,44,7,0.5714285714285714,-0.11038961038961037,heat_stress
EU_Urban_Energy,EU_Urban_Energy_heatstress_30C,heatstress_30C,UNG,EU urban heat → nat gas ETF,21,0.6,0.75,1.8745104438642297,0.40010446591799426,0.00831743703778117,44,7,0.5714285714285714,-0.1785714285714286,heat_stress
Ukraine_Russia_Wheat,Ukraine_Russia_Wheat_heatstress_30C,heatstress_30C,GC=F,Black Sea wheat → gold,126,0.65,0.6021505376344086,1.7202938538224841,0.3500277213084458,0.06297182891493958,93,2,1.0,0.3978494623655914,heat_stress
EU_Urban_Energy,EU_Urban_Energy_heatstress_30C,heatstress_30C,UNG,EU urban heat → nat gas ETF,21,0.55,0.7727272727272727,1.717221548039888,0.4499869417602507,-0.003661386035690164,44,7,0.5714285714285714,-0.2012987012987013,heat_stress
Ukraine_Russia_Wheat,Ukraine_Russia_Wheat_heatstress_30C,heatstress_30C,GC=F,Black Sea wheat → gold,126,0.6,0.6774193548387096,1.6938614274640749,0.3999260765108113,0.052027737240734825,93,2,1.0,0.32258064516129037,heat_stress
EU_Urban_Energy,EU_Urban_Energy_heatstress_30C,heatstress_30C,NG=F,EU urban heat → nat gas,126,0.65,0.5806451612903226,1.658723953907339,0.350055330136481,0.12134167131994285,62,7,0.2857142857142857,-0.2949308755760369,heat_stress
EU_Urban_Energy,EU_Urban_Energy_heatstress_30C,heatstress_30C,DBB,EU urban heat → base metals,126,0.55,0.7272727272727273,1.6163460042524505,0.44994866529774125,0.024258908234410258,44,7,1.0,0.2727272727272727,heat_stress
EU_Urban_Energy,EU_Urban_Energy_heatstress_30C,heatstress_30C,NG=F,EU urban heat → nat gas,126,0.6,0.6451612903225806,1.6127545025952201,0.400036886757654,0.09059230039158339,62,7,0.42857142857142855,-0.21658986175115208,heat_stress
US_Great_Plains_Wheat,US_Great_Plains_Wheat_heatstress_32C,heatstress_32C,WEAT,US Plains wheat → wheat ETF,63,0.6,0.64,1.5997093551316983,0.40007267441860467,-0.004049932093273059,50,0,,,heat_stress
Ukraine_Russia_Wheat,Ukraine_Russia_Wheat_heatstress_30C,heatstress_30C,GC=F,Black Sea wheat → gold,126,0.55,0.6989247311827957,1.5531341767680114,0.4500092404361486,0.040621524384592954,93,2,1.0,0.30107526881720426,heat_stress
EU_Urban_Energy,EU_Urban_Energy_heatstress_30C,heatstress_30C,UNG,EU urban heat → nat gas ETF,21,0.5,0.7727272727272727,1.5458582692125011,0.4998694176025072,-0.016315572767899272,44,7,0.5714285714285714,-0.2012987012987013,heat_stress
EU_Urban_Energy,EU_Urban_Energy_heatstress_30C,heatstress_30C,DBB,EU urban heat → base metals,126,0.5,0.7727272727272727,1.5454545454545454,0.5,0.008584851752618382,44,7,1.0,0.2272727272727273,heat_stress
EU_Urban_Energy,EU_Urban_Energy_heatstress_30C,heatstress_30C,NG=F,EU urban heat → nat gas,126,0.55,0.6935483870967742,1.5411554732945532,0.450018443378827,0.05677160592567042,62,7,0.5714285714285714,-0.12211981566820285,heat_stress
EU_Urban_Energy,EU_Urban_Energy_GDD30_q90,GDD30_q90,DBB,EU urban heat → base metals,126,0.5,0.7676056338028169,1.5352112676056338,0.5,0.008584851752618382,426,42,1.0,0.23239436619718312,GDD
EU_Urban_Energy,EU_Urban_Energy_heatstress_30C,heatstress_30C,NG=F,EU urban heat → nat gas,21,0.6,0.6129032258064516,1.5321167774654592,0.400036886757654,0.026747656082728208,62,7,0.5714285714285714,-0.04147465437788023,heat_stress
US_Great_Plains_Wheat,US_Great_Plains_Wheat_heatstress_32C,heatstress_32C,WEAT,US Plains wheat → wheat ETF,63,0.55,0.68,1.5115993537964458,0.4498546511627907,-0.014641480458626037,50,0,,,heat_stress
US_Corn_Belt,US_Corn_Belt_seasonal_q90,seasonal_q90,WEAT,US Corn Belt → wheat,63,0.6,0.6,1.4997275204359672,0.40007267441860467,-0.004049932093273059,110,4,0.25,-0.35,seasonal
EU_Urban_Energy,EU_Urban_Energy_GDD30_q90,GDD30_q90,DBB,EU urban heat → base metals,126,0.55,0.6713615023474179,1.4920846623762352,0.44994866529774125,0.024258908234410258,426,42,1.0,0.32863849765258213,GDD
US_Corn_Belt,US_Corn_Belt_GDD30_q90,GDD30_q90,WEAT,US Corn Belt → wheat,63,0.55,0.6707818930041153,1.4911080529461431,0.4498546511627907,-0.014641480458626037,243,24,0.25,-0.4207818930041153,GDD
US_Corn_Belt,US_Corn_Belt_seasonal_q90,seasonal_q90,WEAT,US Corn Belt → wheat,63,0.55,0.6636363636363637,1.47522396827728,0.4498546511627907,-0.014641480458626037,110,4,0.25,-0.4136363636363637,seasonal
EU_Urban_Energy,EU_Urban_Energy_heatstress_30C,heatstress_30C,NG=F,EU urban heat → nat gas,21,0.55,0.6612903225806451,1.4694738233738762,0.450018443378827,0.013109454589952604,62,7,0.5714285714285714,-0.08986175115207373,heat_stress
US_Corn_Belt,US_Corn_Belt_tmax_q95,tmax_q95,WEAT,US Corn Belt → wheat,63,0.6,0.5867768595041323,1.4666756742555604,0.40007267441860467,-0.004049932093273059,121,5,0.2,-0.38677685950413226,tmax
EU_Urban_Energy,EU_Urban_Energy_tmax_q95,tmax_q95,DBB,EU urban heat → base metals,126,0.5,0.7330097087378641,1.4660194174757282,0.5,0.008584851752618382,206,18,1.0,0.2669902912621359,tmax
Ukraine_Russia_Wheat,Ukraine_Russia_Wheat_heatstress_30C,heatstress_30C,GC=F,Black Sea wheat → gold,126,0.5,0.7311827956989247,1.4626358992705664,0.4999075956385141,0.03163254647015076,93,2,1.0,0.26881720430107525,heat_stress
US_Corn_Belt,US_Corn_Belt_GDD30_q90,GDD30_q90,WEAT,US Corn Belt → wheat,63,0.5,0.7283950617283951,1.4567901234567902,0.5,-0.024401330117228327,243,24,0.3333333333333333,-0.39506172839506176,GDD
EU_Urban_Energy,EU_Urban_Energy_tmax_q95,tmax_q95,DBB,EU urban heat → base metals,126,0.55,0.6553398058252428,1.4564768302881608,0.44994866529774125,0.024258908234410258,206,18,1.0,0.34466019417475724,tmax
EU_Urban_Energy,EU_Urban_Energy_heatstress_30C,heatstress_30C,NG=F,EU urban heat → nat gas,126,0.5,0.7258064516129032,1.4516129032258065,0.5,0.02180928099272797,62,7,0.5714285714285714,-0.15437788018433185,heat_stress
US_Corn_Belt,US_Corn_Belt_GDD30_q90,GDD30_q90,WEAT,US Corn Belt → wheat,63,0.6,0.5802469135802469,1.450353774907211,0.40007267441860467,-0.004049932093273059,243,24,0.20833333333333334,-0.37191358024691357,GDD
US_Great_Plains_Wheat,US_Great_Plains_Wheat_heatstress_32C,heatstress_32C,WEAT,US Plains wheat → wheat ETF,63,0.5,0.72,1.44,0.5,-0.024401330117228327,50,0,,,heat_stress
Ukraine_Russia_Wheat,Ukraine_Russia_Wheat_heatstress_30C,heatstress_30C,GC=F,Black Sea wheat → gold,63,0.55,0.6451612903225806,1.4336623170166258,0.4500092404361486,0.02390795910283632,93,2,1.0,0.3548387096774194,heat_stress
US_Corn_Belt,US_Corn_Belt_tmax_q95,tmax_q95,WEAT,US Corn Belt → wheat,63,0.55,0.6446280991735537,1.4329697325731985,0.4498546511627907,-0.014641480458626037,121,5,0.2,-0.44462809917355367,tmax
US_Great_Plains_Wheat,US_Great_Plains_Wheat_seasonal_q90,seasonal_q90,WEAT,US Plains wheat → wheat ETF,63,0.55,0.6391752577319587,1.4208483919857433,0.4498546511627907,-0.014641480458626037,97,3,0.0,-0.6391752577319587,seasonal
EU_Urban_Energy,EU_Urban_Energy_heatstress_30C,heatstress_30C,NG=F,EU urban heat → nat gas,21,0.5,0.7096774193548387,1.4193548387096775,0.5,-0.0010968047089297056,62,7,0.5714285714285714,-0.13824884792626735,heat_stress
Ukraine_Russia_Wheat,Ukraine_Russia_Wheat_heatstress_30C,heatstress_30C,GC=F,Black Sea wheat → gold,21,0.55,0.6344086021505376,1.4097679450663487,0.4500092404361486,0.009708697981376906,93,2,0.0,-0.6344086021505376,heat_stress
Ukraine_Russia_Wheat,Ukraine_Russia_Wheat_heatstress_30C,heatstress_30C,GC=F,Black Sea wheat → gold,42,0.5,0.6989247311827957,1.3981078448909827,0.4999075956385141,0.010950268561288402,93,2,1.0,0.30107526881720426,heat_stress
Thailand_Sugar,Thailand_Sugar_tmax_q95,tmax_q95,CANE,Thailand sugar → sugar ETF,126,0.55,0.6280487804878049,1.396114898144135,0.4498546511627907,-0.00128601926161488,164,1,0.0,-0.6280487804878049,tmax
EU_Urban_Energy,EU_Urban_Energy_tmax_q90,tmax_q90,DBB,EU urban heat → base metals,126,0.5,0.6962962962962963,1.3925925925925926,0.5,0.008584851752618382,405,29,1.0,0.3037037037037037,tmax
EU_Urban_Energy,EU_Urban_Energy_seasonal_q90,seasonal_q90,DBB,EU urban heat → base metals,126,0.5,0.6962962962962963,1.3925925925925926,0.5,0.008584851752618382,405,29,1.0,0.3037037037037037,seasonal
EU_Urban_Energy,EU_Urban_Energy_tmax_q90,tmax_q90,DBB,EU urban heat → base metals,126,0.55,0.6246913580246913,1.3883613980970892,0.44994866529774125,0.024258908234410258,405,29,1.0,0.37530864197530867,tmax
EU_Urban_Energy,EU_Urban_Energy_seasonal_q90,seasonal_q90,DBB,EU urban heat → base metals,126,0.55,0.6246913580246913,1.3883613980970892,0.44994866529774125,0.024258908234410258,405,29,1.0,0.37530864197530867,seasonal
India_Sugar,India_Sugar_tmax_q95,tmax_q95,CANE,India sugar → sugar ETF,126,0.5,0.6935483870967742,1.3870967741935485,0.5,-0.020990513444169114,124,4,0.0,-0.6935483870967742,tmax
US_Corn_Belt,US_Corn_Belt_seasonal_q90,seasonal_q90,WEAT,US Corn Belt → wheat,63,0.5,0.6909090909090909,1.3818181818181818,0.5,-0.024401330117228327,110,4,0.5,-0.19090909090909092,seasonal
US_Great_Plains_Wheat,US_Great_Plains_Wheat_heatstress_32C,heatstress_32C,ZW=F,US Plains wheat → wheat futures,63,0.55,0.6206896551724138,1.3791408963822758,0.4500552893475857,0.021677534458216102,87,0,,,heat_stress
Ukraine_Russia_Wheat,Ukraine_Russia_Wheat_heatstress_30C,heatstress_30C,GC=F,Black Sea wheat → gold,63,0.5,0.6881720430107527,1.3765984934311213,0.4999075956385141,0.015176794178163103,93,2,1.0,0.31182795698924726,heat_stress
US_Great_Plains_Wheat,US_Great_Plains_Wheat_heatstress_32C,heatstress_32C,CORN,US Plains wheat → corn,42,0.55,0.6140350877192983,1.3647697925015585,0.4499184339314845,-0.003909342362737147,57,0,,,heat_stress
US_Corn_Belt,US_Corn_Belt_tmax_q95,tmax_q95,WEAT,US Corn Belt → wheat,63,0.5,0.6776859504132231,1.3553719008264462,0.5,-0.024401330117228327,121,5,0.4,-0.2776859504132231,tmax
Ukraine_Russia_Wheat,Ukraine_Russia_Wheat_heatstress_30C,heatstress_30C,GC=F,Black Sea wheat → gold,21,0.5,0.6774193548387096,1.3550891419712598,0.4999075956385141,0.005281015460388131,93,2,0.5,-0.17741935483870963,heat_stress
Thailand_Sugar,Thailand_Sugar_tmax_q95,tmax_q95,CANE,Thailand sugar → sugar ETF,126,0.5,0.676829268292683,1.353658536585366,0.5,-0.020990513444169114,164,1,0.0,-0.676829268292683,tmax
US_Great_Plains_Wheat,US_Great_Plains_Wheat_GDD30_q90,GDD30_q90,WEAT,US Plains wheat → wheat ETF,63,0.55,0.607773851590106,1.3510449431146783,0.4498546511627907,-0.014641480458626037,283,7,0.2857142857142857,-0.3220595658758203,GDD
Ukraine_Russia_Wheat,Ukraine_Russia_Wheat_heatstress_30C,heatstress_30C,WEAT,Black Sea wheat → wheat ETF,126,0.5,0.6744186046511628,1.3488372093023255,0.5,-0.0581499238242462,43,2,0.0,-0.6744186046511628,heat_stress
Ukraine_Russia_Wheat,Ukraine_Russia_Wheat_heatstress_30C,heatstress_30C,WEAT,Black Sea wheat → wheat ETF,126,0.55,0.6046511627906976,1.344103392568659,0.4498546511627907,-0.044217038307232524,43,2,0.0,-0.6046511627906976,heat_stress
India_Sugar,India_Sugar_tmax_q90,tmax_q90,CANE,India sugar → sugar ETF,126,0.5,0.6691176470588235,1.338235294117647,0.5,-0.020990513444169114,272,16,0.0,-0.6691176470588235,tmax
Ukraine_Russia_Wheat,Ukraine_Russia_Wheat_heatstress_30C,heatstress_30C,GC=F,Black Sea wheat → gold,42,0.55,0.6021505376344086,1.3380848292155174,0.4500092404361486,0.01806574329599045,93,2,1.0,0.3978494623655914,heat_stress
US_Great_Plains_Wheat,US_Great_Plains_Wheat_heatstress_32C,heatstress_32C,WEAT,US Plains wheat → wheat ETF,42,0.55,0.6,1.3337641357027463,0.4498546511627907,-0.009201882379240882,50,0,,,heat_stress
EU_Wheat_Belt,EU_Wheat_Belt_seasonal_q90,seasonal_q90,NG=F,EU wheat zone → nat gas,126,0.55,0.5985401459854015,1.3300347014478882,0.450018443378827,0.05677160592567042,274,11,0.6363636363636364,0.03782349037823485,seasonal
US_Great_Plains_Wheat,US_Great_Plains_Wheat_tmax_q95,tmax_q95,WEAT,US Plains wheat → wheat ETF,63,0.55,0.5972222222222222,1.3275893017411595,0.4498546511627907,-0.014641480458626037,144,5,0.0,-0.5972222222222222,tmax
Ukraine_Russia_Wheat,Ukraine_Russia_Wheat_heatstress_30C,heatstress_30C,ZW=F,Black Sea wheat → wheat futures,42,0.55,0.5957446808510638,1.3237144300974086,0.4500552893475857,0.015474869383151218,94,2,0.0,-0.5957446808510638,heat_stress
Ukraine_Russia_Wheat,Ukraine_Russia_Wheat_heatstress_30C,heatstress_30C,ZW=F,Black Sea wheat → wheat futures,126,0.55,0.5957446808510638,1.3237144300974086,0.4500552893475857,0.02652152835204479,94,2,0.0,-0.5957446808510638,heat_stress
US_Great_Plains_Wheat,US_Great_Plains_Wheat_GDD30_q90,GDD30_q90,WEAT,US Plains wheat → wheat ETF,63,0.5,0.6607773851590106,1.3215547703180213,0.5,-0.024401330117228327,283,7,0.42857142857142855,-0.23220595658758209,GDD
EU_Wheat_Belt,EU_Wheat_Belt_tmax_q95,tmax_q95,NG=F,EU wheat zone → nat gas,126,0.55,0.5940959409594095,1.320159095033573,0.450018443378827,0.05677160592567042,271,10,0.6,0.005904059040590437,tmax
US_Great_Plains_Wheat,US_Great_Plains_Wheat_seasonal_q90,seasonal_q90,WEAT,US Plains wheat → wheat ETF,63,0.5,0.6597938144329897,1.3195876288659794,0.5,-0.024401330117228327,97,3,0.0,-0.6597938144329897,seasonal
EU_Urban_Energy,EU_Urban_Energy_heatstress_30C,heatstress_30C,UNG,EU urban heat → nat gas ETF,42,0.5,0.6590909090909091,1.318526170798898,0.4998694176025072,-0.03393667914896987,44,7,0.7142857142857143,0.05519480519480524,heat_stress
EU_Urban_Energy,EU_Urban_Energy_heatstress_30C,heatstress_30C,UNG,EU urban heat → nat gas ETF,42,0.55,0.5909090909090909,1.3131694190893264,0.4499869417602507,-0.014532562313245869,44,7,0.5714285714285714,-0.019480519480519543,heat_stress
EU_Urban_Energy,EU_Urban_Energy_heatstress_30C,heatstress_30C,UNG,EU urban heat → nat gas ETF,126,0.55,0.5909090909090909,1.3131694190893264,0.4499869417602507,-0.06570543684796917,44,7,0.42857142857142855,-0.1623376623376624,heat_stress
US_Great_Plains_Wheat,US_Great_Plains_Wheat_heatstress_32C,heatstress_32C,ZW=F,US Plains wheat → wheat futures,63,0.5,0.6551724137931034,1.3103448275862069,0.5,0.009525236987065146,87,0,,,heat_stress
India_Sugar,India_Sugar_tmax_q95,tmax_q95,CANE,India sugar → sugar ETF,126,0.55,0.5887096774193549,1.3086664234717806,0.4498546511627907,-0.00128601926161488,124,4,0.0,-0.5887096774193549,tmax
US_Great_Plains_Wheat,US_Great_Plains_Wheat_heatstress_32C,heatstress_32C,ZW=F,US Plains wheat → wheat futures,126,0.55,0.5862068965517241,1.3025219576943714,0.4500552893475857,0.02652152835204479,87,0,,,heat_stress
Ukraine_Russia_Wheat,Ukraine_Russia_Wheat_tmax_q95,tmax_q95,GC=F,Black Sea wheat → gold,126,0.55,0.5848375451263538,1.299612302537454,0.4500092404361486,0.040621524384592954,277,11,1.0,0.4151624548736462,tmax
Ukraine_Russia_Wheat,Ukraine_Russia_Wheat_seasonal_q90,seasonal_q90,GC=F,Black Sea wheat → gold,126,0.55,0.5848375451263538,1.299612302537454,0.4500092404361486,0.040621524384592954,277,11,1.0,0.4151624548736462,seasonal
EU_Urban_Energy,EU_Urban_Energy_GDD30_q90,GDD30_q90,UNG,EU urban heat → nat gas ETF,21,0.55,0.5845070422535211,1.298942231450222,0.4499869417602507,-0.003661386035690164,426,42,0.4523809523809524,-0.13212608987256874,GDD
US_Great_Plains_Wheat,US_Great_Plains_Wheat_heatstress_32C,heatstress_32C,CORN,US Plains wheat → corn,42,0.5,0.6491228070175439,1.2986693234391462,0.499836867862969,-0.010586128998881988,57,0,,,heat_stress
India_Sugar,India_Sugar_GDD30_q80,GDD30_q80,CANE,India sugar → sugar ETF,126,0.55,0.5825426944971537,1.2949575890599085,0.4498546511627907,-0.00128601926161488,527,38,0.0,-0.5825426944971537,GDD
EU_Urban_Energy,EU_Urban_Energy_GDD30_q80,GDD30_q80,DBB,EU urban heat → base metals,126,0.5,0.6473489519112207,1.2946979038224413,0.5,0.008584851752618382,811,46,1.0,0.35265104808877934,GDD
EU_Urban_Energy,EU_Urban_Energy_GDD30_q90,GDD30_q90,UNG,EU urban heat → nat gas ETF,21,0.5,0.6455399061032864,1.2914170848847877,0.4998694176025072,-0.016315572767899272,426,42,0.5238095238095238,-0.12173038229376254,GDD
EU_Urban_Energy,EU_Urban_Energy_tmax_q95,tmax_q95,DBB,EU urban heat → base metals,63,0.5,0.6456310679611651,1.2912621359223302,0.5,0.0073736835000583305,206,18,1.0,0.3543689320388349,tmax
India_Sugar,India_Sugar_GDD30_q90,GDD30_q90,CANE,India sugar → sugar ETF,126,0.5,0.6436781609195402,1.2873563218390804,0.5,-0.020990513444169114,261,0,,,GDD
India_Sugar,India_Sugar_GDD30_q80,GDD30_q80,CANE,India sugar → sugar ETF,126,0.5,0.6432637571157496,1.2865275142314991,0.5,-0.020990513444169114,527,38,0.0,-0.6432637571157496,GDD
EU_Wheat_Belt,EU_Wheat_Belt_seasonal_q90,seasonal_q90,NG=F,EU wheat zone → nat gas,126,0.5,0.6423357664233577,1.2846715328467153,0.5,0.02180928099272797,274,11,0.6363636363636364,-0.005972130059721303,seasonal
US_Great_Plains_Wheat,US_Great_Plains_Wheat_heatstress_32C,heatstress_32C,WEAT,US Plains wheat → wheat ETF,42,0.5,0.64,1.28,0.5,-0.017804065912256698,50,0,,,heat_stress
EU_Wheat_Belt,EU_Wheat_Belt_tmax_q95,tmax_q95,NG=F,EU wheat zone → nat gas,126,0.5,0.6383763837638377,1.2767527675276753,0.5,0.02180928099272797,271,10,0.6,-0.038376383763837674,tmax
EU_Urban_Energy,EU_Urban_Energy_heatstress_30C,heatstress_30C,UNG,EU urban heat → nat gas ETF,126,0.5,0.6363636363636364,1.2730597511161774,0.4998694176025072,-0.09362184082002474,44,7,0.42857142857142855,-0.2077922077922078,heat_stress
EU_Urban_Energy,EU_Urban_Energy_heatstress_30C,heatstress_30C,DBB,EU urban heat → base metals,63,0.5,0.6363636363636364,1.2727272727272727,0.5,0.0073736835000583305,44,7,1.0,0.36363636363636365,heat_stress
EU_Urban_Energy,EU_Urban_Energy_tmax_q80,tmax_q80,DBB,EU urban heat → base metals,126,0.5,0.6327543424317618,1.2655086848635235,0.5,0.008584851752618382,806,53,1.0,0.36724565756823824,tmax
EU_Urban_Energy,EU_Urban_Energy_seasonal_q80,seasonal_q80,DBB,EU urban heat → base metals,126,0.5,0.6327543424317618,1.2655086848635235,0.5,0.008584851752618382,806,53,1.0,0.36724565756823824,seasonal
EU_Wheat_Belt,EU_Wheat_Belt_GDD30_q90,GDD30_q90,NG=F,EU wheat zone → nat gas,126,0.5,0.631858407079646,1.263716814159292,0.5,0.02180928099272797,565,24,0.25,-0.381858407079646,GDD
Thailand_Sugar,Thailand_Sugar_GDD30_q90,GDD30_q90,CANE,Thailand sugar → sugar ETF,126,0.5,0.6317365269461078,1.2634730538922156,0.5,-0.020990513444169114,334,5,0.0,-0.6317365269461078,GDD
Ukraine_Russia_Wheat,Ukraine_Russia_Wheat_seasonal_q90,seasonal_q90,GC=F,Black Sea wheat → gold,126,0.5,0.628158844765343,1.2565499109150726,0.4999075956385141,0.03163254647015076,277,11,1.0,0.371841155234657,seasonal
Ukraine_Russia_Wheat,Ukraine_Russia_Wheat_heatstress_30C,heatstress_30C,ZW=F,Black Sea wheat → wheat futures,42,0.5,0.6276595744680851,1.2553191489361701,0.5,0.00508835880796275,94,2,0.0,-0.6276595744680851,heat_stress
US_Great_Plains_Wheat,US_Great_Plains_Wheat_tmax_q95,tmax_q95,WEAT,US Plains wheat → wheat ETF,63,0.5,0.625,1.25,0.5,-0.024401330117228327,144,5,0.2,-0.425,tmax
Ukraine_Russia_Wheat,Ukraine_Russia_Wheat_tmax_q95,tmax_q95,GC=F,Black Sea wheat → gold,126,0.5,0.6245487364620939,1.2493283597029168,0.4999075956385141,0.03163254647015076,277,11,1.0,0.37545126353790614,tmax
EU_Urban_Energy,EU_Urban_Energy_GDD30_q90,GDD30_q90,DBB,EU urban heat → base metals,63,0.5,0.6220657276995305,1.244131455399061,0.5,0.0073736835000583305,426,42,1.0,0.3779342723004695,GDD
US_Great_Plains_Wheat,US_Great_Plains_Wheat_heatstress_32C,heatstress_32C,WEAT,US Plains wheat → wheat ETF,21,0.5,0.62,1.24,0.5,-0.008427483515944117,50,0,,,heat_stress
US_Great_Plains_Wheat,US_Great_Plains_Wheat_heatstress_32C,heatstress_32C,WEAT,US Plains wheat → wheat ETF,126,0.5,0.62,1.24,0.5,-0.0581499238242462,50,0,,,heat_stress
US_Great_Plains_Wheat,US_Great_Plains_Wheat_seasonal_q90,seasonal_q90,WEAT,US Plains wheat → wheat ETF,126,0.5,0.6185567010309279,1.2371134020618557,0.5,-0.0581499238242462,97,3,0.0,-0.6185567010309279,seasonal
Ukraine_Russia_Wheat,Ukraine_Russia_Wheat_heatstress_30C,heatstress_30C,ZW=F,Black Sea wheat → wheat futures,126,0.5,0.6170212765957447,1.2340425531914894,0.5,0.010970113771031225,94,2,0.0,-0.6170212765957447,heat_stress
US_Great_Plains_Wheat,US_Great_Plains_Wheat_GDD30_q90,GDD30_q90,ZW=F,US Plains wheat → wheat futures,63,0.5,0.6145833333333334,1.2291666666666667,0.5,0.009525236987065146,576,7,0.2857142857142857,-0.32886904761904767,GDD
US_Corn_Belt,US_Corn_Belt_seasonal_q80,seasonal_q80,WEAT,US Corn Belt → wheat,63,0.5,0.6139534883720931,1.2279069767441861,0.5,-0.024401330117228327,215,9,0.2222222222222222,-0.39173126614987086,seasonal
EU_Urban_Energy,EU_Urban_Energy_heatstress_30C,heatstress_30C,ICLN,EU urban heat → clean energy,126,0.5,0.6136363636363636,1.2276196104630248,0.4998587171517378,0.010796149077816898,44,7,1.0,0.38636363636363635,heat_stress
US_Corn_Belt,US_Corn_Belt_GDD30_q90,GDD30_q90,WEAT,US Corn Belt → wheat,42,0.5,0.6131687242798354,1.2263374485596708,0.5,-0.017804065912256698,243,24,0.4166666666666667,-0.1965020576131687,GDD
EU_Urban_Energy,EU_Urban_Energy_heatstress_30C,heatstress_30C,XLU,EU urban heat → utilities,21,0.5,0.6129032258064516,1.2258064516129032,0.5,0.008111572484439313,62,7,0.7142857142857143,0.10138248847926268,heat_stress
EU_Urban_Energy,EU_Urban_Energy_tmax_q90,tmax_q90,NG=F,EU urban heat → nat gas,126,0.5,0.6128440366972477,1.2256880733944955,0.5,0.02180928099272797,545,30,0.6333333333333333,0.020489296636085563,tmax
EU_Urban_Energy,EU_Urban_Energy_seasonal_q90,seasonal_q90,NG=F,EU urban heat → nat gas,126,0.5,0.6128440366972477,1.2256880733944955,0.5,0.02180928099272797,545,30,0.6333333333333333,0.020489296636085563,seasonal
EU_Wheat_Belt,EU_Wheat_Belt_GDD30_q90,GDD30_q90,NG=F,EU wheat zone → nat gas,63,0.5,0.6123893805309735,1.224778761061947,0.5,0.0065355641017601105,565,24,0.2916666666666667,-0.3207227138643068,GDD
EU_Wheat_Belt,EU_Wheat_Belt_GDD30_q90,GDD30_q90,ZW=F,EU wheat zone → wheat futures,63,0.5,0.6117021276595744,1.2234042553191489,0.5,0.009525236987065146,564,24,0.20833333333333334,-0.40336879432624106,GDD
EU_Urban_Energy,EU_Urban_Energy_GDD30_q90,GDD30_q90,NG=F,EU urban heat → nat gas,126,0.5,0.6098003629764065,1.219600725952813,0.5,0.02180928099272797,551,43,0.32558139534883723,-0.28421896762756926,GDD
EU_Urban_Energy,EU_Urban_Energy_tmax_q95,tmax_q95,UNG,EU urban heat → nat gas ETF,21,0.5,0.6067961165048543,1.2139092633736088,0.4998694176025072,-0.016315572767899272,206,18,0.6111111111111112,0.004314994606256839,tmax
Thailand_Sugar,Thailand_Sugar_seasonal_q90,seasonal_q90,CANE,Thailand sugar → sugar ETF,126,0.5,0.6066666666666667,1.2133333333333334,0.5,-0.020990513444169114,150,3,0.0,-0.6066666666666667,seasonal
EU_Urban_Energy,EU_Urban_Energy_GDD30_q80,GDD30_q80,NG=F,EU urban heat → nat gas,126,0.5,0.6066481994459834,1.2132963988919667,0.5,0.02180928099272797,1083,47,0.2978723404255319,-0.30877585902045146,GDD
EU_Wheat_Belt,EU_Wheat_Belt_GDD30_q80,GDD30_q80,NG=F,EU wheat zone → nat gas,126,0.5,0.6057866184448463,1.2115732368896925,0.5,0.02180928099272797,1106,46,0.2826086956521739,-0.3231779227926724,GDD
US_Corn_Belt,US_Corn_Belt_tmax_q90,tmax_q90,WEAT,US Corn Belt → wheat,63,0.5,0.60546875,1.2109375,0.5,-0.024401330117228327,256,16,0.1875,-0.41796875,tmax
US_Corn_Belt,US_Corn_Belt_tmax_q95,tmax_q95,GC=F,US Corn Belt → gold,42,0.5,0.60431654676259,1.2088565007513399,0.4999075956385141,0.010950268561288402,278,6,1.0,0.39568345323741005,tmax
Thailand_Sugar,Thailand_Sugar_GDD30_q80,GDD30_q80,CANE,Thailand sugar → sugar ETF,126,0.5,0.6040688575899843,1.2081377151799686,0.5,-0.020990513444169114,639,36,0.0,-0.6040688575899843,GDD
EU_Urban_Energy,EU_Urban_Energy_GDD30_q90,GDD30_q90,UNG,EU urban heat → nat gas ETF,42,0.5,0.6032863849765259,1.2068879666014198,0.4998694176025072,-0.03393667914896987,426,42,0.38095238095238093,-0.22233400402414494,GDD
US_Great_Plains_Wheat,US_Great_Plains_Wheat_seasonal_q80,seasonal_q80,WEAT,US Plains wheat → wheat ETF,126,0.5,0.6033519553072626,1.2067039106145252,0.5,-0.0581499238242462,179,8,0.0,-0.6033519553072626,seasonal
Thailand_Sugar,Thailand_Sugar_tmax_q90,tmax_q90,CANE,Thailand sugar → sugar ETF,126,0.5,0.6032786885245902,1.2065573770491804,0.5,-0.020990513444169114,305,15,0.0,-0.6032786885245902,tmax
US_Great_Plains_Wheat,US_Great_Plains_Wheat_tmax_q90,tmax_q90,WEAT,US Plains wheat → wheat ETF,63,0.5,0.6028880866425993,1.2057761732851986,0.5,-0.024401330117228327,277,14,0.42857142857142855,-0.17431665807117075,tmax
EU_Urban_Energy,EU_Urban_Energy_GDD30_q90,GDD30_q90,NG=F,EU urban heat → nat gas,63,0.5,0.6025408348457351,1.2050816696914701,0.5,0.0065355641017601105,551,43,0.4418604651162791,-0.16068036972945599,GDD
EU_Urban_Energy,EU_Urban_Energy_tmax_q90,tmax_q90,DBB,EU urban heat → base metals,63,0.5,0.6024691358024692,1.2049382716049384,0.5,0.0073736835000583305,405,29,1.0,0.3975308641975308,tmax
EU_Urban_Energy,EU_Urban_Energy_seasonal_q90,seasonal_q90,DBB,EU urban heat → base metals,63,0.5,0.6024691358024692,1.2049382716049384,0.5,0.0073736835000583305,405,29,1.0,0.3975308641975308,seasonal
EU_Urban_Energy,EU_Urban_Energy_GDD30_q80,GDD30_q80,NG=F,EU urban heat → nat gas,63,0.5,0.6011080332409973,1.2022160664819945,0.5,0.0065355641017601105,1083,47,0.44680851063829785,-0.1542995226026994,GDD
US_Corn_Belt,US_Corn_Belt_seasonal_q90,seasonal_q90,GC=F,US Corn Belt → gold,42,0.5,0.6008403361344538,1.201902794389475,0.4999075956385141,0.010950268561288402,238,5,1.0,0.39915966386554624,seasonal
US_Corn_Belt,US_Corn_Belt_seasonal_q90,seasonal_q90,GC=F,US Corn Belt → gold,126,0.5,0.6008403361344538,1.201902794389475,0.4999075956385141,0.03163254647015076,238,5,1.0,0.39915966386554624,seasonal
US_Urban_Energy,US_Urban_Energy_heatstress_32C,heatstress_32C,GC=F,US urban heat → gold,21,0.5,0.6,1.2002218114602587,0.4999075956385141,0.005281015460388131,125,6,0.6666666666666666,0.06666666666666665,heat_stress
US_Great_Plains_Wheat,US_Great_Plains_Wheat_heatstress_32C,heatstress_32C,ZW=F,US Plains wheat → wheat futures,42,0.5,0.5977011494252874,1.1954022988505748,0.5,0.00508835880796275,87,0,,,heat_stress
US_Great_Plains_Wheat,US_Great_Plains_Wheat_heatstress_32C,heatstress_32C,ZW=F,US Plains wheat → wheat futures,126,0.5,0.5977011494252874,1.1954022988505748,0.5,0.010970113771031225,87,0,,,heat_stress
US_Great_Plains_Wheat,US_Great_Plains_Wheat_GDD30_q90,GDD30_q90,ZW=F,US Plains wheat → wheat futures,42,0.5,0.5972222222222222,1.1944444444444444,0.5,0.00508835880796275,576,7,0.0,-0.5972222222222222,GDD
EU_Urban_Energy,EU_Urban_Energy_GDD30_q90,GDD30_q90,NG=F,EU urban heat → nat gas,42,0.5,0.5970961887477314,1.1941923774954628,0.5,0.0004339532622943069,551,43,0.37209302325581395,-0.22500316549191746,GDD
US_Great_Plains_Wheat,US_Great_Plains_Wheat_heatstress_32C,heatstress_32C,CORN,US Plains wheat → corn,21,0.5,0.5964912280701754,1.193371810727864,0.499836867862969,-0.0025581446652829867,57,0,,,heat_stress
EU_Wheat_Belt,EU_Wheat_Belt_GDD30_q90,GDD30_q90,WEAT,EU wheat zone → wheat ETF,63,0.5,0.5962059620596206,1.1924119241192412,0.5,-0.024401330117228327,369,24,0.2916666666666667,-0.30453929539295393,GDD
US_Corn_Belt,US_Corn_Belt_tmax_q90,tmax_q90,GC=F,US Corn Belt → gold,42,0.5,0.5947467166979362,1.1897133027920639,0.4999075956385141,0.010950268561288402,533,17,0.8823529411764706,0.28760622447853434,tmax
Ukraine_Russia_Wheat,Ukraine_Russia_Wheat_seasonal_q80,seasonal_q80,GC=F,Black Sea wheat → gold,126,0.5,0.5944954128440367,1.189210602180807,0.4999075956385141,0.03163254647015076,545,19,1.0,0.40550458715596327,seasonal
US_Urban_Energy,US_Urban_Energy_GDD30_q80,GDD30_q80,NG=F,US urban heat → nat gas,126,0.5,0.5938069216757741,1.1876138433515482,0.5,0.02180928099272797,1098,40,0.25,-0.3438069216757741,GDD
EU_Urban_Energy,EU_Urban_Energy_tmax_q90,tmax_q90,UNG,EU urban heat → nat gas ETF,21,0.5,0.5925925925925926,1.1854947946901968,0.4998694176025072,-0.016315572767899272,405,29,0.7241379310344828,0.1315453384418902,tmax
EU_Urban_Energy,EU_Urban_Energy_seasonal_q90,seasonal_q90,UNG,EU urban heat → nat gas ETF,21,0.5,0.5925925925925926,1.1854947946901968,0.4998694176025072,-0.016315572767899272,405,29,0.7241379310344828,0.1315453384418902,seasonal
EU_Wheat_Belt,EU_Wheat_Belt_tmax_q90,tmax_q90,NG=F,EU wheat zone → nat gas,126,0.5,0.592391304347826,1.184782608695652,0.5,0.02180928099272797,552,22,0.4090909090909091,-0.18330039525691694,tmax
US_Great_Plains_Wheat,US_Great_Plains_Wheat_seasonal_q80,seasonal_q80,WEAT,US Plains wheat → wheat ETF,63,0.5,0.5921787709497207,1.1843575418994414,0.5,-0.024401330117228327,179,8,0.0,-0.5921787709497207,seasonal
EU_Urban_Energy,EU_Urban_Energy_tmax_q95,tmax_q95,NG=F,EU urban heat → nat gas,126,0.5,0.5915492957746479,1.1830985915492958,0.5,0.02180928099272797,284,19,0.6842105263157895,0.09266123054114161,tmax
Ukraine_Russia_Wheat,Ukraine_Russia_Wheat_tmax_q90,tmax_q90,GC=F,Black Sea wheat → gold,126,0.5,0.5911602209944752,1.1825389855087265,0.4999075956385141,0.03163254647015076,543,19,1.0,0.4088397790055248,tmax
EU_Urban_Energy,EU_Urban_Energy_heatstress_30C,heatstress_30C,UNG,EU urban heat → nat gas ETF,63,0.5,0.5909090909090909,1.1821269117507363,0.4998694176025072,-0.05042666641665757,44,7,0.2857142857142857,-0.30519480519480524,heat_stress
US_Corn_Belt,US_Corn_Belt_seasonal_q90,seasonal_q90,WEAT,US Corn Belt → wheat,42,0.5,0.5909090909090909,1.1818181818181819,0.5,-0.017804065912256698,110,4,0.5,-0.09090909090909094,seasonal
EU_Urban_Energy,EU_Urban_Energy_heatstress_30C,heatstress_30C,DBB,EU urban heat → base metals,21,0.5,0.5909090909090909,1.1818181818181819,0.5,0.002977991510021801,44,7,0.7142857142857143,0.12337662337662336,heat_stress
US_Corn_Belt,US_Corn_Belt_seasonal_q80,seasonal_q80,GC=F,US Corn Belt → gold,126,0.5,0.5902004454342984,1.1806190795730087,0.4999075956385141,0.03163254647015076,449,10,1.0,0.4097995545657016,seasonal
US_Corn_Belt,US_Corn_Belt_tmax_q95,tmax_q95,GC=F,US Corn Belt → gold,126,0.5,0.5899280575539568,1.1800742031144031,0.4999075956385141,0.03163254647015076,278,6,1.0,0.41007194244604317,tmax
Ukraine_Russia_Wheat,Ukraine_Russia_Wheat_tmax_q95,tmax_q95,ZW=F,Black Sea wheat → wheat futures,126,0.5,0.5892857142857143,1.1785714285714286,0.5,0.010970113771031225,280,11,0.0,-0.5892857142857143,tmax
Ukraine_Russia_Wheat,Ukraine_Russia_Wheat_seasonal_q90,seasonal_q90,ZW=F,Black Sea wheat → wheat futures,126,0.5,0.5892857142857143,1.1785714285714286,0.5,0.010970113771031225,280,11,0.0,-0.5892857142857143,seasonal
US_Corn_Belt,US_Corn_Belt_seasonal_q80,seasonal_q80,GC=F,US Corn Belt → gold,42,0.5,0.5879732739420935,1.1761639132349975,0.4999075956385141,0.010950268561288402,449,10,1.0,0.41202672605790647,seasonal
EU_Wheat_Belt,EU_Wheat_Belt_seasonal_q90,seasonal_q90,GC=F,EU wheat zone → gold futures,63,0.5,0.5875912408759124,1.1753997058704482,0.4999075956385141,0.015176794178163103,274,11,1.0,0.4124087591240876,seasonal
US_Corn_Belt,US_Corn_Belt_seasonal_q90,seasonal_q90,CORN,US Corn Belt → corn ETF,42,0.5,0.5874125874125874,1.1752086034070368,0.499836867862969,-0.010586128998881988,143,4,1.0,0.4125874125874126,seasonal
US_Urban_Energy,US_Urban_Energy_GDD30_q80,GDD30_q80,NG=F,US urban heat → nat gas,63,0.5,0.587431693989071,1.174863387978142,0.5,0.0065355641017601105,1098,40,0.375,-0.21243169398907102,GDD
EU_Wheat_Belt,EU_Wheat_Belt_tmax_q95,tmax_q95,GC=F,EU wheat zone → gold futures,63,0.5,0.5867158671586716,1.1736486348227624,0.4999075956385141,0.015176794178163103,271,10,1.0,0.41328413284132837,tmax
EU_Wheat_Belt,EU_Wheat_Belt_tmax_q95,tmax_q95,NG=F,EU wheat zone → nat gas,21,0.5,0.5867158671586716,1.1734317343173433,0.5,-0.0010968047089297056,271,10,0.6,0.013284132841328344,tmax
EU_Urban_Energy,EU_Urban_Energy_tmax_q80,tmax_q80,NG=F,EU urban heat → nat gas,126,0.5,0.5866543095458758,1.1733086190917517,0.5,0.02180928099272797,1079,54,0.5,-0.08665430954587583,tmax
EU_Urban_Energy,EU_Urban_Energy_seasonal_q80,seasonal_q80,NG=F,EU urban heat → nat gas,126,0.5,0.5866543095458758,1.1733086190917517,0.5,0.02180928099272797,1079,54,0.5,-0.08665430954587583,seasonal
US_Corn_Belt,US_Corn_Belt_GDD30_q80,GDD30_q80,WEAT,US Corn Belt → wheat,63,0.5,0.5860215053763441,1.1720430107526882,0.5,-0.024401330117228327,558,35,0.2571428571428571,-0.328878648233487,GDD
US_Corn_Belt,US_Corn_Belt_GDD30_q90,GDD30_q90,CORN,US Corn Belt → corn ETF,42,0.5,0.5856697819314641,1.1717218548433013,0.499836867862969,-0.010586128998881988,321,24,0.9583333333333334,0.37266355140186924,GDD
US_Corn_Belt,US_Corn_Belt_tmax_q90,tmax_q90,GC=F,US Corn Belt → gold,126,0.5,0.5853658536585366,1.170948108741716,0.4999075956385141,0.03163254647015076,533,17,0.9411764705882353,0.35581061692969873,tmax
Ukraine_Russia_Wheat,Ukraine_Russia_Wheat_tmax_q95,tmax_q95,WEAT,Black Sea wheat → wheat ETF,126,0.5,0.5853658536585366,1.170731707317073,0.5,-0.0581499238242462,164,11,0.0,-0.5853658536585366,tmax
Ukraine_Russia_Wheat,Ukraine_Russia_Wheat_seasonal_q90,seasonal_q90,WEAT,Black Sea wheat → wheat ETF,126,0.5,0.5853658536585366,1.170731707317073,0.5,-0.0581499238242462,164,11,0.0,-0.5853658536585366,seasonal
Thailand_Sugar,Thailand_Sugar_tmax_q95,tmax_q95,CANE,Thailand sugar → sugar ETF,63,0.5,0.5853658536585366,1.170731707317073,0.5,-0.004753872020978338,164,1,0.0,-0.5853658536585366,tmax
EU_Wheat_Belt,EU_Wheat_Belt_GDD30_q80,GDD30_q80,WEAT,EU wheat zone → wheat ETF,63,0.5,0.585,1.17,0.5,-0.024401330117228327,600,45,0.24444444444444444,-0.3405555555555555,GDD
EU_Wheat_Belt,EU_Wheat_Belt_GDD30_q80,GDD30_q80,NG=F,EU wheat zone → nat gas,63,0.5,0.5849909584086799,1.1699819168173597,0.5,0.0065355641017601105,1106,46,0.43478260869565216,-0.1502083497130277,GDD
US_Urban_Energy,US_Urban_Energy_GDD30_q90,GDD30_q90,NG=F,US urban heat → nat gas,126,0.5,0.5848375451263538,1.1696750902527075,0.5,0.02180928099272797,554,27,0.14814814814814814,-0.43668939697820564,GDD
US_Great_Plains_Wheat,US_Great_Plains_Wheat_seasonal_q90,seasonal_q90,ZW=F,US Plains wheat → wheat futures,63,0.5,0.5833333333333334,1.1666666666666667,0.5,0.009525236987065146,180,3,0.0,-0.5833333333333334,seasonal
US_Great_Plains_Wheat,US_Great_Plains_Wheat_GDD30_q90,GDD30_q90,ZW=F,US Plains wheat → wheat futures,126,0.5,0.5833333333333334,1.1666666666666667,0.5,0.010970113771031225,576,7,0.5714285714285714,-0.011904761904761973,GDD
EU_Wheat_Belt,EU_Wheat_Belt_seasonal_q80,seasonal_q80,NG=F,EU wheat zone → nat gas,126,0.5,0.5822784810126582,1.1645569620253164,0.5,0.02180928099272797,553,21,0.42857142857142855,-0.15370705244122967,seasonal
Ukraine_Russia_Wheat,Ukraine_Russia_Wheat_tmax_q95,tmax_q95,ZW=F,Black Sea wheat → wheat futures,42,0.5,0.5821428571428572,1.1642857142857144,0.5,0.00508835880796275,280,11,0.09090909090909091,-0.49123376623376624,tmax
US_Corn_Belt,US_Corn_Belt_tmax_q95,tmax_q95,CORN,US Corn Belt → corn ETF,42,0.5,0.5818181818181818,1.164016140517446,0.499836867862969,-0.010586128998881988,165,5,1.0,0.4181818181818182,tmax
US_Corn_Belt,US_Corn_Belt_seasonal_q90,seasonal_q90,WEAT,US Corn Belt → wheat,126,0.5,0.5818181818181818,1.1636363636363636,0.5,-0.0581499238242462,110,4,0.25,-0.3318181818181818,seasonal
EU_Wheat_Belt,EU_Wheat_Belt_GDD30_q90,GDD30_q90,ZW=F,EU wheat zone → wheat futures,126,0.5,0.5815602836879432,1.1631205673758864,0.5,0.010970113771031225,564,24,0.25,-0.3315602836879432,GDD
Ukraine_Russia_Wheat,Ukraine_Russia_Wheat_heatstress_30C,heatstress_30C,WEAT,Black Sea wheat → wheat ETF,63,0.5,0.5813953488372093,1.1627906976744187,0.5,-0.024401330117228327,43,2,0.0,-0.5813953488372093,heat_stress
EU_Urban_Energy,EU_Urban_Energy_heatstress_30C,heatstress_30C,NG=F,EU urban heat → nat gas,42,0.5,0.5806451612903226,1.1612903225806452,0.5,0.0004339532622943069,62,7,0.5714285714285714,-0.009216589861751223,heat_stress
EU_Wheat_Belt,EU_Wheat_Belt_seasonal_q90,seasonal_q90,GC=F,EU wheat zone → gold futures,126,0.5,0.5802919708029197,1.1607984672882066,0.4999075956385141,0.03163254647015076,274,11,1.0,0.4197080291970803,seasonal
