zone,pred_col,pred_type,ticker,rationale,source,horizon,q_target,cpe_train,lift_train,uncond_prob,n_cond_train,n_cond_oos,hit_rate_oos,calibration_err,threshold
EU_Urban_Energy,EU_Urban_Energy_dry_heat,dry_heat,UNG,EU Urban VPD → nat gas ETF,Paper 8 VPD,21,0.65,0.7058823529411765,2.0170324846356453,0.3499608252807522,34,5,0.6,-0.10588235294117654,
EU_Urban_Energy,EU_Urban_Energy_combined_heat_vpd,combined_heat_vpd,NG=F,EU Urban VPD → nat gas,Paper 8 VPD,126,0.7,0.6,1.9995082974800245,0.300073773515308,35,6,0.0,-0.6,
EU_Urban_Energy,EU_Urban_Energy_VPD_stress_2p0kPa,VPD_stress_2p0kPa,NG=F,EU Urban VPD → nat gas,Paper 8 VPD,126,0.7,0.5833333333333334,1.9439664003278019,0.300073773515308,36,8,0.0,-0.5833333333333334,
EU_Urban_Energy,EU_Urban_Energy_dry_heat,dry_heat,UNG,EU Urban VPD → nat gas ETF,Paper 8 VPD,21,0.6,0.7647058823529411,1.9112655506066656,0.40010446591799426,34,5,0.6,-0.16470588235294115,
EU_Urban_Energy,EU_Urban_Energy_combined_heat_vpd,combined_heat_vpd,NG=F,EU Urban VPD → nat gas,Paper 8 VPD,126,0.65,0.6285714285714286,1.7956345024838176,0.350055330136481,35,6,0.16666666666666666,-0.46190476190476193,
EU_Urban_Energy,EU_Urban_Energy_dry_heat,dry_heat,UNG,EU Urban VPD → nat gas ETF,Paper 8 VPD,21,0.55,0.7941176470588235,1.764757092622307,0.4499869417602507,34,5,0.6,-0.1941176470588235,
EU_Urban_Energy,EU_Urban_Energy_VPD_stress_2p0kPa,VPD_stress_2p0kPa,NG=F,EU Urban VPD → nat gas,Paper 8 VPD,126,0.65,0.6111111111111112,1.7457557663037118,0.350055330136481,36,8,0.25,-0.36111111111111116,
EU_Urban_Energy,EU_Urban_Energy_combined_heat_vpd,combined_heat_vpd,NG=F,EU Urban VPD → nat gas,Paper 8 VPD,126,0.6,0.6857142857142857,1.7141276427583483,0.400036886757654,35,6,0.3333333333333333,-0.3523809523809524,
India_Sugar,India_Sugar_VPD_seasonal_q90,VPD_seasonal_q90,SOYB,India VPD → soybeans (food inflation),Paper 8 VPD,126,0.65,0.5833333333333334,1.6670128071997232,0.34992732558139533,108,11,1.0,0.41666666666666663,
EU_Urban_Energy,EU_Urban_Energy_VPD_stress_2p0kPa,VPD_stress_2p0kPa,GC=F,EU Urban VPD → gold,Paper 8 VPD,126,0.6,0.6666666666666666,1.6669747381392483,0.3999260765108113,36,8,0.875,0.20833333333333337,
EU_Urban_Energy,EU_Urban_Energy_VPD_stress_2p0kPa,VPD_stress_2p0kPa,NG=F,EU Urban VPD → nat gas,Paper 8 VPD,126,0.6,0.6666666666666666,1.6665129860150607,0.400036886757654,36,8,0.5,-0.16666666666666663,
EU_Urban_Energy,EU_Urban_Energy_dry_heat,dry_heat,NG=F,EU Urban VPD → nat gas,Paper 8 VPD,21,0.6,0.6595744680851063,1.648784124461709,0.400036886757654,47,5,0.6,-0.05957446808510636,
US_Great_Plains_Wheat,US_Great_Plains_Wheat_combined_heat_vpd,combined_heat_vpd,WEAT,US Plains VPD → wheat,Paper 8 VPD,63,0.6,0.6578947368421053,1.644438070653473,0.40007267441860467,38,0,,,
EU_Urban_Energy,EU_Urban_Energy_combined_heat_vpd,combined_heat_vpd,GC=F,EU Urban VPD → gold,Paper 8 VPD,126,0.6,0.6571428571428571,1.6431608133086877,0.3999260765108113,35,6,1.0,0.34285714285714286,
EU_Urban_Energy,EU_Urban_Energy_dry_heat,dry_heat,NG=F,EU Urban VPD → nat gas,Paper 8 VPD,21,0.55,0.723404255319149,1.6074991280083712,0.450018443378827,47,5,0.6,-0.123404255319149,
EU_Urban_Energy,EU_Urban_Energy_VPD_stress_2p0kPa,VPD_stress_2p0kPa,GC=F,EU Urban VPD → gold,Paper 8 VPD,126,0.55,0.7222222222222222,1.6049053159936115,0.4500092404361486,36,8,1.0,0.2777777777777778,
EU_Urban_Energy,EU_Urban_Energy_VPD_stress_2p0kPa,VPD_stress_2p0kPa,NG=F,EU Urban VPD → nat gas,Paper 8 VPD,21,0.6,0.6388888888888888,1.5970749449311,0.400036886757654,36,8,0.375,-0.26388888888888884,
EU_Urban_Energy,EU_Urban_Energy_dry_heat,dry_heat,NG=F,EU Urban VPD → nat gas,Paper 8 VPD,126,0.6,0.6382978723404256,1.595597539801654,0.400036886757654,47,5,0.2,-0.43829787234042555,
EU_Urban_Energy,EU_Urban_Energy_dry_heat,dry_heat,UNG,EU Urban VPD → nat gas ETF,Paper 8 VPD,21,0.5,0.7941176470588235,1.5886501936197674,0.4998694176025072,34,5,0.6,-0.1941176470588235,
EU_Urban_Energy,EU_Urban_Energy_combined_heat_vpd,combined_heat_vpd,GC=F,EU Urban VPD → gold,Paper 8 VPD,126,0.55,0.7142857142857143,1.5872689938398357,0.4500092404361486,35,6,1.0,0.2857142857142857,
EU_Urban_Energy,EU_Urban_Energy_combined_heat_vpd,combined_heat_vpd,NG=F,EU Urban VPD → nat gas,Paper 8 VPD,126,0.55,0.7142857142857143,1.5872365339578454,0.450018443378827,35,6,0.5,-0.2142857142857143,
US_Great_Plains_Wheat,US_Great_Plains_Wheat_VPD_stress_2p0kPa,VPD_stress_2p0kPa,WEAT,US Plains VPD → wheat,Paper 8 VPD,63,0.6,0.6333333333333333,1.5830457160157432,0.40007267441860467,60,1,1.0,0.3666666666666667,
EU_Urban_Energy,EU_Urban_Energy_combined_heat_vpd,combined_heat_vpd,NG=F,EU Urban VPD → nat gas,Paper 8 VPD,21,0.6,0.6285714285714286,1.5712836725284858,0.400036886757654,35,6,0.5,-0.12857142857142856,
EU_Urban_Energy,EU_Urban_Energy_dry_heat,dry_heat,DBB,EU Urban VPD → base metals,Paper 8 VPD,126,0.55,0.7058823529411765,1.5688064158920842,0.44994866529774125,34,5,1.0,0.2941176470588235,
EU_Urban_Energy,EU_Urban_Energy_dry_heat,dry_heat,NG=F,EU Urban VPD → nat gas,Paper 8 VPD,126,0.55,0.7021276595744681,1.5602197418904777,0.450018443378827,47,5,0.4,-0.3021276595744681,
US_Great_Plains_Wheat,US_Great_Plains_Wheat_VPD_stress_2p0kPa,VPD_stress_2p0kPa,WEAT,US Plains VPD → wheat,Paper 8 VPD,63,0.55,0.7,1.5560581583198705,0.4498546511627907,60,1,1.0,0.30000000000000004,
EU_Urban_Energy,EU_Urban_Energy_VPD_stress_2p0kPa,VPD_stress_2p0kPa,NG=F,EU Urban VPD → nat gas,Paper 8 VPD,21,0.55,0.6944444444444444,1.543146630236794,0.450018443378827,36,8,0.5,-0.19444444444444442,
EU_Urban_Energy,EU_Urban_Energy_VPD_stress_2p0kPa,VPD_stress_2p0kPa,NG=F,EU Urban VPD → nat gas,Paper 8 VPD,126,0.55,0.6944444444444444,1.543146630236794,0.450018443378827,36,8,0.625,-0.06944444444444442,
EU_Urban_Energy,EU_Urban_Energy_dry_heat,dry_heat,NG=F,EU Urban VPD → nat gas,Paper 8 VPD,21,0.5,0.7659574468085106,1.5319148936170213,0.5,47,5,0.6,-0.16595744680851066,
EU_Urban_Energy,EU_Urban_Energy_dry_heat,dry_heat,DBB,EU Urban VPD → base metals,Paper 8 VPD,126,0.5,0.7647058823529411,1.5294117647058822,0.5,34,5,1.0,0.23529411764705888,
India_Sugar,India_Sugar_VPD_seasonal_q90,VPD_seasonal_q90,SOYB,India VPD → soybeans (food inflation),Paper 8 VPD,42,0.6,0.6111111111111112,1.5275002522958927,0.40007267441860467,108,21,0.8571428571428571,0.24603174603174593,
India_Sugar,India_Sugar_VPD_seasonal_q90,VPD_seasonal_q90,SOYB,India VPD → soybeans (food inflation),Paper 8 VPD,126,0.6,0.6111111111111112,1.5275002522958927,0.40007267441860467,108,11,1.0,0.38888888888888884,
EU_Urban_Energy,EU_Urban_Energy_combined_heat_vpd,combined_heat_vpd,NG=F,EU Urban VPD → nat gas,Paper 8 VPD,21,0.55,0.6857142857142857,1.5237470725995317,0.450018443378827,35,6,0.5,-0.18571428571428572,
US_Great_Plains_Wheat,US_Great_Plains_Wheat_combined_heat_vpd,combined_heat_vpd,WEAT,US Plains VPD → wheat,Paper 8 VPD,63,0.55,0.6842105263157895,1.520959102117167,0.4498546511627907,38,0,,,
US_Soybean_Belt,US_Soybean_Belt_VPD_seasonal_q90,VPD_seasonal_q90,SOYB,US Soy VPD → soybeans,Paper 8 VPD,42,0.6,0.6052631578947368,1.512883025001195,0.40007267441860467,114,0,,,
India_Sugar,India_Sugar_VPD_seasonal_q90,VPD_seasonal_q90,SOYB,India VPD → soybeans (food inflation),Paper 8 VPD,21,0.6,0.6018518518518519,1.5043563090792882,0.40007267441860467,108,21,0.8095238095238095,0.20767195767195767,
EU_Urban_Energy,EU_Urban_Energy_VPD_stress_2p0kPa,VPD_stress_2p0kPa,NG=F,EU Urban VPD → nat gas,Paper 8 VPD,21,0.5,0.75,1.5,0.5,36,8,0.5,-0.25,
EU_Urban_Energy,EU_Urban_Energy_dry_heat,dry_heat,NG=F,EU Urban VPD → nat gas,Paper 8 VPD,126,0.5,0.7446808510638298,1.4893617021276595,0.5,47,5,0.4,-0.34468085106382973,
EU_Urban_Energy,EU_Urban_Energy_VPD_30d_q90,VPD_30d_q90,DBB,EU Urban VPD → base metals,Paper 8 VPD,126,0.5,0.7446808510638298,1.4893617021276595,0.5,423,51,1.0,0.25531914893617025,
EU_Urban_Energy,EU_Urban_Energy_combined_heat_vpd,combined_heat_vpd,NG=F,EU Urban VPD → nat gas,Paper 8 VPD,21,0.5,0.7428571428571429,1.4857142857142858,0.5,35,6,0.5,-0.24285714285714288,
EU_Urban_Energy,EU_Urban_Energy_combined_heat_vpd,combined_heat_vpd,NG=F,EU Urban VPD → nat gas,Paper 8 VPD,126,0.5,0.7428571428571429,1.4857142857142858,0.5,35,6,0.5,-0.24285714285714288,
India_Sugar,India_Sugar_VPD_seasonal_q90,VPD_seasonal_q90,SOYB,India VPD → soybeans (food inflation),Paper 8 VPD,21,0.55,0.6666666666666666,1.481960150780829,0.4498546511627907,108,21,0.8571428571428571,0.19047619047619047,
India_Sugar,India_Sugar_VPD_seasonal_q90,VPD_seasonal_q90,SOYB,India VPD → soybeans (food inflation),Paper 8 VPD,42,0.55,0.6666666666666666,1.481960150780829,0.4498546511627907,108,21,0.9047619047619048,0.23809523809523814,
India_Sugar,India_Sugar_VPD_seasonal_q90,VPD_seasonal_q90,SOYB,India VPD → soybeans (food inflation),Paper 8 VPD,63,0.6,0.5925925925925926,1.4812123658626837,0.40007267441860467,108,19,0.8421052631578947,0.24951267056530213,
Brazil_Corn,Brazil_Corn_VPD_30d_q90,VPD_30d_q90,CORN,Brazil Corn VPD → corn,Paper 8 VPD,126,0.6,0.5901639344262295,1.4754098360655736,0.4,366,0,,,
US_Great_Plains_Wheat,US_Great_Plains_Wheat_combined_heat_vpd,combined_heat_vpd,WEAT,US Plains VPD → wheat,Paper 8 VPD,63,0.5,0.7368421052631579,1.4736842105263157,0.5,38,0,,,
EU_Urban_Energy,EU_Urban_Energy_dry_heat,dry_heat,DBB,EU Urban VPD → base metals,Paper 8 VPD,126,0.6,0.5882352941176471,1.470965793249264,0.39989733059548255,34,5,1.0,0.4117647058823529,
Brazil_Soy,Brazil_Soy_VPD_seasonal_q90,VPD_seasonal_q90,ZS=F,Brazil Soy VPD → soy futures,Paper 8 VPD,42,0.6,0.587360594795539,1.4686724097724249,0.39992621287585317,269,15,0.26666666666666666,-0.3206939281288724,
US_Great_Plains_Wheat,US_Great_Plains_Wheat_VPD_stress_2p0kPa,VPD_stress_2p0kPa,WEAT,US Plains VPD → wheat,Paper 8 VPD,63,0.5,0.7333333333333333,1.4666666666666666,0.5,60,1,1.0,0.2666666666666667,
India_Sugar,India_Sugar_VPD_seasonal_q90,VPD_seasonal_q90,SOYB,India VPD → soybeans (food inflation),Paper 8 VPD,42,0.5,0.7314814814814815,1.462962962962963,0.5,108,21,1.0,0.2685185185185185,
Brazil_Soy,Brazil_Soy_VPD_30d_q90,VPD_30d_q90,ZS=F,Brazil Soy VPD → soy futures,Paper 8 VPD,63,0.6,0.5828677839851024,1.4574383104166238,0.39992621287585317,537,31,0.4838709677419355,-0.09899681624316692,
EU_Urban_Energy,EU_Urban_Energy_VPD_30d_q90,VPD_30d_q90,DBB,EU Urban VPD → base metals,Paper 8 VPD,126,0.55,0.6548463356973995,1.4553801048927943,0.44994866529774125,423,51,1.0,0.3451536643026005,
EU_Urban_Energy,EU_Urban_Energy_VPD_stress_2p0kPa,VPD_stress_2p0kPa,GC=F,EU Urban VPD → gold,Paper 8 VPD,126,0.5,0.7222222222222222,1.444711439720682,0.4999075956385141,36,8,1.0,0.2777777777777778,
EU_Urban_Energy,EU_Urban_Energy_VPD_stress_2p0kPa,VPD_stress_2p0kPa,NG=F,EU Urban VPD → nat gas,Paper 8 VPD,126,0.5,0.7222222222222222,1.4444444444444444,0.5,36,8,0.625,-0.09722222222222221,
US_Soybean_Belt,US_Soybean_Belt_VPD_seasonal_q90,VPD_seasonal_q90,SOYB,US Soy VPD → soybeans,Paper 8 VPD,42,0.55,0.6491228070175439,1.4429611994444917,0.4498546511627907,114,0,,,
Brazil_Corn,Brazil_Corn_VPD_30d_q90,VPD_30d_q90,CORN,Brazil Corn VPD → corn,Paper 8 VPD,63,0.5,0.7185792349726776,1.4376275164433792,0.499836867862969,366,0,,,
Ukraine_Russia_Wheat,Ukraine_Russia_Wheat_VPD_30d_q90,VPD_30d_q90,WEAT,Ukraine VPD → wheat,Paper 8 VPD,63,0.55,0.6458923512747875,1.4357800894250525,0.4498546511627907,353,50,0.12,-0.5258923512747875,
Ukraine_Russia_Wheat,Ukraine_Russia_Wheat_VPD_30d_q90,VPD_30d_q90,WEAT,Ukraine VPD → wheat,Paper 8 VPD,63,0.5,0.71671388101983,1.43342776203966,0.5,353,50,0.18,-0.53671388101983,
EU_Urban_Energy,EU_Urban_Energy_combined_heat_vpd,combined_heat_vpd,GC=F,EU Urban VPD → gold,Paper 8 VPD,126,0.5,0.7142857142857143,1.4288354898336415,0.4999075956385141,35,6,1.0,0.2857142857142857,
Brazil_Soy,Brazil_Soy_VPD_seasonal_q90,VPD_seasonal_q90,ZS=F,Brazil Soy VPD → soy futures,Paper 8 VPD,42,0.55,0.6394052044609665,1.4211626131131199,0.4499169894853348,269,15,0.26666666666666666,-0.37273853779429983,
Brazil_Soy,Brazil_Soy_VPD_seasonal_q90,VPD_seasonal_q90,ZS=F,Brazil Soy VPD → soy futures,Paper 8 VPD,42,0.5,0.7100371747211895,1.4203363557799145,0.49990776609481646,269,15,0.26666666666666666,-0.4433705080545229,
Brazil_Soy,Brazil_Soy_VPD_30d_q90,VPD_30d_q90,ZS=F,Brazil Soy VPD → soy futures,Paper 8 VPD,63,0.55,0.638733705772812,1.4196701184888945,0.4499169894853348,537,31,0.5161290322580645,-0.12260467351474746,
US_Corn_Belt,US_Corn_Belt_VPD_30d_q90,VPD_30d_q90,WEAT,US Corn Belt VPD → wheat,Paper 8 VPD,63,0.55,0.6367521367521367,1.4154619388868175,0.4498546511627907,234,0,,,
India_Sugar,India_Sugar_VPD_seasonal_q90,VPD_seasonal_q90,SOYB,India VPD → soybeans (food inflation),Paper 8 VPD,21,0.5,0.7037037037037037,1.4074074074074074,0.5,108,21,0.8571428571428571,0.15343915343915338,
Ukraine_Russia_Wheat,Ukraine_Russia_Wheat_VPD_seasonal_q90,VPD_seasonal_q90,WEAT,Ukraine VPD → wheat,Paper 8 VPD,63,0.55,0.6303030303030303,1.4011259607382385,0.4498546511627907,165,19,0.3684210526315789,-0.2618819776714513,
India_Sugar,India_Sugar_VPD_seasonal_q90,VPD_seasonal_q90,SOYB,India VPD → soybeans (food inflation),Paper 8 VPD,126,0.55,0.6296296296296297,1.3996290312930055,0.4498546511627907,108,11,1.0,0.37037037037037035,
Brazil_Corn,Brazil_Corn_VPD_30d_q90,VPD_30d_q90,CORN,Brazil Corn VPD → corn,Paper 8 VPD,42,0.55,0.6284153005464481,1.3967316143400026,0.4499184339314845,366,0,,,
Brazil_Corn,Brazil_Corn_VPD_30d_q90,VPD_30d_q90,CORN,Brazil Corn VPD → corn,Paper 8 VPD,63,0.55,0.6284153005464481,1.3967316143400026,0.4499184339314845,366,0,,,
Brazil_Corn,Brazil_Corn_VPD_30d_q90,VPD_30d_q90,CORN,Brazil Corn VPD → corn,Paper 8 VPD,42,0.5,0.6939890710382514,1.3884311375536817,0.499836867862969,366,0,,,
India_Sugar,India_Sugar_VPD_seasonal_q90,VPD_seasonal_q90,SOYB,India VPD → soybeans (food inflation),Paper 8 VPD,63,0.55,0.6203703703703703,1.3790462514210493,0.4498546511627907,108,19,0.9473684210526315,0.3269980506822612,
US_Great_Plains_Wheat,US_Great_Plains_Wheat_VPD_seasonal_q90,VPD_seasonal_q90,WEAT,US Plains VPD → wheat,Paper 8 VPD,63,0.55,0.6203703703703703,1.3790462514210493,0.4498546511627907,108,3,0.6666666666666666,0.04629629629629628,
Brazil_Soy,Brazil_Soy_VPD_seasonal_q90,VPD_seasonal_q90,ZS=F,Brazil Soy VPD → soy futures,Paper 8 VPD,63,0.55,0.6171003717472119,1.3715871731208018,0.4499169894853348,269,15,0.4666666666666667,-0.1504337050805452,
US_Great_Plains_Wheat,US_Great_Plains_Wheat_VPD_30d_q90,VPD_30d_q90,WEAT,US Plains VPD → wheat,Paper 8 VPD,63,0.55,0.6153846153846154,1.367963216105381,0.4498546511627907,286,0,,,
Brazil_Soy,Brazil_Soy_VPD_seasonal_q90,VPD_seasonal_q90,ZS=F,Brazil Soy VPD → soy futures,Paper 8 VPD,63,0.5,0.6802973977695167,1.3608458277891329,0.49990776609481646,269,15,0.5333333333333333,-0.14696406443618337,
US_Corn_Belt,US_Corn_Belt_VPD_30d_q90,VPD_30d_q90,WEAT,US Corn Belt VPD → wheat,Paper 8 VPD,63,0.5,0.6794871794871795,1.358974358974359,0.5,234,0,,,
EU_Urban_Energy,EU_Urban_Energy_VPD_q90,VPD_q90,DBB,EU Urban VPD → base metals,Paper 8 VPD,126,0.5,0.6768867924528302,1.3537735849056605,0.5,424,35,1.0,0.32311320754716977,
EU_Urban_Energy,EU_Urban_Energy_VPD_seasonal_q90,VPD_seasonal_q90,DBB,EU Urban VPD → base metals,Paper 8 VPD,126,0.5,0.6768867924528302,1.3537735849056605,0.5,424,35,1.0,0.32311320754716977,
EU_Urban_Energy,EU_Urban_Energy_VPD_q90,VPD_q90,DBB,EU Urban VPD → base metals,Paper 8 VPD,126,0.55,0.6084905660377359,1.3523555306805586,0.44994866529774125,424,35,1.0,0.3915094339622641,
EU_Urban_Energy,EU_Urban_Energy_VPD_seasonal_q90,VPD_seasonal_q90,DBB,EU Urban VPD → base metals,Paper 8 VPD,126,0.55,0.6084905660377359,1.3523555306805586,0.44994866529774125,424,35,1.0,0.3915094339622641,
Brazil_Corn,Brazil_Corn_VPD_30d_q90,VPD_30d_q90,CORN,Brazil Corn VPD → corn,Paper 8 VPD,126,0.55,0.6065573770491803,1.3481496451455677,0.4499184339314845,366,0,,,
Ukraine_Russia_Wheat,Ukraine_Russia_Wheat_VPD_seasonal_q90,VPD_seasonal_q90,WEAT,Ukraine VPD → wheat,Paper 8 VPD,63,0.5,0.6727272727272727,1.3454545454545455,0.5,165,19,0.42105263157894735,-0.2516746411483254,
Ukraine_Russia_Wheat,Ukraine_Russia_Wheat_VPD_30d_q90,VPD_30d_q90,WEAT,Ukraine VPD → wheat,Paper 8 VPD,42,0.55,0.603399433427762,1.3413208730155097,0.4498546511627907,353,50,0.32,-0.283399433427762,
Brazil_Soy,Brazil_Soy_VPD_seasonal_q90,VPD_seasonal_q90,ZC=F,Brazil Soy VPD → corn futures,Paper 8 VPD,42,0.55,0.602996254681648,1.3399091652675534,0.45002771106595235,267,15,0.3333333333333333,-0.26966292134831465,
Brazil_Soy,Brazil_Soy_VPD_seasonal_q90,VPD_seasonal_q90,ZC=F,Brazil Soy VPD → corn futures,Paper 8 VPD,63,0.55,0.602996254681648,1.3399091652675534,0.45002771106595235,267,15,0.3333333333333333,-0.26966292134831465,
US_Great_Plains_Wheat,US_Great_Plains_Wheat_VPD_30d_q90,VPD_30d_q90,WEAT,US Plains VPD → wheat,Paper 8 VPD,63,0.5,0.6678321678321678,1.3356643356643356,0.5,286,0,,,
Brazil_Soy,Brazil_Soy_VPD_30d_q90,VPD_30d_q90,ZS=F,Brazil Soy VPD → soy futures,Paper 8 VPD,63,0.5,0.6666666666666666,1.3335793357933579,0.49990776609481646,537,31,0.6129032258064516,-0.053763440860215006,
US_Soybean_Belt,US_Soybean_Belt_VPD_seasonal_q90,VPD_seasonal_q90,SOYB,US Soy VPD → soybeans,Paper 8 VPD,42,0.5,0.6666666666666666,1.3333333333333333,0.5,114,0,,,
US_Great_Plains_Wheat,US_Great_Plains_Wheat_VPD_stress_2p0kPa,VPD_stress_2p0kPa,WEAT,US Plains VPD → wheat,Paper 8 VPD,126,0.5,0.6666666666666666,1.3333333333333333,0.5,60,1,1.0,0.33333333333333337,
EU_Urban_Energy,EU_Urban_Energy_combined_heat_vpd,combined_heat_vpd,NG=F,EU Urban VPD → nat gas,Paper 8 VPD,42,0.55,0.6,1.33327868852459,0.450018443378827,35,6,0.3333333333333333,-0.26666666666666666,
US_Corn_Belt,US_Corn_Belt_VPD_seasonal_q90,VPD_seasonal_q90,WEAT,US Corn Belt VPD → wheat,Paper 8 VPD,63,0.55,0.5981308411214953,1.329609107242613,0.4498546511627907,107,1,1.0,0.4018691588785047,
Brazil_Soy,Brazil_Soy_VPD_seasonal_q90,VPD_seasonal_q90,ZC=F,Brazil Soy VPD → corn futures,Paper 8 VPD,42,0.5,0.6629213483146067,1.3260876786500244,0.4999076297801589,267,15,0.3333333333333333,-0.3295880149812734,
Ukraine_Russia_Wheat,Ukraine_Russia_Wheat_VPD_30d_q90,VPD_30d_q90,WEAT,Ukraine VPD → wheat,Paper 8 VPD,42,0.5,0.6628895184135978,1.3257790368271956,0.5,353,50,0.38,-0.2828895184135978,
Brazil_Soy,Brazil_Soy_VPD_seasonal_q80,VPD_seasonal_q80,ZS=F,Brazil Soy VPD → soy futures,Paper 8 VPD,63,0.55,0.5955056179775281,1.3235899774728084,0.4499169894853348,534,38,0.5789473684210527,-0.016558249556475446,
Brazil_Soy,Brazil_Soy_VPD_seasonal_q90,VPD_seasonal_q90,SOYB,Brazil Soy VPD → soybeans,Paper 8 VPD,126,0.55,0.5953757225433526,1.323484643327388,0.4498546511627907,173,11,0.8181818181818182,0.22280609563846565,
Brazil_Soy,Brazil_Soy_VPD_30d_q90,VPD_30d_q90,CORN,Brazil Soy VPD → corn,Paper 8 VPD,42,0.55,0.5954415954415955,1.323443430042415,0.4499184339314845,351,31,0.1935483870967742,-0.4018932083448213,
Brazil_Soy,Brazil_Soy_VPD_30d_q90,VPD_30d_q90,ZS=F,Brazil Soy VPD → soy futures,Paper 8 VPD,21,0.55,0.5940409683426443,1.3203345999940446,0.4499169894853348,537,31,0.1935483870967742,-0.4004925812458701,
US_Great_Plains_Wheat,US_Great_Plains_Wheat_combined_heat_vpd,combined_heat_vpd,WEAT,US Plains VPD → wheat,Paper 8 VPD,126,0.5,0.6578947368421053,1.3157894736842106,0.5,38,0,,,
India_Sugar,India_Sugar_VPD_seasonal_q90,VPD_seasonal_q90,SOYB,India VPD → soybeans (food inflation),Paper 8 VPD,126,0.5,0.6574074074074074,1.3148148148148149,0.5,108,11,1.0,0.34259259259259256,
Brazil_Soy,Brazil_Soy_VPD_seasonal_q90,VPD_seasonal_q90,SOYB,Brazil Soy VPD → soybeans,Paper 8 VPD,42,0.55,0.5895953757225434,1.31063527785819,0.4498546511627907,173,14,0.2857142857142857,-0.3038810900082577,
US_Corn_Belt,US_Corn_Belt_VPD_seasonal_q90,VPD_seasonal_q90,WEAT,US Corn Belt VPD → wheat,Paper 8 VPD,42,0.5,0.6542056074766355,1.308411214953271,0.5,107,1,1.0,0.3457943925233645,
US_Soybean_Belt,US_Soybean_Belt_VPD_seasonal_q90,VPD_seasonal_q90,WEAT,US Soy VPD → wheat,Paper 8 VPD,21,0.55,0.5877192982456141,1.30646486976731,0.4498546511627907,114,0,,,
US_Soybean_Belt,US_Soybean_Belt_VPD_seasonal_q90,VPD_seasonal_q90,GC=F,US Soy VPD → gold,Paper 8 VPD,126,0.55,0.5864978902953587,1.3033018827056204,0.4500092404361486,237,0,,,
Brazil_Soy,Brazil_Soy_combined_heat_vpd,combined_heat_vpd,ZS=F,Brazil Soy VPD → soy futures,Paper 8 VPD,42,0.5,0.6513761467889908,1.3029926537797487,0.49990776609481646,327,22,0.45454545454545453,-0.19683069224353628,
Brazil_Soy,Brazil_Soy_VPD_30d_q80,VPD_30d_q80,ZS=F,Brazil Soy VPD → soy futures,Paper 8 VPD,63,0.55,0.5860165593376265,1.3024992899423016,0.4499169894853348,1087,71,0.7183098591549296,0.1322932998173031,
Brazil_Soy,Brazil_Soy_VPD_stress_2p0kPa,VPD_stress_2p0kPa,ZS=F,Brazil Soy VPD → soy futures,Paper 8 VPD,63,0.55,0.5851602023608768,1.3005959233285418,0.4499169894853348,593,41,0.5609756097560976,-0.02418459260477923,
EU_Wheat_Belt,EU_Wheat_Belt_VPD_seasonal_q90,VPD_seasonal_q90,NG=F,EU Wheat VPD → nat gas,Paper 8 VPD,126,0.55,0.5842696629213483,1.2983238165407993,0.450018443378827,267,13,0.6153846153846154,0.03111495246326712,
Brazil_Soy,Brazil_Soy_VPD_30d_q90,VPD_30d_q90,SOYB,Brazil Soy VPD → soybeans,Paper 8 VPD,21,0.55,0.584045584045584,1.2982984226926069,0.4498546511627907,351,31,0.25806451612903225,-0.3259810679165518,
Brazil_Soy,Brazil_Soy_VPD_seasonal_q90,VPD_seasonal_q90,SOYB,Brazil Soy VPD → soybeans,Paper 8 VPD,63,0.55,0.5838150289017341,1.297785912388992,0.4498546511627907,173,14,0.5,-0.08381502890173409,
EU_Urban_Energy,EU_Urban_Energy_VPD_30d_q90,VPD_30d_q90,UNG,EU Urban VPD → nat gas ETF,Paper 8 VPD,21,0.55,0.5839243498817966,1.29764732193697,0.4499869417602507,423,53,0.4716981132075472,-0.11222623667424947,
US_Great_Plains_Wheat,US_Great_Plains_Wheat_VPD_stress_2p0kPa,VPD_stress_2p0kPa,WEAT,US Plains VPD → wheat,Paper 8 VPD,126,0.55,0.5833333333333334,1.2967151319332257,0.4498546511627907,60,1,1.0,0.41666666666666663,
India_Sugar,India_Sugar_VPD_seasonal_q90,VPD_seasonal_q90,SOYB,India VPD → soybeans (food inflation),Paper 8 VPD,63,0.5,0.6481481481481481,1.2962962962962963,0.5,108,19,1.0,0.35185185185185186,
US_Great_Plains_Wheat,US_Great_Plains_Wheat_VPD_seasonal_q90,VPD_seasonal_q90,WEAT,US Plains VPD → wheat,Paper 8 VPD,63,0.5,0.6481481481481481,1.2962962962962963,0.5,108,3,0.6666666666666666,0.01851851851851849,
EU_Urban_Energy,EU_Urban_Energy_VPD_stress_2p0kPa,VPD_stress_2p0kPa,NG=F,EU Urban VPD → nat gas,Paper 8 VPD,42,0.55,0.5833333333333334,1.2962431693989072,0.450018443378827,36,8,0.375,-0.20833333333333337,
Brazil_Corn,Brazil_Corn_VPD_30d_q90,VPD_30d_q90,CORN,Brazil Corn VPD → corn,Paper 8 VPD,21,0.55,0.5819672131147541,1.2934949298018283,0.4499184339314845,366,0,,,
Brazil_Soy,Brazil_Soy_VPD_30d_q90,VPD_30d_q90,ZS=F,Brazil Soy VPD → soy futures,Paper 8 VPD,21,0.5,0.6461824953445066,1.2926034344142325,0.49990776609481646,537,31,0.1935483870967742,-0.45263410824773237,
Brazil_Soy,Brazil_Soy_VPD_seasonal_q80,VPD_seasonal_q80,ZS=F,Brazil Soy VPD → soy futures,Paper 8 VPD,63,0.5,0.6460674157303371,1.2923732327210913,0.49990776609481646,534,38,0.631578947368421,-0.014488468361916085,
Brazil_Soy,Brazil_Soy_combined_heat_vpd,combined_heat_vpd,ZS=F,Brazil Soy VPD → soy futures,Paper 8 VPD,63,0.55,0.581039755351682,1.291437685019052,0.4499169894853348,327,22,0.5909090909090909,0.009869335557408987,
Ukraine_Russia_Wheat,Ukraine_Russia_Wheat_VPD_q90,VPD_q90,WEAT,Ukraine VPD → wheat,Paper 8 VPD,63,0.55,0.5803571428571429,1.2900992384029542,0.4498546511627907,336,32,0.25,-0.3303571428571429,
Brazil_Soy,Brazil_Soy_VPD_seasonal_q80,VPD_seasonal_q80,ZS=F,Brazil Soy VPD → soy futures,Paper 8 VPD,42,0.5,0.6441947565543071,1.2886272233508853,0.49990776609481646,534,38,0.34210526315789475,-0.3020894933964124,
EU_Urban_Energy,EU_Urban_Energy_VPD_30d_q90,VPD_30d_q90,UNG,EU Urban VPD → nat gas ETF,Paper 8 VPD,21,0.5,0.6430260047281324,1.286387968706384,0.4998694176025072,423,53,0.5283018867924528,-0.1147241179356796,
Brazil_Soy,Brazil_Soy_VPD_30d_q90,VPD_30d_q90,CORN,Brazil Soy VPD → corn,Paper 8 VPD,42,0.5,0.6410256410256411,1.2824697060989492,0.499836867862969,351,31,0.2903225806451613,-0.35070306038047977,
Brazil_Soy,Brazil_Soy_VPD_seasonal_q90,VPD_seasonal_q90,ZS=F,Brazil Soy VPD → soy futures,Paper 8 VPD,126,0.5,0.6394052044609665,1.2790463518018078,0.49990776609481646,269,12,0.8333333333333334,0.19392812887236688,
Brazil_Soy,Brazil_Soy_VPD_stress_2p0kPa,VPD_stress_2p0kPa,ZS=F,Brazil Soy VPD → soy futures,Paper 8 VPD,63,0.5,0.6374367622259697,1.275108740969366,0.49990776609481646,593,41,0.6097560975609756,-0.02768066466499408,
Brazil_Soy,Brazil_Soy_dry_heat,dry_heat,ZS=F,Brazil Soy VPD → soy futures,Paper 8 VPD,42,0.5,0.6373239436619719,1.2748830622109038,0.49990776609481646,284,20,0.55,-0.08732394366197183,
Brazil_Soy,Brazil_Soy_VPD_seasonal_q90,VPD_seasonal_q90,ZC=F,Brazil Soy VPD → corn futures,Paper 8 VPD,63,0.5,0.6367041198501873,1.2736435331666902,0.4999076297801589,267,15,0.4,-0.23670411985018724,
EU_Wheat_Belt,EU_Wheat_Belt_VPD_seasonal_q90,VPD_seasonal_q90,NG=F,EU Wheat VPD → nat gas,Paper 8 VPD,126,0.5,0.6367041198501873,1.2734082397003745,0.5,267,13,0.6153846153846154,-0.021319504465571848,
Brazil_Soy,Brazil_Soy_VPD_stress_2p0kPa,VPD_stress_2p0kPa,ZS=F,Brazil Soy VPD → soy futures,Paper 8 VPD,42,0.5,0.6340640809443507,1.2683621338742899,0.49990776609481646,593,41,0.34146341463414637,-0.29260066631020437,
Ukraine_Russia_Wheat,Ukraine_Russia_Wheat_VPD_q90,VPD_q90,WEAT,Ukraine VPD → wheat,Paper 8 VPD,63,0.5,0.6339285714285714,1.2678571428571428,0.5,336,32,0.34375,-0.2901785714285714,
EU_Urban_Energy,EU_Urban_Energy_VPD_30d_q90,VPD_30d_q90,DBB,EU Urban VPD → base metals,Paper 8 VPD,63,0.5,0.6335697399527187,1.2671394799054374,0.5,423,51,0.9803921568627451,0.34682241691002635,
Brazil_Soy,Brazil_Soy_VPD_seasonal_q90,VPD_seasonal_q90,ZC=F,Brazil Soy VPD → corn futures,Paper 8 VPD,21,0.5,0.6329588014981273,1.2661515123833567,0.4999076297801589,267,15,0.5333333333333333,-0.099625468164794,
Brazil_Soy,Brazil_Soy_VPD_stress_2p0kPa,VPD_stress_2p0kPa,ZS=F,Brazil Soy VPD → soy futures,Paper 8 VPD,126,0.5,0.6323777403035413,1.2649888303267518,0.49990776609481646,593,31,0.8387096774193549,0.20633193711581355,
US_Great_Plains_Wheat,US_Great_Plains_Wheat_combined_heat_vpd,combined_heat_vpd,WEAT,US Plains VPD → wheat,Paper 8 VPD,42,0.5,0.631578947368421,1.263157894736842,0.5,38,0,,,
Brazil_Soy,Brazil_Soy_VPD_30d_q90,VPD_30d_q90,ZS=F,Brazil Soy VPD → soy futures,Paper 8 VPD,42,0.5,0.6312849162011173,1.2628027788657774,0.49990776609481646,537,31,0.41935483870967744,-0.21193007749143983,
Brazil_Corn,Brazil_Corn_VPD_30d_q90,VPD_30d_q90,CORN,Brazil Corn VPD → corn,Paper 8 VPD,126,0.5,0.6311475409836066,1.2627070581688997,0.499836867862969,366,0,,,
Brazil_Soy,Brazil_Soy_VPD_seasonal_q90,VPD_seasonal_q90,SOYB,Brazil Soy VPD → soybeans,Paper 8 VPD,42,0.5,0.630057803468208,1.260115606936416,0.5,173,14,0.2857142857142857,-0.34434351775392236,
Brazil_Soy,Brazil_Soy_VPD_seasonal_q90,VPD_seasonal_q90,SOYB,Brazil Soy VPD → soybeans,Paper 8 VPD,126,0.5,0.630057803468208,1.260115606936416,0.5,173,11,1.0,0.36994219653179194,
Brazil_Soy,Brazil_Soy_VPD_seasonal_q80,VPD_seasonal_q80,ZS=F,Brazil Soy VPD → soy futures,Paper 8 VPD,126,0.5,0.6292134831460674,1.2586591483892366,0.49990776609481646,534,29,0.8275862068965517,0.19837272375048431,
Brazil_Corn,Brazil_Corn_VPD_30d_q90,VPD_30d_q90,CORN,Brazil Corn VPD → corn,Paper 8 VPD,21,0.5,0.6284153005464481,1.257240793847822,0.499836867862969,366,0,,,
EU_Urban_Energy,EU_Urban_Energy_combined_heat_vpd,combined_heat_vpd,NG=F,EU Urban VPD → nat gas,Paper 8 VPD,42,0.5,0.6285714285714286,1.2571428571428571,0.5,35,6,0.5,-0.12857142857142856,
Ukraine_Russia_Wheat,Ukraine_Russia_Wheat_VPD_30d_q80,VPD_30d_q80,WEAT,Ukraine VPD → wheat,Paper 8 VPD,63,0.5,0.6276923076923077,1.2553846153846153,0.5,650,58,0.1896551724137931,-0.43803713527851457,
Brazil_Soy,Brazil_Soy_VPD_30d_q90,VPD_30d_q90,SOYB,Brazil Soy VPD → soybeans,Paper 8 VPD,21,0.5,0.6267806267806267,1.2535612535612535,0.5,351,31,0.25806451612903225,-0.3687161106515945,
Brazil_Corn,Brazil_Corn_VPD_30d_q80,VPD_30d_q80,CORN,Brazil Corn VPD → corn,Paper 8 VPD,42,0.5,0.6257309941520468,1.2518704289007987,0.499836867862969,684,39,0.5384615384615384,-0.08726945569050837,
Brazil_Soy,Brazil_Soy_VPD_seasonal_q90,VPD_seasonal_q90,DBC,Brazil Soy VPD → broad commodities,Paper 8 VPD,63,0.5,0.625,1.25,0.5,216,14,0.2857142857142857,-0.3392857142857143,
EU_Urban_Energy,EU_Urban_Energy_VPD_30d_q80,VPD_30d_q80,DBB,EU Urban VPD → base metals,Paper 8 VPD,126,0.5,0.625,1.25,0.5,856,73,1.0,0.375,
Brazil_Soy,Brazil_Soy_VPD_30d_q80,VPD_30d_q80,ZS=F,Brazil Soy VPD → soy futures,Paper 8 VPD,63,0.5,0.624655013799448,1.249540527603988,0.49990776609481646,1087,71,0.7605633802816901,0.13590836648224214,
US_Soybean_Belt,US_Soybean_Belt_VPD_seasonal_q90,VPD_seasonal_q90,GC=F,US Soy VPD → gold,Paper 8 VPD,126,0.5,0.6244725738396625,1.2491760063018167,0.4999075956385141,237,0,,,
Brazil_Soy,Brazil_Soy_combined_heat_vpd,combined_heat_vpd,ZS=F,Brazil Soy VPD → soy futures,Paper 8 VPD,63,0.5,0.6238532110091743,1.2479366261552525,0.49990776609481646,327,22,0.6818181818181818,0.05796497080900742,
Brazil_Soy,Brazil_Soy_VPD_30d_q80,VPD_30d_q80,ZS=F,Brazil Soy VPD → soy futures,Paper 8 VPD,21,0.5,0.6237350505979761,1.247700261731228,0.49990776609481646,1087,71,0.43661971830985913,-0.18711533228811694,
US_Soybean_Belt,US_Soybean_Belt_VPD_seasonal_q90,VPD_seasonal_q90,WEAT,US Soy VPD → wheat,Paper 8 VPD,21,0.5,0.6228070175438597,1.2456140350877194,0.5,114,0,,,
US_Soybean_Belt,US_Soybean_Belt_VPD_seasonal_q90,VPD_seasonal_q90,WEAT,US Soy VPD → wheat,Paper 8 VPD,42,0.5,0.6228070175438597,1.2456140350877194,0.5,114,0,,,
India_Sugar,India_Sugar_VPD_30d_q90,VPD_30d_q90,CANE,India VPD → sugar ETF,Paper 8 VPD,126,0.5,0.6219512195121951,1.2439024390243902,0.5,246,15,0.0,-0.6219512195121951,
Brazil_Soy,Brazil_Soy_VPD_seasonal_q90,VPD_seasonal_q90,ZS=F,Brazil Soy VPD → soy futures,Paper 8 VPD,21,0.5,0.620817843866171,1.2418647718075693,0.49990776609481646,269,15,0.3333333333333333,-0.2874845105328377,
EU_Urban_Energy,EU_Urban_Energy_ET0_q90,ET0_q90,DBB,EU Urban VPD → base metals,Paper 8 VPD,126,0.5,0.6208651399491094,1.2417302798982188,0.5,393,30,1.0,0.3791348600508906,
Brazil_Corn,Brazil_Corn_ET0_q90,ET0_q90,ZC=F,Brazil Corn VPD → corn futures,Paper 8 VPD,126,0.5,0.6206896551724138,1.2416086856793334,0.4999076297801589,522,27,0.7037037037037037,0.08301404853128991,
US_Great_Plains_Wheat,US_Great_Plains_Wheat_VPD_seasonal_q90,VPD_seasonal_q90,WEAT,US Plains VPD → wheat,Paper 8 VPD,126,0.5,0.6203703703703703,1.2407407407407407,0.5,108,3,0.6666666666666666,0.04629629629629628,
Brazil_Soy,Brazil_Soy_VPD_seasonal_q80,VPD_seasonal_q80,ZC=F,Brazil Soy VPD → corn futures,Paper 8 VPD,63,0.5,0.6200378071833649,1.240304748811365,0.4999076297801589,529,38,0.5526315789473685,-0.0674062282359964,
Brazil_Soy,Brazil_Soy_VPD_seasonal_q90,VPD_seasonal_q90,SOYB,Brazil Soy VPD → soybeans,Paper 8 VPD,63,0.5,0.6184971098265896,1.2369942196531791,0.5,173,14,0.5714285714285714,-0.04706853839801817,
Brazil_Corn,Brazil_Corn_ET0_q80,ET0_q80,ZC=F,Brazil Corn VPD → corn futures,Paper 8 VPD,126,0.5,0.6182692307692308,1.2367669424071863,0.4999076297801589,1040,49,0.5102040816326531,-0.10806514913657772,
Brazil_Soy,Brazil_Soy_VPD_30d_q80,VPD_30d_q80,ZS=F,Brazil Soy VPD → soy futures,Paper 8 VPD,42,0.5,0.6182152713891444,1.2366586664946686,0.49990776609481646,1087,71,0.6619718309859155,0.04375655959677105,
Brazil_Soy,Brazil_Soy_VPD_seasonal_q80,VPD_seasonal_q80,ZC=F,Brazil Soy VPD → corn futures,Paper 8 VPD,42,0.5,0.6181474480151229,1.2365233318942572,0.4999076297801589,529,38,0.5263157894736842,-0.09183165854143871,
EU_Urban_Energy,EU_Urban_Energy_dry_heat,dry_heat,UNG,EU Urban VPD → nat gas ETF,Paper 8 VPD,42,0.5,0.6176470588235294,1.2356168172598194,0.4998694176025072,34,5,0.8,0.1823529411764706,
EU_Urban_Energy,EU_Urban_Energy_dry_heat,dry_heat,DBB,EU Urban VPD → base metals,Paper 8 VPD,63,0.5,0.6176470588235294,1.2352941176470589,0.5,34,5,1.0,0.38235294117647056,
Brazil_Soy,Brazil_Soy_VPD_stress_2p0kPa,VPD_stress_2p0kPa,ZS=F,Brazil Soy VPD → soy futures,Paper 8 VPD,21,0.5,0.6172006745362564,1.2346290983989099,0.49990776609481646,593,41,0.43902439024390244,-0.17817628429235394,
EU_Urban_Energy,EU_Urban_Energy_VPD_30d_q90,VPD_30d_q90,DBB,EU Urban VPD → base metals,Paper 8 VPD,42,0.5,0.6170212765957447,1.2340425531914894,0.5,423,51,0.9411764705882353,0.3241551939924906,
US_Corn_Belt,US_Corn_Belt_VPD_seasonal_q90,VPD_seasonal_q90,WEAT,US Corn Belt VPD → wheat,Paper 8 VPD,63,0.5,0.616822429906542,1.233644859813084,0.5,107,1,1.0,0.383177570093458,
US_Great_Plains_Wheat,US_Great_Plains_Wheat_VPD_stress_2p0kPa,VPD_stress_2p0kPa,WEAT,US Plains VPD → wheat,Paper 8 VPD,42,0.5,0.6166666666666667,1.2333333333333334,0.5,60,1,1.0,0.3833333333333333,
Brazil_Soy,Brazil_Soy_ET0_q90,ET0_q90,ZC=F,Brazil Soy VPD → corn futures,Paper 8 VPD,42,0.5,0.6164122137404581,1.2330522220905762,0.4999076297801589,524,22,0.5,-0.11641221374045807,
Brazil_Soy,Brazil_Soy_dry_heat,dry_heat,ZS=F,Brazil Soy VPD → soy futures,Paper 8 VPD,63,0.5,0.6161971830985915,1.2326217452315367,0.49990776609481646,284,20,0.7,0.08380281690140845,
Brazil_Corn,Brazil_Corn_VPD_seasonal_q90,VPD_seasonal_q90,ZC=F,Brazil Corn VPD → corn futures,Paper 8 VPD,63,0.5,0.6153846153846154,1.230996645630792,0.4999076297801589,260,21,0.5238095238095238,-0.09157509157509158,
US_Corn_Belt,US_Corn_Belt_VPD_30d_q90,VPD_30d_q90,WEAT,US Corn Belt VPD → wheat,Paper 8 VPD,42,0.5,0.6153846153846154,1.2307692307692308,0.5,234,0,,,
Brazil_Corn,Brazil_Corn_ET0_q90,ET0_q90,ZC=F,Brazil Corn VPD → corn futures,Paper 8 VPD,42,0.5,0.6149425287356322,1.23011230896008,0.4999076297801589,522,48,0.75,0.13505747126436785,
EU_Wheat_Belt,EU_Wheat_Belt_VPD_30d_q90,VPD_30d_q90,ZW=F,EU Wheat VPD → wheat futures,Paper 8 VPD,63,0.5,0.6149532710280374,1.2299065420560749,0.5,535,32,0.09375,-0.5212032710280374,
Brazil_Soy,Brazil_Soy_VPD_30d_q90,VPD_30d_q90,GC=F,Brazil Soy VPD → gold,Paper 8 VPD,42,0.5,0.6142322097378277,1.2286914923812886,0.4999075956385141,534,31,0.8387096774193549,0.2244774676815272,
Brazil_Soy,Brazil_Soy_VPD_stress_2p0kPa,VPD_stress_2p0kPa,ZC=F,Brazil Soy VPD → corn futures,Paper 8 VPD,63,0.5,0.6139455782312925,1.2281180395291893,0.4999076297801589,588,41,0.5853658536585366,-0.028579724572755927,
US_Soybean_Belt,US_Soybean_Belt_VPD_seasonal_q90,VPD_seasonal_q90,WEAT,US Soy VPD → wheat,Paper 8 VPD,63,0.5,0.6140350877192983,1.2280701754385965,0.5,114,0,,,
EU_Wheat_Belt,EU_Wheat_Belt_VPD_30d_q90,VPD_30d_q90,NG=F,EU Wheat VPD → nat gas,Paper 8 VPD,63,0.5,0.6130841121495327,1.2261682242990655,0.5,535,33,0.48484848484848486,-0.12823562730104787,
Brazil_Soy,Brazil_Soy_VPD_30d_q90,VPD_30d_q90,SOYB,Brazil Soy VPD → soybeans,Paper 8 VPD,42,0.5,0.6125356125356125,1.225071225071225,0.5,351,31,0.45161290322580644,-0.16092270930980607,
Brazil_Soy,Brazil_Soy_VPD_q90,VPD_q90,ZS=F,Brazil Soy VPD → soy futures,Paper 8 VPD,63,0.5,0.6123595505617978,1.2249450640573822,0.49990776609481646,534,24,0.5833333333333334,-0.029026217228464435,
India_Sugar,India_Sugar_VPD_seasonal_q90,VPD_seasonal_q90,DBB,India VPD → base metals,Paper 8 VPD,21,0.5,0.6117021276595744,1.2234042553191489,0.5,188,21,0.09523809523809523,-0.5164640324214792,
EU_Urban_Energy,EU_Urban_Energy_VPD_stress_2p0kPa,VPD_stress_2p0kPa,NG=F,EU Urban VPD → nat gas,Paper 8 VPD,42,0.5,0.6111111111111112,1.2222222222222223,0.5,36,8,0.5,-0.11111111111111116,
US_Corn_Belt,US_Corn_Belt_VPD_30d_q80,VPD_30d_q80,WEAT,US Corn Belt VPD → wheat,Paper 8 VPD,63,0.5,0.6111111111111112,1.2222222222222223,0.5,522,0,,,
Brazil_Soy,Brazil_Soy_ET0_q90,ET0_q90,ZS=F,Brazil Soy VPD → soy futures,Paper 8 VPD,126,0.5,0.610586011342155,1.2213973311755801,0.49990776609481646,529,16,0.875,0.26441398865784504,
Brazil_Soy,Brazil_Soy_VPD_30d_q90,VPD_30d_q90,GC=F,Brazil Soy VPD → gold,Paper 8 VPD,21,0.5,0.6104868913857678,1.221199471086281,0.4999075956385141,534,31,0.5806451612903226,-0.029841730095445218,
Brazil_Soy,Brazil_Soy_VPD_seasonal_q80,VPD_seasonal_q80,ZS=F,Brazil Soy VPD → soy futures,Paper 8 VPD,21,0.5,0.6104868913857678,1.2211990546871763,0.49990776609481646,534,38,0.39473684210526316,-0.21575004928050467,
Brazil_Corn,Brazil_Corn_VPD_30d_q90,VPD_30d_q90,ZC=F,Brazil Corn VPD → corn futures,Paper 8 VPD,63,0.5,0.6096654275092936,1.2195561563591302,0.4999076297801589,538,0,,,
US_Soybean_Belt,US_Soybean_Belt_VPD_30d_q90,VPD_30d_q90,WEAT,US Soy VPD → wheat,Paper 8 VPD,63,0.5,0.6090909090909091,1.2181818181818183,0.5,220,0,,,
Brazil_Soy,Brazil_Soy_VPD_stress_2p0kPa,VPD_stress_2p0kPa,ZC=F,Brazil Soy VPD → corn futures,Paper 8 VPD,42,0.5,0.608843537414966,1.2179120724416892,0.4999076297801589,588,41,0.5121951219512195,-0.09664841546374647,
Brazil_Soy,Brazil_Soy_VPD_q90,VPD_q90,ZS=F,Brazil Soy VPD → soy futures,Paper 8 VPD,42,0.5,0.6086142322097379,1.21745304531697,0.49990776609481646,534,24,0.3333333333333333,-0.27528089887640456,
EU_Urban_Energy,EU_Urban_Energy_VPD_30d_q90,VPD_30d_q90,NG=F,EU Urban VPD → nat gas,Paper 8 VPD,126,0.5,0.6086956521739131,1.2173913043478262,0.5,529,52,0.36538461538461536,-0.24331103678929772,
Brazil_Corn,Brazil_Corn_VPD_30d_q90,VPD_30d_q90,ZC=F,Brazil Corn VPD → corn futures,Paper 8 VPD,126,0.5,0.6078066914498141,1.2158379973458402,0.4999076297801589,538,0,,,
Brazil_Soy,Brazil_Soy_ET0_q80,ET0_q80,ZC=F,Brazil Soy VPD → corn futures,Paper 8 VPD,126,0.5,0.6077669902912621,1.2157585803572069,0.4999076297801589,1030,41,0.4634146341463415,-0.14435235614492065,
India_Sugar,India_Sugar_VPD_seasonal_q80,VPD_seasonal_q80,SOYB,India VPD → soybeans (food inflation),Paper 8 VPD,126,0.5,0.6074380165289256,1.2148760330578512,0.5,242,14,1.0,0.3925619834710744,
Brazil_Soy,Brazil_Soy_dry_heat,dry_heat,ZC=F,Brazil Soy VPD → corn futures,Paper 8 VPD,42,0.5,0.6071428571428571,1.2145100834125222,0.4999076297801589,280,20,0.45,-0.15714285714285708,
Brazil_Soy,Brazil_Soy_ET0_q90,ET0_q90,ZS=F,Brazil Soy VPD → soy futures,Paper 8 VPD,63,0.5,0.6068052930056711,1.2138344994035952,0.49990776609481646,529,22,0.6818181818181818,0.07501288881251067,
US_Corn_Belt,US_Corn_Belt_VPD_seasonal_q80,VPD_seasonal_q80,WEAT,US Corn Belt VPD → wheat,Paper 8 VPD,42,0.5,0.6067961165048543,1.2135922330097086,0.5,206,2,0.5,-0.10679611650485432,
India_Sugar,India_Sugar_VPD_q90,VPD_q90,CANE,India VPD → sugar ETF,Paper 8 VPD,126,0.5,0.6062992125984252,1.2125984251968505,0.5,254,14,0.0,-0.6062992125984252,
Brazil_Soy,Brazil_Soy_combined_heat_vpd,combined_heat_vpd,ZC=F,Brazil Soy VPD → corn futures,Paper 8 VPD,42,0.5,0.6061538461538462,1.21253169594633,0.4999076297801589,325,22,0.4090909090909091,-0.19706293706293704,
Brazil_Soy,Brazil_Soy_VPD_seasonal_q90,VPD_seasonal_q90,GC=F,Brazil Soy VPD → gold,Paper 8 VPD,42,0.5,0.6059479553903345,1.212119921115379,0.4999075956385141,269,15,0.7333333333333333,0.12738537794299876,
Brazil_Soy,Brazil_Soy_VPD_seasonal_q90,VPD_seasonal_q90,GC=F,Brazil Soy VPD → gold,Paper 8 VPD,63,0.5,0.6059479553903345,1.212119921115379,0.4999075956385141,269,15,0.8,0.19405204460966552,
US_Soybean_Belt,US_Soybean_Belt_VPD_seasonal_q90,VPD_seasonal_q90,SOYB,US Soy VPD → soybeans,Paper 8 VPD,21,0.5,0.6052631578947368,1.2105263157894737,0.5,114,0,,,
Brazil_Corn,Brazil_Corn_VPD_seasonal_q80,VPD_seasonal_q80,ZC=F,Brazil Corn VPD → corn futures,Paper 8 VPD,63,0.5,0.6045627376425855,1.2093488909310108,0.4999076297801589,526,33,0.6363636363636364,0.03180089872105085,
US_Soybean_Belt,US_Soybean_Belt_VPD_30d_q90,VPD_30d_q90,WEAT,US Soy VPD → wheat,Paper 8 VPD,42,0.5,0.6045454545454545,1.209090909090909,0.5,220,0,,,
India_Sugar,India_Sugar_VPD_stress_1p5kPa,VPD_stress_1p5kPa,SOYB,India VPD → soybeans (food inflation),Paper 8 VPD,126,0.5,0.6037735849056604,1.2075471698113207,0.5,265,14,1.0,0.39622641509433965,
India_Sugar,India_Sugar_VPD_seasonal_q80,VPD_seasonal_q80,SOYB,India VPD → soybeans (food inflation),Paper 8 VPD,42,0.5,0.6033057851239669,1.2066115702479339,0.5,242,29,0.9655172413793104,0.36221145625534346,
Brazil_Soy,Brazil_Soy_ET0_q80,ET0_q80,ZS=F,Brazil Soy VPD → soy futures,Paper 8 VPD,126,0.5,0.6028846153846154,1.205991697416974,0.49990776609481646,1040,41,0.8536585365853658,0.2507739212007505,
Brazil_Soy,Brazil_Soy_combined_heat_vpd,combined_heat_vpd,ZS=F,Brazil Soy VPD → soy futures,Paper 8 VPD,126,0.5,0.6024464831804281,1.2051152713361997,0.49990776609481646,327,15,0.8,0.1975535168195719,
Brazil_Soy,Brazil_Soy_VPD_seasonal_q90,VPD_seasonal_q90,CORN,Brazil Soy VPD → corn,Paper 8 VPD,42,0.5,0.6022727272727273,1.2049385829575125,0.499836867862969,176,14,0.35714285714285715,-0.24512987012987014,
Brazil_Soy,Brazil_Soy_VPD_stress_2p0kPa,VPD_stress_2p0kPa,SOYB,Brazil Soy VPD → soybeans,Paper 8 VPD,126,0.5,0.6023054755043228,1.2046109510086456,0.5,347,29,0.9310344827586207,0.3287290072542979,
Brazil_Corn,Brazil_Corn_ET0_q80,ET0_q80,ZC=F,Brazil Corn VPD → corn futures,Paper 8 VPD,63,0.5,0.6019230769230769,1.2040685940076183,0.4999076297801589,1040,79,0.6329113924050633,0.03098831548198644,
Brazil_Soy,Brazil_Soy_VPD_30d_q90,VPD_30d_q90,CORN,Brazil Soy VPD → corn,Paper 8 VPD,21,0.5,0.6011396011396012,1.2026715910527923,0.499836867862969,351,31,0.2903225806451613,-0.3108170204944399,
India_Sugar,India_Sugar_VPD_30d_q80,VPD_30d_q80,CANE,India VPD → sugar ETF,Paper 8 VPD,126,0.5,0.6007604562737643,1.2015209125475286,0.5,526,40,0.0,-0.6007604562737643,
Brazil_Soy,Brazil_Soy_VPD_seasonal_q80,VPD_seasonal_q80,SOYB,Brazil Soy VPD → soybeans,Paper 8 VPD,42,0.5,0.60062893081761,1.20125786163522,0.5,318,36,0.3888888888888889,-0.21174004192872115,
US_Urban_Energy,US_Urban_Energy_VPD_30d_q80,VPD_30d_q80,NG=F,US Urban VPD → nat gas,Paper 8 VPD,126,0.5,0.6003521126760564,1.2007042253521127,0.5,1136,48,0.14583333333333334,-0.454518779342723,
Brazil_Soy,Brazil_Soy_VPD_30d_q90,VPD_30d_q90,ZC=F,Brazil Soy VPD → corn futures,Paper 8 VPD,21,0.5,0.5996275605214153,1.19947671289816,0.4999076297801589,537,31,0.16129032258064516,-0.4383372379407702,
Brazil_Corn,Brazil_Corn_ET0_q90,ET0_q90,ZC=F,Brazil Corn VPD → corn futures,Paper 8 VPD,63,0.5,0.5996168582375478,1.199455304375405,0.4999076297801589,522,48,0.75,0.15038314176245215,
Brazil_Corn,Brazil_Corn_VPD_30d_q80,VPD_30d_q80,CORN,Brazil Corn VPD → corn,Paper 8 VPD,63,0.5,0.5994152046783626,1.1992216725451577,0.499836867862969,684,36,0.4166666666666667,-0.18274853801169594,
Ukraine_Russia_Wheat,Ukraine_Russia_Wheat_VPD_seasonal_q80,VPD_seasonal_q80,WEAT,Ukraine VPD → wheat,Paper 8 VPD,63,0.5,0.5993690851735016,1.1987381703470033,0.5,317,27,0.4074074074074074,-0.19196167776609424,
Brazil_Soy,Brazil_Soy_ET0_q90,ET0_q90,ZC=F,Brazil Soy VPD → corn futures,Paper 8 VPD,126,0.5,0.5992366412213741,1.1986947298341826,0.4999076297801589,524,16,0.375,-0.2242366412213741,
Brazil_Corn,Brazil_Corn_ET0_q80,ET0_q80,ZC=F,Brazil Corn VPD → corn futures,Paper 8 VPD,42,0.5,0.5990384615384615,1.198298297231224,0.4999076297801589,1040,79,0.6455696202531646,0.046531158714703036,
US_Corn_Belt,US_Corn_Belt_VPD_seasonal_q90,VPD_seasonal_q90,WEAT,US Corn Belt VPD → wheat,Paper 8 VPD,21,0.5,0.5981308411214953,1.1962616822429906,0.5,107,1,1.0,0.4018691588785047,
Brazil_Soy,Brazil_Soy_VPD_q90,VPD_q90,ZS=F,Brazil Soy VPD → soy futures,Paper 8 VPD,126,0.5,0.5973782771535581,1.1949769890957336,0.49990776609481646,534,19,0.7894736842105263,0.19209540705696826,
US_Corn_Belt,US_Corn_Belt_VPD_seasonal_q80,VPD_seasonal_q80,WEAT,US Corn Belt VPD → wheat,Paper 8 VPD,63,0.5,0.5970873786407767,1.1941747572815533,0.5,206,2,0.5,-0.09708737864077666,
US_Soybean_Belt,US_Soybean_Belt_ET0_q90,ET0_q90,GC=F,US Soy VPD → gold,Paper 8 VPD,126,0.5,0.5963636363636363,1.1929477398756512,0.4999075956385141,550,9,1.0,0.4036363636363637,
Brazil_Soy,Brazil_Soy_combined_heat_vpd,combined_heat_vpd,ZS=F,Brazil Soy VPD → soy futures,Paper 8 VPD,21,0.5,0.5963302752293578,1.1928805985307558,0.49990776609481646,327,22,0.5,-0.09633027522935778,
India_Sugar,India_Sugar_VPD_stress_1p5kPa,VPD_stress_1p5kPa,SOYB,India VPD → soybeans (food inflation),Paper 8 VPD,42,0.5,0.5962264150943396,1.1924528301886792,0.5,265,30,0.9666666666666667,0.3704402515723271,
Brazil_Soy,Brazil_Soy_ET0_q90,ET0_q90,ZC=F,Brazil Soy VPD → corn futures,Paper 8 VPD,21,0.5,0.5954198473282443,1.1910597315549838,0.4999076297801589,524,22,0.6363636363636364,0.040943789035392086,
US_Soybean_Belt,US_Soybean_Belt_VPD_seasonal_q90,VPD_seasonal_q90,GC=F,US Soy VPD → gold,Paper 8 VPD,42,0.5,0.5949367088607594,1.190093357355109,0.4999075956385141,237,0,,,
Brazil_Soy,Brazil_Soy_VPD_seasonal_q80,VPD_seasonal_q80,SOYB,Brazil Soy VPD → soybeans,Paper 8 VPD,126,0.5,0.5943396226415094,1.1886792452830188,0.5,318,27,0.9259259259259259,0.3315863032844165,
EU_Urban_Energy,EU_Urban_Energy_VPD_30d_q90,VPD_30d_q90,NG=F,EU Urban VPD → nat gas,Paper 8 VPD,63,0.5,0.5935727788279773,1.1871455576559546,0.5,529,52,0.5576923076923077,-0.03588047113566961,
India_Sugar,India_Sugar_VPD_30d_q90,VPD_30d_q90,GC=F,India VPD → gold,Paper 8 VPD,126,0.5,0.593065693430657,1.1863506348071293,0.4999075956385141,548,15,1.0,0.40693430656934304,
Brazil_Soy,Brazil_Soy_dry_heat,dry_heat,SOYB,Brazil Soy VPD → soybeans,Paper 8 VPD,126,0.5,0.5930232558139535,1.186046511627907,0.5,172,11,0.9090909090909091,0.3160676532769555,
Brazil_Soy,Brazil_Soy_VPD_30d_q90,VPD_30d_q90,SOYB,Brazil Soy VPD → soybeans,Paper 8 VPD,63,0.5,0.5925925925925926,1.1851851851851851,0.5,351,31,0.7419354838709677,0.1493428912783752,
Brazil_Corn,Brazil_Corn_VPD_seasonal_q90,VPD_seasonal_q90,ZC=F,Brazil Corn VPD → corn futures,Paper 8 VPD,42,0.5,0.5923076923076923,1.1848342714196372,0.4999076297801589,260,21,0.5238095238095238,-0.06849816849816848,
Brazil_Corn,Brazil_Corn_VPD_30d_q80,VPD_30d_q80,CORN,Brazil Corn VPD → corn,Paper 8 VPD,21,0.5,0.5921052631578947,1.1845970180019239,0.499836867862969,684,39,0.717948717948718,0.12584345479082326,
Brazil_Soy,Brazil_Soy_VPD_30d_q90,VPD_30d_q90,ZC=F,Brazil Soy VPD → corn futures,Paper 8 VPD,42,0.5,0.5921787709497207,1.1845763810609158,0.4999076297801589,537,31,0.1935483870967742,-0.3986303838529465,
US_Soybean_Belt,US_Soybean_Belt_VPD_30d_q90,VPD_30d_q90,GC=F,US Soy VPD → gold,Paper 8 VPD,21,0.5,0.5917667238421955,1.1837522154196378,0.4999075956385141,583,0,,,
EU_Urban_Energy,EU_Urban_Energy_VPD_30d_q90,VPD_30d_q90,GC=F,EU Urban VPD → gold,Paper 8 VPD,126,0.5,0.5916824196597353,1.183583575888661,0.4999075956385141,529,52,1.0,0.40831758034026466,
Brazil_Soy,Brazil_Soy_ET0_q90,ET0_q90,ZS=F,Brazil Soy VPD → soy futures,Paper 8 VPD,21,0.5,0.5916824196597353,1.1835831723156551,0.49990776609481646,529,22,0.4090909090909091,-0.18259151056882622,
Brazil_Soy,Brazil_Soy_dry_heat,dry_heat,ZS=F,Brazil Soy VPD → soy futures,Paper 8 VPD,126,0.5,0.5915492957746479,1.1833168754222754,0.49990776609481646,284,12,0.75,0.15845070422535212,
Brazil_Corn,Brazil_Corn_VPD_q90,VPD_q90,ZC=F,Brazil Corn VPD → corn futures,Paper 8 VPD,63,0.5,0.591337099811676,1.1828927277459726,0.4999076297801589,531,30,0.5,-0.09133709981167604,
Brazil_Corn,Brazil_Corn_VPD_seasonal_q80,VPD_seasonal_q80,ZC=F,Brazil Corn VPD → corn futures,Paper 8 VPD,42,0.5,0.591254752851711,1.1827280033947936,0.4999076297801589,526,33,0.6060606060606061,0.014805853208895048,
US_Great_Plains_Wheat,US_Great_Plains_Wheat_VPD_30d_q90,VPD_30d_q90,WEAT,US Plains VPD → wheat,Paper 8 VPD,42,0.5,0.5909090909090909,1.1818181818181819,0.5,286,0,,,
Brazil_Soy,Brazil_Soy_VPD_stress_2p0kPa,VPD_stress_2p0kPa,SOYB,Brazil Soy VPD → soybeans,Paper 8 VPD,42,0.5,0.590778097982709,1.181556195965418,0.5,347,39,0.38461538461538464,-0.20616271336732434,
Ukraine_Russia_Wheat,Ukraine_Russia_Wheat_VPD_seasonal_q90,VPD_seasonal_q90,GC=F,Ukraine VPD → gold,Paper 8 VPD,63,0.5,0.5905511811023622,1.1813206805711207,0.4999075956385141,254,20,0.95,0.3594488188976378,
Brazil_Soy,Brazil_Soy_VPD_stress_2p0kPa,VPD_stress_2p0kPa,ZC=F,Brazil Soy VPD → corn futures,Paper 8 VPD,21,0.5,0.5901360544217688,1.1804901931208551,0.4999076297801589,588,41,0.6341463414634146,0.04401028704164589,
EU_Urban_Energy,EU_Urban_Energy_VPD_q80,VPD_q80,DBB,EU Urban VPD → base metals,Paper 8 VPD,126,0.5,0.5900621118012422,1.1801242236024845,0.5,805,55,1.0,0.40993788819875776,
EU_Urban_Energy,EU_Urban_Energy_VPD_seasonal_q80,VPD_seasonal_q80,DBB,EU Urban VPD → base metals,Paper 8 VPD,126,0.5,0.5900621118012422,1.1801242236024845,0.5,805,55,1.0,0.40993788819875776,
Brazil_Soy,Brazil_Soy_combined_heat_vpd,combined_heat_vpd,SOYB,Brazil Soy VPD → soybeans,Paper 8 VPD,126,0.5,0.5897435897435898,1.1794871794871795,0.5,195,14,0.9285714285714286,0.33882783882783885,
EU_Wheat_Belt,EU_Wheat_Belt_VPD_30d_q90,VPD_30d_q90,WEAT,EU Wheat VPD → wheat,Paper 8 VPD,63,0.5,0.5896103896103896,1.1792207792207792,0.5,385,32,0.1875,-0.4021103896103896,
EU_Urban_Energy,EU_Urban_Energy_VPD_q90,VPD_q90,NG=F,EU Urban VPD → nat gas,Paper 8 VPD,126,0.5,0.5890909090909091,1.1781818181818182,0.5,550,36,0.5277777777777778,-0.06131313131313132,
EU_Urban_Energy,EU_Urban_Energy_VPD_seasonal_q90,VPD_seasonal_q90,NG=F,EU Urban VPD → nat gas,Paper 8 VPD,126,0.5,0.5890909090909091,1.1781818181818182,0.5,550,36,0.5277777777777778,-0.06131313131313132,
EU_Wheat_Belt,EU_Wheat_Belt_VPD_30d_q90,VPD_30d_q90,NG=F,EU Wheat VPD → nat gas,Paper 8 VPD,126,0.5,0.5887850467289719,1.1775700934579438,0.5,535,33,0.30303030303030304,-0.2857547436986689,
Brazil_Soy,Brazil_Soy_VPD_seasonal_q80,VPD_seasonal_q80,CORN,Brazil Soy VPD → corn,Paper 8 VPD,42,0.5,0.5884146341463414,1.1772133509520473,0.499836867862969,328,36,0.5555555555555556,-0.03285907859078585,
EU_Wheat_Belt,EU_Wheat_Belt_VPD_30d_q80,VPD_30d_q80,NG=F,EU Wheat VPD → nat gas,Paper 8 VPD,126,0.5,0.5885660731021556,1.1771321462043112,0.5,1067,47,0.2978723404255319,-0.2906937326766237,
Brazil_Soy,Brazil_Soy_ET0_q80,ET0_q80,ZC=F,Brazil Soy VPD → corn futures,Paper 8 VPD,63,0.5,0.5883495145631068,1.176916453189245,0.4999076297801589,1030,61,0.639344262295082,0.05099474773197521,
EU_Urban_Energy,EU_Urban_Energy_dry_heat,dry_heat,UNG,EU Urban VPD → nat gas ETF,Paper 8 VPD,126,0.5,0.5882352941176471,1.176777921199828,0.4998694176025072,34,5,0.2,-0.38823529411764707,
Brazil_Soy,Brazil_Soy_VPD_seasonal_q80,VPD_seasonal_q80,SOYB,Brazil Soy VPD → soybeans,Paper 8 VPD,63,0.5,0.5880503144654088,1.1761006289308176,0.5,318,36,0.6666666666666666,0.07861635220125784,
Brazil_Soy,Brazil_Soy_ET0_q90,ET0_q90,ZS=F,Brazil Soy VPD → soy futures,Paper 8 VPD,42,0.5,0.5879017013232514,1.17602034054367,0.49990776609481646,529,22,0.36363636363636365,-0.22426533768688772,
US_Soybean_Belt,US_Soybean_Belt_VPD_seasonal_q80,VPD_seasonal_q80,GC=F,US Soy VPD → gold,Paper 8 VPD,126,0.5,0.5876068376068376,1.175430905098188,0.4999075956385141,468,5,0.8,0.21239316239316242,
Brazil_Soy,Brazil_Soy_VPD_seasonal_q90,VPD_seasonal_q90,GC=F,Brazil Soy VPD → gold,Paper 8 VPD,21,0.5,0.587360594795539,1.1749383284431283,0.4999075956385141,269,15,0.4666666666666667,-0.12069392812887236,
Brazil_Soy,Brazil_Soy_VPD_q90,VPD_q90,SOYB,Brazil Soy VPD → soybeans,Paper 8 VPD,126,0.5,0.5870967741935483,1.1741935483870967,0.5,310,17,0.9411764705882353,0.35407969639468695,
Brazil_Soy,Brazil_Soy_VPD_stress_2p0kPa,VPD_stress_2p0kPa,ZC=F,Brazil Soy VPD → corn futures,Paper 8 VPD,126,0.5,0.5867346938775511,1.1736862150625218,0.4999076297801589,588,31,0.41935483870967744,-0.16737985516787363,
EU_Wheat_Belt,EU_Wheat_Belt_VPD_30d_q80,VPD_30d_q80,NG=F,EU Wheat VPD → nat gas,Paper 8 VPD,63,0.5,0.5866916588566073,1.1733833177132147,0.5,1067,47,0.44680851063829785,-0.1398831482183095,
EU_Wheat_Belt,EU_Wheat_Belt_VPD_q90,VPD_q90,NG=F,EU Wheat VPD → nat gas,Paper 8 VPD,126,0.5,0.5865921787709497,1.1731843575418994,0.5,537,20,0.55,-0.03659217877094967,
Brazil_Soy,Brazil_Soy_VPD_q90,VPD_q90,ZS=F,Brazil Soy VPD → soy futures,Paper 8 VPD,21,0.5,0.5861423220973783,1.1725009328744973,0.49990776609481646,534,24,0.3333333333333333,-0.25280898876404495,
Brazil_Soy,Brazil_Soy_VPD_30d_q80,VPD_30d_q80,ZC=F,Brazil Soy VPD → corn futures,Paper 8 VPD,42,0.5,0.5860165593376265,1.1722496805966638,0.4999076297801589,1087,71,0.5352112676056338,-0.050805291731992774,
Brazil_Corn,Brazil_Corn_VPD_q90,VPD_q90,CORN,Brazil Corn VPD → corn,Paper 8 VPD,63,0.5,0.5855855855855856,1.171553407193094,0.499836867862969,333,28,0.75,0.1644144144144144,
Brazil_Soy,Brazil_Soy_ET0_q80,ET0_q80,ZS=F,Brazil Soy VPD → soy futures,Paper 8 VPD,63,0.5,0.5855769230769231,1.171369926199262,0.49990776609481646,1040,61,0.7049180327868853,0.11934110970996215,
Brazil_Soy,Brazil_Soy_ET0_q80,ET0_q80,ZC=F,Brazil Soy VPD → corn futures,Paper 8 VPD,42,0.5,0.5854368932038835,1.1710901341140507,0.4999076297801589,1030,61,0.5737704918032787,-0.01166640140060482,
Brazil_Soy,Brazil_Soy_ET0_q90,ET0_q90,DBC,Brazil Soy VPD → broad commodities,Paper 8 VPD,21,0.5,0.585,1.17,0.5,400,21,0.5238095238095238,-0.06119047619047613,
EU_Urban_Energy,EU_Urban_Energy_VPD_q90,VPD_q90,DBB,EU Urban VPD → base metals,Paper 8 VPD,63,0.5,0.5849056603773585,1.169811320754717,0.5,424,35,0.9428571428571428,0.35795148247978437,
EU_Urban_Energy,EU_Urban_Energy_VPD_seasonal_q90,VPD_seasonal_q90,DBB,EU Urban VPD → base metals,Paper 8 VPD,63,0.5,0.5849056603773585,1.169811320754717,0.5,424,35,0.9428571428571428,0.35795148247978437,
Brazil_Soy,Brazil_Soy_VPD_seasonal_q80,VPD_seasonal_q80,ZC=F,Brazil Soy VPD → corn futures,Paper 8 VPD,21,0.5,0.5841209829867675,1.1684578273863164,0.4999076297801589,529,38,0.631578947368421,0.047457964381653506,
US_Great_Plains_Wheat,US_Great_Plains_Wheat_VPD_30d_q90,VPD_30d_q90,WEAT,US Plains VPD → wheat,Paper 8 VPD,126,0.5,0.583916083916084,1.167832167832168,0.5,286,0,,,
Brazil_Soy,Brazil_Soy_VPD_q90,VPD_q90,SOYB,Brazil Soy VPD → soybeans,Paper 8 VPD,63,0.5,0.5838709677419355,1.167741935483871,0.5,310,22,0.6363636363636364,0.05249266862170088,
EU_Wheat_Belt,EU_Wheat_Belt_VPD_seasonal_q80,VPD_seasonal_q80,NG=F,EU Wheat VPD → nat gas,Paper 8 VPD,126,0.5,0.5833333333333334,1.1666666666666667,0.5,540,20,0.55,-0.033333333333333326,
Ukraine_Russia_Wheat,Ukraine_Russia_Wheat_VPD_seasonal_q90,VPD_seasonal_q90,GC=F,Ukraine VPD → gold,Paper 8 VPD,42,0.5,0.5826771653543307,1.165569738163506,0.4999075956385141,254,20,0.75,0.16732283464566933,
Ukraine_Russia_Wheat,Ukraine_Russia_Wheat_VPD_seasonal_q90,VPD_seasonal_q90,GC=F,Ukraine VPD → gold,Paper 8 VPD,126,0.5,0.5826771653543307,1.165569738163506,0.4999075956385141,254,20,1.0,0.4173228346456693,
Brazil_Soy,Brazil_Soy_VPD_30d_q80,VPD_30d_q80,SOYB,Brazil Soy VPD → soybeans,Paper 8 VPD,42,0.5,0.5826893353941267,1.1653786707882534,0.5,647,69,0.6956521739130435,0.11296283851891675,
EU_Wheat_Belt,EU_Wheat_Belt_VPD_30d_q80,VPD_30d_q80,WEAT,EU Wheat VPD → wheat,Paper 8 VPD,63,0.5,0.5824175824175825,1.164835164835165,0.5,637,46,0.2391304347826087,-0.34328714763497375,
US_Soybean_Belt,US_Soybean_Belt_ET0_q90,ET0_q90,GC=F,US Soy VPD → gold,Paper 8 VPD,42,0.5,0.5818181818181818,1.1638514535372206,0.4999075956385141,550,9,0.7777777777777778,0.195959595959596,
Brazil_Corn,Brazil_Corn_VPD_seasonal_q80,VPD_seasonal_q80,ZC=F,Brazil Corn VPD → corn futures,Paper 8 VPD,126,0.5,0.5817490494296578,1.163713083726067,0.4999076297801589,526,22,0.5909090909090909,0.009160041479433167,
EU_Urban_Energy,EU_Urban_Energy_VPD_30d_q90,VPD_30d_q90,UNG,EU Urban VPD → nat gas ETF,Paper 8 VPD,42,0.5,0.5815602836879432,1.163424412874156,0.4998694176025072,423,51,0.43137254901960786,-0.15018773466833535,
Brazil_Soy,Brazil_Soy_combined_heat_vpd,combined_heat_vpd,ZC=F,Brazil Soy VPD → corn futures,Paper 8 VPD,63,0.5,0.5815384615384616,1.1632918301210984,0.4999076297801589,325,22,0.45454545454545453,-0.12699300699300703,
Brazil_Soy,Brazil_Soy_VPD_30d_q90,VPD_30d_q90,ZC=F,Brazil Soy VPD → corn futures,Paper 8 VPD,63,0.5,0.5810055865921788,1.1622258833050494,0.4999076297801589,537,31,0.16129032258064516,-0.4197152640115337,
Brazil_Soy,Brazil_Soy_dry_heat,dry_heat,GC=F,Brazil Soy VPD → gold,Paper 8 VPD,63,0.5,0.5809859154929577,1.1621866132097576,0.4999075956385141,284,20,0.6,0.019014084507042228,
Brazil_Soy,Brazil_Soy_VPD_q90,VPD_q90,SOYB,Brazil Soy VPD → soybeans,Paper 8 VPD,42,0.5,0.5806451612903226,1.1612903225806452,0.5,310,22,0.36363636363636365,-0.21700879765395897,
Brazil_Corn,Brazil_Corn_VPD_30d_q80,VPD_30d_q80,ZC=F,Brazil Corn VPD → corn futures,Paper 8 VPD,63,0.5,0.5802583025830258,1.160731039128573,0.4999076297801589,1084,38,0.3157894736842105,-0.2644688288988153,
Brazil_Soy,Brazil_Soy_ET0_q90,ET0_q90,ZC=F,Brazil Soy VPD → corn futures,Paper 8 VPD,63,0.5,0.5801526717557252,1.1605197384381893,0.4999076297801589,524,22,0.5454545454545454,-0.034698126301179744,
EU_Urban_Energy,EU_Urban_Energy_heatstress_30C,heatstress_30C,UNG,EU Urban heat → nat gas ETF,Paper 7 heat,21,0.65,0.6818181818181818,1.9482700135685207,0.3499608252807522,44,7,0.5714285714285714,-0.11038961038961037,0.020088924468234542
EU_Urban_Energy,EU_Urban_Energy_heatstress_30C,heatstress_30C,UNG,EU Urban heat → nat gas ETF,Paper 7 heat,21,0.6,0.75,1.8745104438642297,0.40010446591799426,44,7,0.5714285714285714,-0.1785714285714286,0.00831743703778117
Ukraine_Russia_Wheat,Ukraine_Russia_Wheat_heatstress_30C,heatstress_30C,GC=F,Ukraine heat → gold,Paper 7 heat,126,0.65,0.6021505376344086,1.7202938538224841,0.3500277213084458,93,2,1.0,0.3978494623655914,0.06297182891493958
EU_Urban_Energy,EU_Urban_Energy_heatstress_30C,heatstress_30C,UNG,EU Urban heat → nat gas ETF,Paper 7 heat,21,0.55,0.7727272727272727,1.717221548039888,0.4499869417602507,44,7,0.5714285714285714,-0.2012987012987013,-0.003661386035690164
Ukraine_Russia_Wheat,Ukraine_Russia_Wheat_heatstress_30C,heatstress_30C,GC=F,Ukraine heat → gold,Paper 7 heat,126,0.6,0.6774193548387096,1.6938614274640749,0.3999260765108113,93,2,1.0,0.32258064516129037,0.052027737240734825
Brazil_Soy,Brazil_Soy_seasonal_q90,seasonal_q90,GC=F,Brazil Soy heat → gold,Paper 7 heat,126,0.65,0.5830388692579506,1.6656934115917479,0.3500277213084458,283,8,0.5,-0.08303886925795056,0.06297182891493958
EU_Urban_Energy,EU_Urban_Energy_heatstress_30C,heatstress_30C,NG=F,EU Urban heat → nat gas,Paper 7 heat,126,0.65,0.5806451612903226,1.658723953907339,0.350055330136481,62,7,0.2857142857142857,-0.2949308755760369,0.12134167131994285
EU_Urban_Energy,EU_Urban_Energy_heatstress_30C,heatstress_30C,DBB,EU Urban heat → base metals,Paper 7 heat,126,0.55,0.7272727272727273,1.6163460042524505,0.44994866529774125,44,7,1.0,0.2727272727272727,0.024258908234410258
EU_Urban_Energy,EU_Urban_Energy_heatstress_30C,heatstress_30C,NG=F,EU Urban heat → nat gas,Paper 7 heat,126,0.6,0.6451612903225806,1.6127545025952201,0.400036886757654,62,7,0.42857142857142855,-0.21658986175115208,0.09059230039158339
US_Great_Plains_Wheat,US_Great_Plains_Wheat_heatstress_32C,heatstress_32C,WEAT,US Plains heat → wheat,Paper 7 heat,63,0.6,0.64,1.5997093551316983,0.40007267441860467,50,0,,,-0.004049932093273059
Ukraine_Russia_Wheat,Ukraine_Russia_Wheat_heatstress_30C,heatstress_30C,GC=F,Ukraine heat → gold,Paper 7 heat,126,0.55,0.6989247311827957,1.5531341767680114,0.4500092404361486,93,2,1.0,0.30107526881720426,0.040621524384592954
EU_Urban_Energy,EU_Urban_Energy_heatstress_30C,heatstress_30C,UNG,EU Urban heat → nat gas ETF,Paper 7 heat,21,0.5,0.7727272727272727,1.5458582692125011,0.4998694176025072,44,7,0.5714285714285714,-0.2012987012987013,-0.016315572767899272
EU_Urban_Energy,EU_Urban_Energy_heatstress_30C,heatstress_30C,DBB,EU Urban heat → base metals,Paper 7 heat,126,0.5,0.7727272727272727,1.5454545454545454,0.5,44,7,1.0,0.2272727272727273,0.008584851752618382
EU_Urban_Energy,EU_Urban_Energy_heatstress_30C,heatstress_30C,NG=F,EU Urban heat → nat gas,Paper 7 heat,126,0.55,0.6935483870967742,1.5411554732945532,0.450018443378827,62,7,0.5714285714285714,-0.12211981566820285,0.05677160592567042
EU_Urban_Energy,EU_Urban_Energy_GDD30_q90,GDD30_q90,DBB,EU Urban heat → base metals,Paper 7 heat,126,0.5,0.7676056338028169,1.5352112676056338,0.5,426,42,1.0,0.23239436619718312,0.008584851752618382
EU_Urban_Energy,EU_Urban_Energy_heatstress_30C,heatstress_30C,NG=F,EU Urban heat → nat gas,Paper 7 heat,21,0.6,0.6129032258064516,1.5321167774654592,0.400036886757654,62,7,0.5714285714285714,-0.04147465437788023,0.026747656082728208
US_Great_Plains_Wheat,US_Great_Plains_Wheat_heatstress_32C,heatstress_32C,WEAT,US Plains heat → wheat,Paper 7 heat,63,0.55,0.68,1.5115993537964458,0.4498546511627907,50,0,,,-0.014641480458626037
Brazil_Soy,Brazil_Soy_seasonal_q90,seasonal_q90,GC=F,Brazil Soy heat → gold,Paper 7 heat,126,0.6,0.6042402826855123,1.510879930504301,0.3999260765108113,283,8,0.5,-0.10424028268551233,0.052027737240734825
US_Soybean_Belt,US_Soybean_Belt_seasonal_q90,seasonal_q90,WEAT,US Soy heat → wheat,Paper 7 heat,63,0.6,0.6,1.4997275204359672,0.40007267441860467,110,4,0.25,-0.35,-0.004049932093273059
US_Corn_Belt,US_Corn_Belt_seasonal_q90,seasonal_q90,WEAT,US Corn Belt heat → wheat,Paper 7 heat,63,0.6,0.6,1.4997275204359672,0.40007267441860467,110,4,0.25,-0.35,-0.004049932093273059
EU_Urban_Energy,EU_Urban_Energy_GDD30_q90,GDD30_q90,DBB,EU Urban heat → base metals,Paper 7 heat,126,0.55,0.6713615023474179,1.4920846623762352,0.44994866529774125,426,42,1.0,0.32863849765258213,0.024258908234410258
US_Soybean_Belt,US_Soybean_Belt_GDD30_q90,GDD30_q90,WEAT,US Soy heat → wheat,Paper 7 heat,63,0.55,0.6707818930041153,1.4911080529461431,0.4498546511627907,243,24,0.25,-0.4207818930041153,-0.014641480458626037
US_Corn_Belt,US_Corn_Belt_GDD30_q90,GDD30_q90,WEAT,US Corn Belt heat → wheat,Paper 7 heat,63,0.55,0.6707818930041153,1.4911080529461431,0.4498546511627907,243,24,0.25,-0.4207818930041153,-0.014641480458626037
US_Soybean_Belt,US_Soybean_Belt_seasonal_q90,seasonal_q90,WEAT,US Soy heat → wheat,Paper 7 heat,63,0.55,0.6636363636363637,1.47522396827728,0.4498546511627907,110,4,0.25,-0.4136363636363637,-0.014641480458626037
US_Corn_Belt,US_Corn_Belt_seasonal_q90,seasonal_q90,WEAT,US Corn Belt heat → wheat,Paper 7 heat,63,0.55,0.6636363636363637,1.47522396827728,0.4498546511627907,110,4,0.25,-0.4136363636363637,-0.014641480458626037
Brazil_Soy,Brazil_Soy_tmax_q95,tmax_q95,GC=F,Brazil Soy heat → gold,Paper 7 heat,126,0.6,0.5895522388059702,1.4741530333544846,0.3999260765108113,268,8,0.75,0.16044776119402981,0.052027737240734825
Brazil_Soy,Brazil_Soy_GDD30_q90,GDD30_q90,GC=F,Brazil Soy heat → gold,Paper 7 heat,63,0.6,0.5879120879120879,1.4700518981942272,0.3999260765108113,546,2,0.0,-0.5879120879120879,0.031635933920043394
EU_Urban_Energy,EU_Urban_Energy_heatstress_30C,heatstress_30C,NG=F,EU Urban heat → nat gas,Paper 7 heat,21,0.55,0.6612903225806451,1.4694738233738762,0.450018443378827,62,7,0.5714285714285714,-0.08986175115207373,0.013109454589952604
US_Soybean_Belt,US_Soybean_Belt_tmax_q95,tmax_q95,WEAT,US Soy heat → wheat,Paper 7 heat,63,0.6,0.5867768595041323,1.4666756742555604,0.40007267441860467,121,5,0.2,-0.38677685950413226,-0.004049932093273059
US_Corn_Belt,US_Corn_Belt_tmax_q95,tmax_q95,WEAT,US Corn Belt heat → wheat,Paper 7 heat,63,0.6,0.5867768595041323,1.4666756742555604,0.40007267441860467,121,5,0.2,-0.38677685950413226,-0.004049932093273059
EU_Urban_Energy,EU_Urban_Energy_tmax_q95,tmax_q95,DBB,EU Urban heat → base metals,Paper 7 heat,126,0.5,0.7330097087378641,1.4660194174757282,0.5,206,18,1.0,0.2669902912621359,0.008584851752618382
Ukraine_Russia_Wheat,Ukraine_Russia_Wheat_heatstress_30C,heatstress_30C,GC=F,Ukraine heat → gold,Paper 7 heat,126,0.5,0.7311827956989247,1.4626358992705664,0.4999075956385141,93,2,1.0,0.26881720430107525,0.03163254647015076
US_Soybean_Belt,US_Soybean_Belt_GDD30_q90,GDD30_q90,WEAT,US Soy heat → wheat,Paper 7 heat,63,0.5,0.7283950617283951,1.4567901234567902,0.5,243,24,0.3333333333333333,-0.39506172839506176,-0.024401330117228327
US_Corn_Belt,US_Corn_Belt_GDD30_q90,GDD30_q90,WEAT,US Corn Belt heat → wheat,Paper 7 heat,63,0.5,0.7283950617283951,1.4567901234567902,0.5,243,24,0.3333333333333333,-0.39506172839506176,-0.024401330117228327
EU_Urban_Energy,EU_Urban_Energy_tmax_q95,tmax_q95,DBB,EU Urban heat → base metals,Paper 7 heat,126,0.55,0.6553398058252428,1.4564768302881608,0.44994866529774125,206,18,1.0,0.34466019417475724,0.024258908234410258
EU_Urban_Energy,EU_Urban_Energy_heatstress_30C,heatstress_30C,NG=F,EU Urban heat → nat gas,Paper 7 heat,126,0.5,0.7258064516129032,1.4516129032258065,0.5,62,7,0.5714285714285714,-0.15437788018433185,0.02180928099272797
US_Soybean_Belt,US_Soybean_Belt_GDD30_q90,GDD30_q90,WEAT,US Soy heat → wheat,Paper 7 heat,63,0.6,0.5802469135802469,1.450353774907211,0.40007267441860467,243,24,0.20833333333333334,-0.37191358024691357,-0.004049932093273059
US_Corn_Belt,US_Corn_Belt_GDD30_q90,GDD30_q90,WEAT,US Corn Belt heat → wheat,Paper 7 heat,63,0.6,0.5802469135802469,1.450353774907211,0.40007267441860467,243,24,0.20833333333333334,-0.37191358024691357,-0.004049932093273059
US_Great_Plains_Wheat,US_Great_Plains_Wheat_heatstress_32C,heatstress_32C,WEAT,US Plains heat → wheat,Paper 7 heat,63,0.5,0.72,1.44,0.5,50,0,,,-0.024401330117228327
Brazil_Soy,Brazil_Soy_GDD30_q90,GDD30_q90,GC=F,Brazil Soy heat → gold,Paper 7 heat,63,0.55,0.6465201465201466,1.4366819354499027,0.4500092404361486,546,2,0.0,-0.6465201465201466,0.02390795910283632
Ukraine_Russia_Wheat,Ukraine_Russia_Wheat_heatstress_30C,heatstress_30C,GC=F,Ukraine heat → gold,Paper 7 heat,63,0.55,0.6451612903225806,1.4336623170166258,0.4500092404361486,93,2,1.0,0.3548387096774194,0.02390795910283632
US_Soybean_Belt,US_Soybean_Belt_tmax_q95,tmax_q95,WEAT,US Soy heat → wheat,Paper 7 heat,63,0.55,0.6446280991735537,1.4329697325731985,0.4498546511627907,121,5,0.2,-0.44462809917355367,-0.014641480458626037
US_Corn_Belt,US_Corn_Belt_tmax_q95,tmax_q95,WEAT,US Corn Belt heat → wheat,Paper 7 heat,63,0.55,0.6446280991735537,1.4329697325731985,0.4498546511627907,121,5,0.2,-0.44462809917355367,-0.014641480458626037
US_Great_Plains_Wheat,US_Great_Plains_Wheat_seasonal_q90,seasonal_q90,WEAT,US Plains heat → wheat,Paper 7 heat,63,0.55,0.6391752577319587,1.4208483919857433,0.4498546511627907,97,3,0.0,-0.6391752577319587,-0.014641480458626037
EU_Urban_Energy,EU_Urban_Energy_heatstress_30C,heatstress_30C,NG=F,EU Urban heat → nat gas,Paper 7 heat,21,0.5,0.7096774193548387,1.4193548387096775,0.5,62,7,0.5714285714285714,-0.13824884792626735,-0.0010968047089297056
Ukraine_Russia_Wheat,Ukraine_Russia_Wheat_heatstress_30C,heatstress_30C,GC=F,Ukraine heat → gold,Paper 7 heat,21,0.55,0.6344086021505376,1.4097679450663487,0.4500092404361486,93,2,0.0,-0.6344086021505376,0.009708697981376906
Brazil_Soy,Brazil_Soy_seasonal_q90,seasonal_q90,GC=F,Brazil Soy heat → gold,Paper 7 heat,126,0.55,0.6325088339222615,1.405546324580434,0.4500092404361486,283,8,0.5,-0.13250883392226154,0.040621524384592954
Ukraine_Russia_Wheat,Ukraine_Russia_Wheat_heatstress_30C,heatstress_30C,GC=F,Ukraine heat → gold,Paper 7 heat,42,0.5,0.6989247311827957,1.3981078448909827,0.4999075956385141,93,2,1.0,0.30107526881720426,0.010950268561288402
Brazil_Soy,Brazil_Soy_tmax_q95,tmax_q95,GC=F,Brazil Soy heat → gold,Paper 7 heat,126,0.55,0.6268656716417911,1.3930062214594379,0.4500092404361486,268,8,0.75,0.12313432835820892,0.040621524384592954
EU_Urban_Energy,EU_Urban_Energy_tmax_q90,tmax_q90,DBB,EU Urban heat → base metals,Paper 7 heat,126,0.5,0.6962962962962963,1.3925925925925926,0.5,405,29,1.0,0.3037037037037037,0.008584851752618382
EU_Urban_Energy,EU_Urban_Energy_seasonal_q90,seasonal_q90,DBB,EU Urban heat → base metals,Paper 7 heat,126,0.5,0.6962962962962963,1.3925925925925926,0.5,405,29,1.0,0.3037037037037037,0.008584851752618382
EU_Urban_Energy,EU_Urban_Energy_tmax_q90,tmax_q90,DBB,EU Urban heat → base metals,Paper 7 heat,126,0.55,0.6246913580246913,1.3883613980970892,0.44994866529774125,405,29,1.0,0.37530864197530867,0.024258908234410258
EU_Urban_Energy,EU_Urban_Energy_seasonal_q90,seasonal_q90,DBB,EU Urban heat → base metals,Paper 7 heat,126,0.55,0.6246913580246913,1.3883613980970892,0.44994866529774125,405,29,1.0,0.37530864197530867,0.024258908234410258
India_Sugar,India_Sugar_tmax_q95,tmax_q95,CANE,India heat → sugar ETF,Paper 7 heat,126,0.5,0.6935483870967742,1.3870967741935485,0.5,124,4,0.0,-0.6935483870967742,-0.020990513444169114
US_Soybean_Belt,US_Soybean_Belt_seasonal_q90,seasonal_q90,WEAT,US Soy heat → wheat,Paper 7 heat,63,0.5,0.6909090909090909,1.3818181818181818,0.5,110,4,0.5,-0.19090909090909092,-0.024401330117228327
US_Corn_Belt,US_Corn_Belt_seasonal_q90,seasonal_q90,WEAT,US Corn Belt heat → wheat,Paper 7 heat,63,0.5,0.6909090909090909,1.3818181818181818,0.5,110,4,0.5,-0.19090909090909092,-0.024401330117228327
Ukraine_Russia_Wheat,Ukraine_Russia_Wheat_heatstress_30C,heatstress_30C,GC=F,Ukraine heat → gold,Paper 7 heat,63,0.5,0.6881720430107527,1.3765984934311213,0.4999075956385141,93,2,1.0,0.31182795698924726,0.015176794178163103
Brazil_Soy,Brazil_Soy_GDD30_q90,GDD30_q90,GC=F,Brazil Soy heat → gold,Paper 7 heat,63,0.5,0.6868131868131868,1.3738802786861937,0.4999075956385141,546,2,0.5,-0.18681318681318682,0.015176794178163103
Brazil_Soy,Brazil_Soy_seasonal_q90,seasonal_q90,GC=F,Brazil Soy heat → gold,Paper 7 heat,63,0.55,0.6148409893992933,1.3662852540614276,0.4500092404361486,283,9,0.5555555555555556,-0.059285433843737745,0.02390795910283632
US_Soybean_Belt,US_Soybean_Belt_tmax_q95,tmax_q95,WEAT,US Soy heat → wheat,Paper 7 heat,63,0.5,0.6776859504132231,1.3553719008264462,0.5,121,5,0.4,-0.2776859504132231,-0.024401330117228327
US_Corn_Belt,US_Corn_Belt_tmax_q95,tmax_q95,WEAT,US Corn Belt heat → wheat,Paper 7 heat,63,0.5,0.6776859504132231,1.3553719008264462,0.5,121,5,0.4,-0.2776859504132231,-0.024401330117228327
Ukraine_Russia_Wheat,Ukraine_Russia_Wheat_heatstress_30C,heatstress_30C,GC=F,Ukraine heat → gold,Paper 7 heat,21,0.5,0.6774193548387096,1.3550891419712598,0.4999075956385141,93,2,0.5,-0.17741935483870963,0.005281015460388131
US_Great_Plains_Wheat,US_Great_Plains_Wheat_GDD30_q90,GDD30_q90,WEAT,US Plains heat → wheat,Paper 7 heat,63,0.55,0.607773851590106,1.3510449431146783,0.4498546511627907,283,7,0.2857142857142857,-0.3220595658758203,-0.014641480458626037
Ukraine_Russia_Wheat,Ukraine_Russia_Wheat_heatstress_30C,heatstress_30C,WEAT,Ukraine heat → wheat,Paper 7 heat,126,0.5,0.6744186046511628,1.3488372093023255,0.5,43,2,0.0,-0.6744186046511628,-0.0581499238242462
Ukraine_Russia_Wheat,Ukraine_Russia_Wheat_heatstress_30C,heatstress_30C,WEAT,Ukraine heat → wheat,Paper 7 heat,126,0.55,0.6046511627906976,1.344103392568659,0.4498546511627907,43,2,0.0,-0.6046511627906976,-0.044217038307232524
Brazil_Soy,Brazil_Soy_seasonal_q90,seasonal_q90,GC=F,Brazil Soy heat → gold,Paper 7 heat,126,0.5,0.6713780918727915,1.3430043826704898,0.4999075956385141,283,8,0.5,-0.17137809187279152,0.03163254647015076
India_Sugar,India_Sugar_tmax_q90,tmax_q90,CANE,India heat → sugar ETF,Paper 7 heat,126,0.5,0.6691176470588235,1.338235294117647,0.5,272,16,0.0,-0.6691176470588235,-0.020990513444169114
Ukraine_Russia_Wheat,Ukraine_Russia_Wheat_heatstress_30C,heatstress_30C,GC=F,Ukraine heat → gold,Paper 7 heat,42,0.55,0.6021505376344086,1.3380848292155174,0.4500092404361486,93,2,1.0,0.3978494623655914,0.01806574329599045
Brazil_Soy,Brazil_Soy_tmax_q95,tmax_q95,GC=F,Brazil Soy heat → gold,Paper 7 heat,126,0.5,0.667910447761194,1.3360678125086214,0.4999075956385141,268,8,0.75,0.08208955223880599,0.03163254647015076
US_Great_Plains_Wheat,US_Great_Plains_Wheat_heatstress_32C,heatstress_32C,WEAT,US Plains heat → wheat,Paper 7 heat,42,0.55,0.6,1.3337641357027463,0.4498546511627907,50,0,,,-0.009201882379240882
EU_Wheat_Belt,EU_Wheat_Belt_seasonal_q90,seasonal_q90,NG=F,EU Wheat heat → nat gas,Paper 7 heat,126,0.55,0.5985401459854015,1.3300347014478882,0.450018443378827,274,11,0.6363636363636364,0.03782349037823485,0.05677160592567042
Brazil_Soy,Brazil_Soy_seasonal_q90,seasonal_q90,GC=F,Brazil Soy heat → gold,Paper 7 heat,63,0.5,0.6643109540636042,1.328867494431853,0.4999075956385141,283,9,0.6666666666666666,0.002355712603062443,0.015176794178163103
US_Great_Plains_Wheat,US_Great_Plains_Wheat_tmax_q95,tmax_q95,WEAT,US Plains heat → wheat,Paper 7 heat,63,0.55,0.5972222222222222,1.3275893017411595,0.4498546511627907,144,5,0.0,-0.5972222222222222,-0.014641480458626037
US_Great_Plains_Wheat,US_Great_Plains_Wheat_GDD30_q90,GDD30_q90,WEAT,US Plains heat → wheat,Paper 7 heat,63,0.5,0.6607773851590106,1.3215547703180213,0.5,283,7,0.42857142857142855,-0.23220595658758209,-0.024401330117228327
EU_Wheat_Belt,EU_Wheat_Belt_tmax_q95,tmax_q95,NG=F,EU Wheat heat → nat gas,Paper 7 heat,126,0.55,0.5940959409594095,1.320159095033573,0.450018443378827,271,10,0.6,0.005904059040590437,0.05677160592567042
US_Great_Plains_Wheat,US_Great_Plains_Wheat_seasonal_q90,seasonal_q90,WEAT,US Plains heat → wheat,Paper 7 heat,63,0.5,0.6597938144329897,1.3195876288659794,0.5,97,3,0.0,-0.6597938144329897,-0.024401330117228327
EU_Urban_Energy,EU_Urban_Energy_heatstress_30C,heatstress_30C,UNG,EU Urban heat → nat gas ETF,Paper 7 heat,42,0.5,0.6590909090909091,1.318526170798898,0.4998694176025072,44,7,0.7142857142857143,0.05519480519480524,-0.03393667914896987
EU_Urban_Energy,EU_Urban_Energy_heatstress_30C,heatstress_30C,UNG,EU Urban heat → nat gas ETF,Paper 7 heat,42,0.55,0.5909090909090909,1.3131694190893264,0.4499869417602507,44,7,0.5714285714285714,-0.019480519480519543,-0.014532562313245869
EU_Urban_Energy,EU_Urban_Energy_heatstress_30C,heatstress_30C,UNG,EU Urban heat → nat gas ETF,Paper 7 heat,126,0.55,0.5909090909090909,1.3131694190893264,0.4499869417602507,44,7,0.42857142857142855,-0.1623376623376624,-0.06570543684796917
Brazil_Soy,Brazil_Soy_tmax_q90,tmax_q90,GC=F,Brazil Soy heat → gold,Paper 7 heat,126,0.55,0.5891891891891892,1.309282424107886,0.4500092404361486,555,19,0.8947368421052632,0.305547652916074,0.040621524384592954
India_Sugar,India_Sugar_tmax_q95,tmax_q95,CANE,India heat → sugar ETF,Paper 7 heat,126,0.55,0.5887096774193549,1.3086664234717806,0.4498546511627907,124,4,0.0,-0.5887096774193549,-0.00128601926161488
Ukraine_Russia_Wheat,Ukraine_Russia_Wheat_tmax_q95,tmax_q95,GC=F,Ukraine heat → gold,Paper 7 heat,126,0.55,0.5848375451263538,1.299612302537454,0.4500092404361486,277,11,1.0,0.4151624548736462,0.040621524384592954
Ukraine_Russia_Wheat,Ukraine_Russia_Wheat_seasonal_q90,seasonal_q90,GC=F,Ukraine heat → gold,Paper 7 heat,126,0.55,0.5848375451263538,1.299612302537454,0.4500092404361486,277,11,1.0,0.4151624548736462,0.040621524384592954
EU_Urban_Energy,EU_Urban_Energy_GDD30_q90,GDD30_q90,UNG,EU Urban heat → nat gas ETF,Paper 7 heat,21,0.55,0.5845070422535211,1.298942231450222,0.4499869417602507,426,42,0.4523809523809524,-0.13212608987256874,-0.003661386035690164
India_Sugar,India_Sugar_seasonal_q90,seasonal_q90,SOYB,India heat → soybeans (food inflation),Paper 7 heat,21,0.55,0.582089552238806,1.2939502809056493,0.4498546511627907,134,24,0.875,0.292910447761194,0.003247492941805545
Brazil_Soy,Brazil_Soy_tmax_q95,tmax_q95,GC=F,Brazil Soy heat → gold,Paper 7 heat,63,0.55,0.582089552238806,1.293505777069478,0.4500092404361486,268,8,0.125,-0.457089552238806,0.02390795910283632
EU_Urban_Energy,EU_Urban_Energy_GDD30_q90,GDD30_q90,UNG,EU Urban heat → nat gas ETF,Paper 7 heat,21,0.5,0.6455399061032864,1.2914170848847877,0.4998694176025072,426,42,0.5238095238095238,-0.12173038229376254,-0.016315572767899272
EU_Urban_Energy,EU_Urban_Energy_tmax_q95,tmax_q95,DBB,EU Urban heat → base metals,Paper 7 heat,63,0.5,0.6456310679611651,1.2912621359223302,0.5,206,18,1.0,0.3543689320388349,0.0073736835000583305
Brazil_Soy,Brazil_Soy_GDD30_q90,GDD30_q90,GC=F,Brazil Soy heat → gold,Paper 7 heat,126,0.55,0.5805860805860806,1.2901647975569948,0.4500092404361486,546,2,0.0,-0.5805860805860806,0.040621524384592954
India_Sugar,India_Sugar_GDD30_q90,GDD30_q90,CANE,India heat → sugar ETF,Paper 7 heat,126,0.5,0.6436781609195402,1.2873563218390804,0.5,261,0,,,-0.020990513444169114
EU_Wheat_Belt,EU_Wheat_Belt_seasonal_q90,seasonal_q90,NG=F,EU Wheat heat → nat gas,Paper 7 heat,126,0.5,0.6423357664233577,1.2846715328467153,0.5,274,11,0.6363636363636364,-0.005972130059721303,0.02180928099272797
US_Great_Plains_Wheat,US_Great_Plains_Wheat_heatstress_32C,heatstress_32C,WEAT,US Plains heat → wheat,Paper 7 heat,42,0.5,0.64,1.28,0.5,50,0,,,-0.017804065912256698
EU_Wheat_Belt,EU_Wheat_Belt_tmax_q95,tmax_q95,NG=F,EU Wheat heat → nat gas,Paper 7 heat,126,0.5,0.6383763837638377,1.2767527675276753,0.5,271,10,0.6,-0.038376383763837674,0.02180928099272797
EU_Urban_Energy,EU_Urban_Energy_heatstress_30C,heatstress_30C,UNG,EU Urban heat → nat gas ETF,Paper 7 heat,126,0.5,0.6363636363636364,1.2730597511161774,0.4998694176025072,44,7,0.42857142857142855,-0.2077922077922078,-0.09362184082002474
EU_Urban_Energy,EU_Urban_Energy_heatstress_30C,heatstress_30C,DBB,EU Urban heat → base metals,Paper 7 heat,63,0.5,0.6363636363636364,1.2727272727272727,0.5,44,7,1.0,0.36363636363636365,0.0073736835000583305
India_Sugar,India_Sugar_seasonal_q90,seasonal_q90,SOYB,India heat → soybeans (food inflation),Paper 7 heat,42,0.5,0.6343283582089553,1.2686567164179106,0.5,134,24,0.9583333333333334,0.3240049751243781,-0.0044387924794708385
EU_Wheat_Belt,EU_Wheat_Belt_GDD30_q90,GDD30_q90,NG=F,EU Wheat heat → nat gas,Paper 7 heat,126,0.5,0.631858407079646,1.263716814159292,0.5,565,24,0.25,-0.381858407079646,0.02180928099272797
Brazil_Soy,Brazil_Soy_tmax_q90,tmax_q90,GC=F,Brazil Soy heat → gold,Paper 7 heat,126,0.5,0.6306306306306306,1.2614943964297014,0.4999075956385141,555,19,0.8947368421052632,0.26410621147463254,0.03163254647015076
Ukraine_Russia_Wheat,Ukraine_Russia_Wheat_seasonal_q90,seasonal_q90,GC=F,Ukraine heat → gold,Paper 7 heat,126,0.5,0.628158844765343,1.2565499109150726,0.4999075956385141,277,11,1.0,0.371841155234657,0.03163254647015076
India_Sugar,India_Sugar_seasonal_q90,seasonal_q90,SOYB,India heat → soybeans (food inflation),Paper 7 heat,21,0.5,0.6268656716417911,1.2537313432835822,0.5,134,24,0.875,0.24813432835820892,-0.0007550529121916746
US_Great_Plains_Wheat,US_Great_Plains_Wheat_tmax_q95,tmax_q95,WEAT,US Plains heat → wheat,Paper 7 heat,63,0.5,0.625,1.25,0.5,144,5,0.2,-0.425,-0.024401330117228327
Ukraine_Russia_Wheat,Ukraine_Russia_Wheat_tmax_q95,tmax_q95,GC=F,Ukraine heat → gold,Paper 7 heat,126,0.5,0.6245487364620939,1.2493283597029168,0.4999075956385141,277,11,1.0,0.37545126353790614,0.03163254647015076
Brazil_Soy,Brazil_Soy_GDD30_q90,GDD30_q90,GC=F,Brazil Soy heat → gold,Paper 7 heat,126,0.5,0.6245421245421245,1.2493151334186454,0.4999075956385141,546,2,0.0,-0.6245421245421245,0.03163254647015076
EU_Urban_Energy,EU_Urban_Energy_GDD30_q90,GDD30_q90,DBB,EU Urban heat → base metals,Paper 7 heat,63,0.5,0.6220657276995305,1.244131455399061,0.5,426,42,1.0,0.3779342723004695,0.0073736835000583305
US_Great_Plains_Wheat,US_Great_Plains_Wheat_heatstress_32C,heatstress_32C,WEAT,US Plains heat → wheat,Paper 7 heat,21,0.5,0.62,1.24,0.5,50,0,,,-0.008427483515944117
US_Great_Plains_Wheat,US_Great_Plains_Wheat_heatstress_32C,heatstress_32C,WEAT,US Plains heat → wheat,Paper 7 heat,126,0.5,0.62,1.24,0.5,50,0,,,-0.0581499238242462
US_Great_Plains_Wheat,US_Great_Plains_Wheat_seasonal_q90,seasonal_q90,WEAT,US Plains heat → wheat,Paper 7 heat,126,0.5,0.6185567010309279,1.2371134020618557,0.5,97,3,0.0,-0.6185567010309279,-0.0581499238242462
US_Soybean_Belt,US_Soybean_Belt_GDD30_q90,GDD30_q90,WEAT,US Soy heat → wheat,Paper 7 heat,42,0.5,0.6131687242798354,1.2263374485596708,0.5,243,24,0.4166666666666667,-0.1965020576131687,-0.017804065912256698
US_Corn_Belt,US_Corn_Belt_GDD30_q90,GDD30_q90,WEAT,US Corn Belt heat → wheat,Paper 7 heat,42,0.5,0.6131687242798354,1.2263374485596708,0.5,243,24,0.4166666666666667,-0.1965020576131687,-0.017804065912256698
EU_Urban_Energy,EU_Urban_Energy_tmax_q90,tmax_q90,NG=F,EU Urban heat → nat gas,Paper 7 heat,126,0.5,0.6128440366972477,1.2256880733944955,0.5,545,30,0.6333333333333333,0.020489296636085563,0.02180928099272797
EU_Urban_Energy,EU_Urban_Energy_seasonal_q90,seasonal_q90,NG=F,EU Urban heat → nat gas,Paper 7 heat,126,0.5,0.6128440366972477,1.2256880733944955,0.5,545,30,0.6333333333333333,0.020489296636085563,0.02180928099272797
EU_Wheat_Belt,EU_Wheat_Belt_GDD30_q90,GDD30_q90,NG=F,EU Wheat heat → nat gas,Paper 7 heat,63,0.5,0.6123893805309735,1.224778761061947,0.5,565,24,0.2916666666666667,-0.3207227138643068,0.0065355641017601105
EU_Wheat_Belt,EU_Wheat_Belt_GDD30_q90,GDD30_q90,ZW=F,EU Wheat heat → wheat futures,Paper 7 heat,63,0.5,0.6117021276595744,1.2234042553191489,0.5,564,24,0.20833333333333334,-0.40336879432624106,0.009525236987065146
Brazil_Soy,Brazil_Soy_GDD30_q90,GDD30_q90,GC=F,Brazil Soy heat → gold,Paper 7 heat,42,0.5,0.6098901098901099,1.22000568747334,0.4999075956385141,546,2,0.0,-0.6098901098901099,0.010950268561288402
EU_Urban_Energy,EU_Urban_Energy_GDD30_q90,GDD30_q90,NG=F,EU Urban heat → nat gas,Paper 7 heat,126,0.5,0.6098003629764065,1.219600725952813,0.5,551,43,0.32558139534883723,-0.28421896762756926,0.02180928099272797
EU_Urban_Energy,EU_Urban_Energy_tmax_q95,tmax_q95,UNG,EU Urban heat → nat gas ETF,Paper 7 heat,21,0.5,0.6067961165048543,1.2139092633736088,0.4998694176025072,206,18,0.6111111111111112,0.004314994606256839,-0.016315572767899272
India_Sugar,India_Sugar_seasonal_q90,seasonal_q90,DBB,India heat → base metals,Paper 7 heat,21,0.5,0.6059113300492611,1.2118226600985222,0.5,203,24,0.16666666666666666,-0.4392446633825945,0.002977991510021801
US_Soybean_Belt,US_Soybean_Belt_tmax_q90,tmax_q90,WEAT,US Soy heat → wheat,Paper 7 heat,63,0.5,0.60546875,1.2109375,0.5,256,16,0.1875,-0.41796875,-0.024401330117228327
US_Corn_Belt,US_Corn_Belt_tmax_q90,tmax_q90,WEAT,US Corn Belt heat → wheat,Paper 7 heat,63,0.5,0.60546875,1.2109375,0.5,256,16,0.1875,-0.41796875,-0.024401330117228327
Brazil_Soy,Brazil_Soy_tmax_q95,tmax_q95,GC=F,Brazil Soy heat → gold,Paper 7 heat,63,0.5,0.6044776119402985,1.2091786906502606,0.4999075956385141,268,8,0.25,-0.3544776119402985,0.015176794178163103
US_Soybean_Belt,US_Soybean_Belt_tmax_q95,tmax_q95,GC=F,US Soy heat → gold,Paper 7 heat,42,0.5,0.60431654676259,1.2088565007513399,0.4999075956385141,278,6,1.0,0.39568345323741005,0.010950268561288402
EU_Urban_Energy,EU_Urban_Energy_GDD30_q90,GDD30_q90,UNG,EU Urban heat → nat gas ETF,Paper 7 heat,42,0.5,0.6032863849765259,1.2068879666014198,0.4998694176025072,426,42,0.38095238095238093,-0.22233400402414494,-0.03393667914896987
US_Great_Plains_Wheat,US_Great_Plains_Wheat_tmax_q90,tmax_q90,WEAT,US Plains heat → wheat,Paper 7 heat,63,0.5,0.6028880866425993,1.2057761732851986,0.5,277,14,0.42857142857142855,-0.17431665807117075,-0.024401330117228327
EU_Urban_Energy,EU_Urban_Energy_GDD30_q90,GDD30_q90,NG=F,EU Urban heat → nat gas,Paper 7 heat,63,0.5,0.6025408348457351,1.2050816696914701,0.5,551,43,0.4418604651162791,-0.16068036972945599,0.0065355641017601105
EU_Urban_Energy,EU_Urban_Energy_tmax_q90,tmax_q90,DBB,EU Urban heat → base metals,Paper 7 heat,63,0.5,0.6024691358024692,1.2049382716049384,0.5,405,29,1.0,0.3975308641975308,0.0073736835000583305
EU_Urban_Energy,EU_Urban_Energy_seasonal_q90,seasonal_q90,DBB,EU Urban heat → base metals,Paper 7 heat,63,0.5,0.6024691358024692,1.2049382716049384,0.5,405,29,1.0,0.3975308641975308,0.0073736835000583305
US_Soybean_Belt,US_Soybean_Belt_seasonal_q90,seasonal_q90,GC=F,US Soy heat → gold,Paper 7 heat,42,0.5,0.6008403361344538,1.201902794389475,0.4999075956385141,238,5,1.0,0.39915966386554624,0.010950268561288402
US_Soybean_Belt,US_Soybean_Belt_seasonal_q90,seasonal_q90,GC=F,US Soy heat → gold,Paper 7 heat,126,0.5,0.6008403361344538,1.201902794389475,0.4999075956385141,238,5,1.0,0.39915966386554624,0.03163254647015076
EU_Urban_Energy,EU_Urban_Energy_GDD30_q90,GDD30_q90,NG=F,EU Urban heat → nat gas,Paper 7 heat,42,0.5,0.5970961887477314,1.1941923774954628,0.5,551,43,0.37209302325581395,-0.22500316549191746,0.0004339532622943069
EU_Wheat_Belt,EU_Wheat_Belt_GDD30_q90,GDD30_q90,WEAT,EU Wheat heat → wheat,Paper 7 heat,63,0.5,0.5962059620596206,1.1924119241192412,0.5,369,24,0.2916666666666667,-0.30453929539295393,-0.024401330117228327
US_Soybean_Belt,US_Soybean_Belt_tmax_q90,tmax_q90,GC=F,US Soy heat → gold,Paper 7 heat,42,0.5,0.5947467166979362,1.1897133027920639,0.4999075956385141,533,17,0.8823529411764706,0.28760622447853434,0.010950268561288402
EU_Urban_Energy,EU_Urban_Energy_tmax_q90,tmax_q90,UNG,EU Urban heat → nat gas ETF,Paper 7 heat,21,0.5,0.5925925925925926,1.1854947946901968,0.4998694176025072,405,29,0.7241379310344828,0.1315453384418902,-0.016315572767899272
EU_Urban_Energy,EU_Urban_Energy_seasonal_q90,seasonal_q90,UNG,EU Urban heat → nat gas ETF,Paper 7 heat,21,0.5,0.5925925925925926,1.1854947946901968,0.4998694176025072,405,29,0.7241379310344828,0.1315453384418902,-0.016315572767899272
EU_Wheat_Belt,EU_Wheat_Belt_tmax_q90,tmax_q90,NG=F,EU Wheat heat → nat gas,Paper 7 heat,126,0.5,0.592391304347826,1.184782608695652,0.5,552,22,0.4090909090909091,-0.18330039525691694,0.02180928099272797
EU_Urban_Energy,EU_Urban_Energy_tmax_q95,tmax_q95,NG=F,EU Urban heat → nat gas,Paper 7 heat,126,0.5,0.5915492957746479,1.1830985915492958,0.5,284,19,0.6842105263157895,0.09266123054114161,0.02180928099272797
Ukraine_Russia_Wheat,Ukraine_Russia_Wheat_tmax_q90,tmax_q90,GC=F,Ukraine heat → gold,Paper 7 heat,126,0.5,0.5911602209944752,1.1825389855087265,0.4999075956385141,543,19,1.0,0.4088397790055248,0.03163254647015076
EU_Urban_Energy,EU_Urban_Energy_heatstress_30C,heatstress_30C,UNG,EU Urban heat → nat gas ETF,Paper 7 heat,63,0.5,0.5909090909090909,1.1821269117507363,0.4998694176025072,44,7,0.2857142857142857,-0.30519480519480524,-0.05042666641665757
US_Soybean_Belt,US_Soybean_Belt_seasonal_q90,seasonal_q90,WEAT,US Soy heat → wheat,Paper 7 heat,42,0.5,0.5909090909090909,1.1818181818181819,0.5,110,4,0.5,-0.09090909090909094,-0.017804065912256698
EU_Urban_Energy,EU_Urban_Energy_heatstress_30C,heatstress_30C,DBB,EU Urban heat → base metals,Paper 7 heat,21,0.5,0.5909090909090909,1.1818181818181819,0.5,44,7,0.7142857142857143,0.12337662337662336,0.002977991510021801
US_Corn_Belt,US_Corn_Belt_seasonal_q90,seasonal_q90,WEAT,US Corn Belt heat → wheat,Paper 7 heat,42,0.5,0.5909090909090909,1.1818181818181819,0.5,110,4,0.5,-0.09090909090909094,-0.017804065912256698
US_Soybean_Belt,US_Soybean_Belt_tmax_q95,tmax_q95,GC=F,US Soy heat → gold,Paper 7 heat,126,0.5,0.5899280575539568,1.1800742031144031,0.4999075956385141,278,6,1.0,0.41007194244604317,0.03163254647015076
US_Soybean_Belt,US_Soybean_Belt_seasonal_q90,seasonal_q90,CORN,US Soy heat → corn,Paper 7 heat,42,0.5,0.5874125874125874,1.1752086034070368,0.499836867862969,143,4,1.0,0.4125874125874126,-0.010586128998881988
EU_Wheat_Belt,EU_Wheat_Belt_tmax_q95,tmax_q95,NG=F,EU Wheat heat → nat gas,Paper 7 heat,21,0.5,0.5867158671586716,1.1734317343173433,0.5,271,10,0.6,0.013284132841328344,-0.0010968047089297056
Brazil_Soy,Brazil_Soy_GDD30_q90,GDD30_q90,GC=F,Brazil Soy heat → gold,Paper 7 heat,21,0.5,0.5860805860805861,1.1723778378122187,0.4999075956385141,546,2,0.0,-0.5860805860805861,0.005281015460388131
US_Soybean_Belt,US_Soybean_Belt_GDD30_q90,GDD30_q90,CORN,US Soy heat → corn,Paper 7 heat,42,0.5,0.5856697819314641,1.1717218548433013,0.499836867862969,321,24,0.9583333333333334,0.37266355140186924,-0.010586128998881988
US_Soybean_Belt,US_Soybean_Belt_tmax_q90,tmax_q90,GC=F,US Soy heat → gold,Paper 7 heat,126,0.5,0.5853658536585366,1.170948108741716,0.4999075956385141,533,17,0.9411764705882353,0.35581061692969873,0.03163254647015076
Ukraine_Russia_Wheat,Ukraine_Russia_Wheat_tmax_q95,tmax_q95,WEAT,Ukraine heat → wheat,Paper 7 heat,126,0.5,0.5853658536585366,1.170731707317073,0.5,164,11,0.0,-0.5853658536585366,-0.0581499238242462
Ukraine_Russia_Wheat,Ukraine_Russia_Wheat_seasonal_q90,seasonal_q90,WEAT,Ukraine heat → wheat,Paper 7 heat,126,0.5,0.5853658536585366,1.170731707317073,0.5,164,11,0.0,-0.5853658536585366,-0.0581499238242462
US_Urban_Energy,US_Urban_Energy_GDD30_q90,GDD30_q90,NG=F,US Urban heat → nat gas,Paper 7 heat,126,0.5,0.5848375451263538,1.1696750902527075,0.5,554,27,0.14814814814814814,-0.43668939697820564,0.02180928099272797
US_Soybean_Belt,US_Soybean_Belt_tmax_q95,tmax_q95,CORN,US Soy heat → corn,Paper 7 heat,42,0.5,0.5818181818181818,1.164016140517446,0.499836867862969,165,5,1.0,0.4181818181818182,-0.010586128998881988
US_Soybean_Belt,US_Soybean_Belt_seasonal_q90,seasonal_q90,WEAT,US Soy heat → wheat,Paper 7 heat,126,0.5,0.5818181818181818,1.1636363636363636,0.5,110,4,0.25,-0.3318181818181818,-0.0581499238242462
US_Corn_Belt,US_Corn_Belt_seasonal_q90,seasonal_q90,WEAT,US Corn Belt heat → wheat,Paper 7 heat,126,0.5,0.5818181818181818,1.1636363636363636,0.5,110,4,0.25,-0.3318181818181818,-0.0581499238242462
EU_Wheat_Belt,EU_Wheat_Belt_GDD30_q90,GDD30_q90,ZW=F,EU Wheat heat → wheat futures,Paper 7 heat,126,0.5,0.5815602836879432,1.1631205673758864,0.5,564,24,0.25,-0.3315602836879432,0.010970113771031225
Ukraine_Russia_Wheat,Ukraine_Russia_Wheat_heatstress_30C,heatstress_30C,WEAT,Ukraine heat → wheat,Paper 7 heat,63,0.5,0.5813953488372093,1.1627906976744187,0.5,43,2,0.0,-0.5813953488372093,-0.024401330117228327
India_Sugar,India_Sugar_tmax_q95,tmax_q95,SOYB,India heat → soybeans (food inflation),Paper 7 heat,21,0.5,0.5806451612903226,1.1612903225806452,0.5,124,7,0.0,-0.5806451612903226,-0.0007550529121916746
EU_Urban_Energy,EU_Urban_Energy_heatstress_30C,heatstress_30C,NG=F,EU Urban heat → nat gas,Paper 7 heat,42,0.5,0.5806451612903226,1.1612903225806452,0.5,62,7,0.5714285714285714,-0.009216589861751223,0.0004339532622943069
