ticker,group,event,horizon,car,beta
RNR,cat-exposed,Katrina_2005,1 week,-0.0501529625607361,0.4971722915147218
RNR,cat-exposed,Rita_2005,1 week,-0.046307585170154236,0.5720040620782277
RNR,cat-exposed,Wilma_2005,1 week,-0.1070277172636548,0.5094220261652511
RNR,cat-exposed,Ike_2008,1 week,0.11236536272717712,0.7069982684828396
RNR,cat-exposed,Sandy_2012,1 week,-0.03917474287404367,0.6125015824205385
RNR,cat-exposed,Harvey_2017,1 week,-0.041644089549663664,0.6026481227947589
RNR,cat-exposed,Irma_2017,1 week,0.04378748847554054,0.6068377636254705
RNR,cat-exposed,Maria_2017,1 week,-0.000334166323200602,0.6006355115080378
RNR,cat-exposed,Michael_2018,1 week,-0.030453649327451336,0.5382993063467099
RNR,cat-exposed,Laura_2020,1 week,-0.008939606473165034,0.9003790885301619
RNR,cat-exposed,Ida_2021,1 week,-0.03820846877406075,0.7242568382380062
RNR,cat-exposed,Ian_2022,1 week,0.033863464742228906,0.586769663552524
RNR,cat-exposed,Helene_2024,1 week,0.03764761273475069,0.19026097974429243
RNR,cat-exposed,Milton_2024,1 week,0.042104296905316835,0.2140608776213481
RNR,cat-exposed,Katrina_2005,2 weeks,-0.05482587389111186,0.4971722915147218
RNR,cat-exposed,Rita_2005,2 weeks,-0.06515412407722404,0.5720040620782277
RNR,cat-exposed,Wilma_2005,2 weeks,-0.036358895816727785,0.5094220261652511
RNR,cat-exposed,Ike_2008,2 weeks,-0.01186114293983919,0.7069982684828396
RNR,cat-exposed,Sandy_2012,2 weeks,-0.01147110274756596,0.6125015824205385
RNR,cat-exposed,Harvey_2017,2 weeks,-0.11368308232323238,0.6026481227947589
RNR,cat-exposed,Irma_2017,2 weeks,0.012860778825840934,0.6068377636254705
RNR,cat-exposed,Maria_2017,2 weeks,0.041120621844636614,0.6006355115080378
RNR,cat-exposed,Michael_2018,2 weeks,-0.060056037057044924,0.5382993063467099
RNR,cat-exposed,Laura_2020,2 weeks,0.006515969619322288,0.9003790885301619
RNR,cat-exposed,Ida_2021,2 weeks,-0.0595230452293829,0.7242568382380062
RNR,cat-exposed,Ian_2022,2 weeks,-0.016401791540440417,0.586769663552524
RNR,cat-exposed,Helene_2024,2 weeks,0.031037993168521905,0.19026097974429243
RNR,cat-exposed,Milton_2024,2 weeks,0.0402967053687454,0.2140608776213481
RNR,cat-exposed,Katrina_2005,1 month,-0.016599729905807645,0.4971722915147218
RNR,cat-exposed,Rita_2005,1 month,-0.08372162497472713,0.5720040620782277
RNR,cat-exposed,Wilma_2005,1 month,0.12913625080464794,0.5094220261652511
RNR,cat-exposed,Ike_2008,1 month,1.8418692407859427e-05,0.7069982684828396
RNR,cat-exposed,Sandy_2012,1 month,-0.008183054002201252,0.6125015824205385
RNR,cat-exposed,Harvey_2017,1 month,-0.10131734791629755,0.6026481227947589
RNR,cat-exposed,Irma_2017,1 month,0.03204697488894677,0.6068377636254705
RNR,cat-exposed,Maria_2017,1 month,0.030144327237834084,0.6006355115080378
RNR,cat-exposed,Michael_2018,1 month,-0.04481986316064488,0.5382993063467099
RNR,cat-exposed,Laura_2020,1 month,-0.031969869351292333,0.9003790885301619
RNR,cat-exposed,Ida_2021,1 month,-0.08283594239683557,0.7242568382380062
RNR,cat-exposed,Ian_2022,1 month,0.03445631598141259,0.586769663552524
RNR,cat-exposed,Helene_2024,1 month,0.016221052420723706,0.19026097974429243
RNR,cat-exposed,Milton_2024,1 month,0.031223342950682194,0.2140608776213481
RNR,cat-exposed,Katrina_2005,3 months,0.02278474098890905,0.4971722915147218
RNR,cat-exposed,Rita_2005,3 months,-0.011539313895766214,0.5720040620782277
RNR,cat-exposed,Wilma_2005,3 months,0.16465253673964136,0.5094220261652511
RNR,cat-exposed,Ike_2008,3 months,0.17350758928207544,0.7069982684828396
RNR,cat-exposed,Sandy_2012,3 months,0.0033828250191891215,0.6125015824205385
RNR,cat-exposed,Harvey_2017,3 months,-0.1373078254515346,0.6026481227947589
RNR,cat-exposed,Irma_2017,3 months,-0.09430425062963402,0.6068377636254705
RNR,cat-exposed,Maria_2017,3 months,-0.10559603173530868,0.6006355115080378
RNR,cat-exposed,Michael_2018,3 months,0.04451483832533196,0.5382993063467099
RNR,cat-exposed,Laura_2020,3 months,-0.0594342943757734,0.9003790885301619
RNR,cat-exposed,Ida_2021,3 months,0.06702451938525796,0.7242568382380062
RNR,cat-exposed,Ian_2022,3 months,0.3365561808030852,0.586769663552524
RNR,cat-exposed,Helene_2024,3 months,-0.1106237868953475,0.19026097974429243
RNR,cat-exposed,Milton_2024,3 months,-0.1062152473558113,0.2140608776213481
EG,cat-exposed,Katrina_2005,1 week,-0.03380418476712964,0.7665225460832761
EG,cat-exposed,Rita_2005,1 week,-0.0023768615523924257,0.7835007087404903
EG,cat-exposed,Wilma_2005,1 week,0.03649814939907074,0.7515616831161531
EG,cat-exposed,Ike_2008,1 week,0.20873885841392353,0.806938107131284
EG,cat-exposed,Sandy_2012,1 week,-0.06293703407319311,0.6951448345379918
EG,cat-exposed,Harvey_2017,1 week,-0.03422663352936304,0.5518302062560139
EG,cat-exposed,Irma_2017,1 week,0.02772991314407494,0.5452366733388617
EG,cat-exposed,Maria_2017,1 week,-0.02852276073367974,0.5493423632339686
EG,cat-exposed,Michael_2018,1 week,-0.04608676367289743,0.5214453135513791
EG,cat-exposed,Laura_2020,1 week,-0.016355515528362254,1.087046463953407
EG,cat-exposed,Ida_2021,1 week,-0.04623190681899231,0.8733533000074489
EG,cat-exposed,Ian_2022,1 week,0.06029399886161241,0.6718286650565799
EG,cat-exposed,Helene_2024,1 week,0.03632557680094395,0.3995845824696963
EG,cat-exposed,Milton_2024,1 week,0.03368930601499946,0.42350609284646656
EG,cat-exposed,Katrina_2005,2 weeks,-0.02205347449748315,0.7665225460832761
EG,cat-exposed,Rita_2005,2 weeks,-0.02636582486946789,0.7835007087404903
EG,cat-exposed,Wilma_2005,2 weeks,0.0546882674096866,0.7515616831161531
EG,cat-exposed,Ike_2008,2 weeks,0.07290099633135494,0.806938107131284
EG,cat-exposed,Sandy_2012,2 weeks,-0.08380561041394549,0.6951448345379918
EG,cat-exposed,Harvey_2017,2 weeks,-0.15412003215781464,0.5518302062560139
EG,cat-exposed,Irma_2017,2 weeks,-0.0014142392861424382,0.5452366733388617
EG,cat-exposed,Maria_2017,2 weeks,-0.0017984761807467303,0.5493423632339686
EG,cat-exposed,Michael_2018,2 weeks,-0.05467579770413905,0.5214453135513791
EG,cat-exposed,Laura_2020,2 weeks,0.012578548976183788,1.087046463953407
EG,cat-exposed,Ida_2021,2 weeks,-0.02845483146986806,0.8733533000074489
EG,cat-exposed,Ian_2022,2 weeks,0.062286264278408554,0.6718286650565799
EG,cat-exposed,Helene_2024,2 weeks,0.01694684327854286,0.3995845824696963
EG,cat-exposed,Milton_2024,2 weeks,0.022883666900088428,0.42350609284646656
EG,cat-exposed,Katrina_2005,1 month,0.007811884949329555,0.7665225460832761
EG,cat-exposed,Rita_2005,1 month,-0.009427832357953338,0.7835007087404903
EG,cat-exposed,Wilma_2005,1 month,0.07145710291655266,0.7515616831161531
EG,cat-exposed,Ike_2008,1 month,0.16591469059081393,0.806938107131284
EG,cat-exposed,Sandy_2012,1 month,-0.07399860169187311,0.6951448345379918
EG,cat-exposed,Harvey_2017,1 month,-0.1688513925463316,0.5518302062560139
EG,cat-exposed,Irma_2017,1 month,-0.023390960759725424,0.5452366733388617
EG,cat-exposed,Maria_2017,1 month,0.006326717201769087,0.5493423632339686
EG,cat-exposed,Michael_2018,1 month,0.00612388486846064,0.5214453135513791
EG,cat-exposed,Laura_2020,1 month,-0.011478943495715543,1.087046463953407
EG,cat-exposed,Ida_2021,1 month,-0.012388559624641908,0.8733533000074489
EG,cat-exposed,Ian_2022,1 month,0.06825884307954745,0.6718286650565799
EG,cat-exposed,Helene_2024,1 month,0.012213252381488623,0.3995845824696963
EG,cat-exposed,Milton_2024,1 month,-0.031241697959712114,0.42350609284646656
EG,cat-exposed,Katrina_2005,3 months,0.05018244322776698,0.7665225460832761
EG,cat-exposed,Rita_2005,3 months,-0.032883359499110615,0.7835007087404903
EG,cat-exposed,Wilma_2005,3 months,-0.06650355752491795,0.7515616831161531
EG,cat-exposed,Ike_2008,3 months,0.32280298628921045,0.806938107131284
EG,cat-exposed,Sandy_2012,3 months,-0.0767715986414182,0.6951448345379918
EG,cat-exposed,Harvey_2017,3 months,-0.26589758557728804,0.5518302062560139
EG,cat-exposed,Irma_2017,3 months,-0.15119451018750493,0.5452366733388617
EG,cat-exposed,Maria_2017,3 months,-0.13047345805576563,0.5493423632339686
EG,cat-exposed,Michael_2018,3 months,0.033902983172994144,0.5214453135513791
EG,cat-exposed,Laura_2020,3 months,0.1145536873440629,1.087046463953407
EG,cat-exposed,Ida_2021,3 months,0.012744931614202194,0.8733533000074489
EG,cat-exposed,Ian_2022,3 months,0.24341488047878582,0.6718286650565799
EG,cat-exposed,Helene_2024,3 months,-0.0569719228143787,0.3995845824696963
EG,cat-exposed,Milton_2024,3 months,-0.02617503948621143,0.42350609284646656
ACGL,cat-exposed,Katrina_2005,1 week,-0.044421012818074826,0.5001380222844313
ACGL,cat-exposed,Rita_2005,1 week,0.02325225337399805,0.516959362850937
ACGL,cat-exposed,Wilma_2005,1 week,0.004228989387454246,0.4129964427742593
ACGL,cat-exposed,Ike_2008,1 week,0.1683276762236977,0.6623156917451245
ACGL,cat-exposed,Sandy_2012,1 week,-0.02917229927764675,0.5897156902043253
ACGL,cat-exposed,Harvey_2017,1 week,-0.006517438851884641,0.5864884831672923
ACGL,cat-exposed,Irma_2017,1 week,0.009576963409887162,0.5910198199613931
ACGL,cat-exposed,Maria_2017,1 week,0.016516066698221338,0.6003131348943856
ACGL,cat-exposed,Michael_2018,1 week,-0.018259689714023503,0.5070828368469515
ACGL,cat-exposed,Laura_2020,1 week,-0.009825257348632932,1.3720236229803067
ACGL,cat-exposed,Ida_2021,1 week,-0.06231245758326603,0.9166411858623267
ACGL,cat-exposed,Ian_2022,1 week,0.09525095864183171,0.6442750181751924
ACGL,cat-exposed,Helene_2024,1 week,0.0024489711893290384,0.2260319638225031
ACGL,cat-exposed,Milton_2024,1 week,-0.025432784404068404,0.22310390323562754
ACGL,cat-exposed,Katrina_2005,2 weeks,-0.042342880048143905,0.5001380222844313
ACGL,cat-exposed,Rita_2005,2 weeks,-0.003053804306998251,0.516959362850937
ACGL,cat-exposed,Wilma_2005,2 weeks,0.06481946452902054,0.4129964427742593
ACGL,cat-exposed,Ike_2008,2 weeks,0.09515513104399521,0.6623156917451245
ACGL,cat-exposed,Sandy_2012,2 weeks,-0.024869874875798115,0.5897156902043253
ACGL,cat-exposed,Harvey_2017,2 weeks,-0.03936259742968312,0.5864884831672923
ACGL,cat-exposed,Irma_2017,2 weeks,0.02281679820311202,0.5910198199613931
ACGL,cat-exposed,Maria_2017,2 weeks,0.023651037266006533,0.6003131348943856
ACGL,cat-exposed,Michael_2018,2 weeks,-0.03828642177997249,0.5070828368469515
ACGL,cat-exposed,Laura_2020,2 weeks,0.058509245280465014,1.3720236229803067
ACGL,cat-exposed,Ida_2021,2 weeks,-0.03650419972060048,0.9166411858623267
ACGL,cat-exposed,Ian_2022,2 weeks,0.08498814827415122,0.6442750181751924
ACGL,cat-exposed,Helene_2024,2 weeks,-0.007968903717490799,0.2260319638225031
ACGL,cat-exposed,Milton_2024,2 weeks,-0.036357422754234425,0.22310390323562754
ACGL,cat-exposed,Katrina_2005,1 month,0.029984934136059516,0.5001380222844313
ACGL,cat-exposed,Rita_2005,1 month,0.022779532756075364,0.516959362850937
ACGL,cat-exposed,Wilma_2005,1 month,0.10423841651570807,0.4129964427742593
ACGL,cat-exposed,Ike_2008,1 month,0.08078348632251992,0.6623156917451245
ACGL,cat-exposed,Sandy_2012,1 month,0.002287253351470234,0.5897156902043253
ACGL,cat-exposed,Harvey_2017,1 month,-0.019203962392492887,0.5864884831672923
ACGL,cat-exposed,Irma_2017,1 month,0.018557376406749627,0.5910198199613931
ACGL,cat-exposed,Maria_2017,1 month,0.011226859500548731,0.6003131348943856
ACGL,cat-exposed,Michael_2018,1 month,-0.002082686757877928,0.5070828368469515
ACGL,cat-exposed,Laura_2020,1 month,-0.0030284972946942896,1.3720236229803067
ACGL,cat-exposed,Ida_2021,1 month,-0.05053349214788709,0.9166411858623267
ACGL,cat-exposed,Ian_2022,1 month,0.08380529210033409,0.6442750181751924
ACGL,cat-exposed,Helene_2024,1 month,-0.0720022707359354,0.2260319638225031
ACGL,cat-exposed,Milton_2024,1 month,-0.10910093995897059,0.22310390323562754
ACGL,cat-exposed,Katrina_2005,3 months,0.12585936156734062,0.5001380222844313
ACGL,cat-exposed,Rita_2005,3 months,0.0785945604632834,0.516959362850937
ACGL,cat-exposed,Wilma_2005,3 months,0.06947752838011106,0.4129964427742593
ACGL,cat-exposed,Ike_2008,3 months,0.17409076632376497,0.6623156917451245
ACGL,cat-exposed,Sandy_2012,3 months,-0.010083949826547492,0.5897156902043253
ACGL,cat-exposed,Harvey_2017,3 months,-0.10888173480768974,0.5864884831672923
ACGL,cat-exposed,Irma_2017,3 months,-0.11412578157704077,0.5910198199613931
ACGL,cat-exposed,Maria_2017,3 months,-0.1423139805514221,0.6003131348943856
ACGL,cat-exposed,Michael_2018,3 months,0.019420693583731916,0.5070828368469515
ACGL,cat-exposed,Laura_2020,3 months,0.11096829240219282,1.3720236229803067
ACGL,cat-exposed,Ida_2021,3 months,-0.009225328459728833,0.9166411858623267
ACGL,cat-exposed,Ian_2022,3 months,0.3303325540640082,0.6442750181751924
ACGL,cat-exposed,Helene_2024,3 months,-0.20313902630784628,0.2260319638225031
ACGL,cat-exposed,Milton_2024,3 months,-0.20891650952844118,0.22310390323562754
SREN.SW,cat-exposed,Katrina_2005,1 week,-0.031123834205735335,0.2197132439351726
SREN.SW,cat-exposed,Rita_2005,1 week,0.03931403508805824,0.2032369993076767
SREN.SW,cat-exposed,Wilma_2005,1 week,0.004959193067607169,0.1965098475362389
SREN.SW,cat-exposed,Ike_2008,1 week,-0.05538815014437558,0.6493558848088273
SREN.SW,cat-exposed,Sandy_2012,1 week,0.007617513431460732,0.9562764661176675
SREN.SW,cat-exposed,Harvey_2017,1 week,-0.029106870029198217,0.6343052492747024
SREN.SW,cat-exposed,Irma_2017,1 week,0.01862789043132067,0.599998153010218
SREN.SW,cat-exposed,Maria_2017,1 week,-0.004832352417121803,0.6072384854802465
SREN.SW,cat-exposed,Michael_2018,1 week,-0.03432553057124782,0.17024377222405374
SREN.SW,cat-exposed,Laura_2020,1 week,-0.009693795669656027,0.7794195040910252
SREN.SW,cat-exposed,Ida_2021,1 week,-0.04277429080048373,0.4995209215269393
SREN.SW,cat-exposed,Ian_2022,1 week,0.02820288359285459,0.33541041681185446
SREN.SW,cat-exposed,Helene_2024,1 week,-0.03526283820475575,0.23409598076782953
SREN.SW,cat-exposed,Milton_2024,1 week,0.05159192514062239,0.22874424328721138
SREN.SW,cat-exposed,Katrina_2005,2 weeks,0.0016098275559038892,0.2197132439351726
SREN.SW,cat-exposed,Rita_2005,2 weeks,0.05628421260720019,0.2032369993076767
SREN.SW,cat-exposed,Wilma_2005,2 weeks,0.0514875854491787,0.1965098475362389
SREN.SW,cat-exposed,Ike_2008,2 weeks,-0.0014233384027809298,0.6493558848088273
SREN.SW,cat-exposed,Sandy_2012,2 weeks,0.04797560630061889,0.9562764661176675
SREN.SW,cat-exposed,Harvey_2017,2 weeks,-0.05648223522058636,0.6343052492747024
SREN.SW,cat-exposed,Irma_2017,2 weeks,0.02244207137507103,0.599998153010218
SREN.SW,cat-exposed,Maria_2017,2 weeks,0.028762775438752355,0.6072384854802465
SREN.SW,cat-exposed,Michael_2018,2 weeks,-0.0391201000673983,0.17024377222405374
SREN.SW,cat-exposed,Laura_2020,2 weeks,0.05582635984744902,0.7794195040910252
SREN.SW,cat-exposed,Ida_2021,2 weeks,-0.0350095939749833,0.4995209215269393
SREN.SW,cat-exposed,Ian_2022,2 weeks,-0.033163171570123155,0.33541041681185446
SREN.SW,cat-exposed,Helene_2024,2 weeks,-0.05799195703553483,0.23409598076782953
SREN.SW,cat-exposed,Milton_2024,2 weeks,0.0034417331404815593,0.22874424328721138
SREN.SW,cat-exposed,Katrina_2005,1 month,0.009640446914805348,0.2197132439351726
SREN.SW,cat-exposed,Rita_2005,1 month,0.041203869093146314,0.2032369993076767
SREN.SW,cat-exposed,Wilma_2005,1 month,0.059155993053463786,0.1965098475362389
SREN.SW,cat-exposed,Ike_2008,1 month,-0.17993430900268045,0.6493558848088273
SREN.SW,cat-exposed,Sandy_2012,1 month,0.008339324340148335,0.9562764661176675
SREN.SW,cat-exposed,Harvey_2017,1 month,-0.041679278058479756,0.6343052492747024
SREN.SW,cat-exposed,Irma_2017,1 month,0.04454171562751137,0.599998153010218
SREN.SW,cat-exposed,Maria_2017,1 month,0.03471407354323647,0.6072384854802465
SREN.SW,cat-exposed,Michael_2018,1 month,-0.021015129332476533,0.17024377222405374
SREN.SW,cat-exposed,Laura_2020,1 month,-0.051398953407001596,0.7794195040910252
SREN.SW,cat-exposed,Ida_2021,1 month,-0.058851049444443436,0.4995209215269393
SREN.SW,cat-exposed,Ian_2022,1 month,0.04343776353033339,0.33541041681185446
SREN.SW,cat-exposed,Helene_2024,1 month,-0.06953222315075586,0.23409598076782953
SREN.SW,cat-exposed,Milton_2024,1 month,-0.0210014253276835,0.22874424328721138
SREN.SW,cat-exposed,Katrina_2005,3 months,0.0994288211733367,0.2197132439351726
SREN.SW,cat-exposed,Rita_2005,3 months,0.13787377959995195,0.2032369993076767
SREN.SW,cat-exposed,Wilma_2005,3 months,0.056013949961473394,0.1965098475362389
SREN.SW,cat-exposed,Ike_2008,3 months,0.05373455407483249,0.6493558848088273
SREN.SW,cat-exposed,Sandy_2012,3 months,-0.005957268613349719,0.9562764661176675
SREN.SW,cat-exposed,Harvey_2017,3 months,-0.005325115713994569,0.6343052492747024
SREN.SW,cat-exposed,Irma_2017,3 months,0.025933662876655283,0.599998153010218
SREN.SW,cat-exposed,Maria_2017,3 months,0.018338580621408952,0.6072384854802465
SREN.SW,cat-exposed,Michael_2018,3 months,0.04899133256405537,0.17024377222405374
SREN.SW,cat-exposed,Laura_2020,3 months,0.17002533426663138,0.7794195040910252
SREN.SW,cat-exposed,Ida_2021,3 months,-0.026643507668358987,0.4995209215269393
SREN.SW,cat-exposed,Ian_2022,3 months,0.18019233011129154,0.33541041681185446
SREN.SW,cat-exposed,Helene_2024,3 months,0.04657511732851565,0.23409598076782953
SREN.SW,cat-exposed,Milton_2024,3 months,0.1103022142817697,0.22874424328721138
MUV2.DE,cat-exposed,Katrina_2005,1 week,-0.020918019431424514,0.47891452647548816
MUV2.DE,cat-exposed,Rita_2005,1 week,0.045429249686573754,0.4791044253066694
MUV2.DE,cat-exposed,Wilma_2005,1 week,-0.01696226757972567,0.4763721586154923
MUV2.DE,cat-exposed,Ike_2008,1 week,-0.003189918119282896,0.42749407919606075
MUV2.DE,cat-exposed,Sandy_2012,1 week,0.024471871540512318,1.0792509135941069
MUV2.DE,cat-exposed,Harvey_2017,1 week,-0.03514734670495238,0.6089574054485307
MUV2.DE,cat-exposed,Irma_2017,1 week,0.02165979181924045,0.6055786192482925
MUV2.DE,cat-exposed,Maria_2017,1 week,0.006996725910136614,0.6065766288951917
MUV2.DE,cat-exposed,Michael_2018,1 week,-0.03233816287022893,0.27739928917758033
MUV2.DE,cat-exposed,Laura_2020,1 week,-0.004072912185600882,0.8021803412240553
MUV2.DE,cat-exposed,Ida_2021,1 week,-0.04213516739601894,0.5561868275574192
MUV2.DE,cat-exposed,Ian_2022,1 week,0.046671116180516864,0.4092922629189393
MUV2.DE,cat-exposed,Helene_2024,1 week,-0.03389486465207579,0.15880060898836548
MUV2.DE,cat-exposed,Milton_2024,1 week,0.06905357338879042,0.18650487806224805
MUV2.DE,cat-exposed,Katrina_2005,2 weeks,-0.01352694278688353,0.47891452647548816
MUV2.DE,cat-exposed,Rita_2005,2 weeks,0.052435072486970304,0.4791044253066694
MUV2.DE,cat-exposed,Wilma_2005,2 weeks,0.03756680158985464,0.4763721586154923
MUV2.DE,cat-exposed,Ike_2008,2 weeks,0.08515698606177047,0.42749407919606075
MUV2.DE,cat-exposed,Sandy_2012,2 weeks,0.06400977109152002,1.0792509135941069
MUV2.DE,cat-exposed,Harvey_2017,2 weeks,-0.0489624612048649,0.6089574054485307
MUV2.DE,cat-exposed,Irma_2017,2 weeks,0.0330722591958082,0.6055786192482925
MUV2.DE,cat-exposed,Maria_2017,2 weeks,0.022644705234486362,0.6065766288951917
MUV2.DE,cat-exposed,Michael_2018,2 weeks,-0.028041981723891163,0.27739928917758033
MUV2.DE,cat-exposed,Laura_2020,2 weeks,0.03099729104975252,0.8021803412240553
MUV2.DE,cat-exposed,Ida_2021,2 weeks,-0.018057374409049115,0.5561868275574192
MUV2.DE,cat-exposed,Ian_2022,2 weeks,0.006074830786445221,0.4092922629189393
MUV2.DE,cat-exposed,Helene_2024,2 weeks,-0.036717717058828384,0.15880060898836548
MUV2.DE,cat-exposed,Milton_2024,2 weeks,-0.00547477474006311,0.18650487806224805
MUV2.DE,cat-exposed,Katrina_2005,1 month,0.0020908737874913933,0.47891452647548816
MUV2.DE,cat-exposed,Rita_2005,1 month,0.07978113956485819,0.4791044253066694
MUV2.DE,cat-exposed,Wilma_2005,1 month,0.08295839554592033,0.4763721586154923
MUV2.DE,cat-exposed,Ike_2008,1 month,0.03479831151449871,0.42749407919606075
MUV2.DE,cat-exposed,Sandy_2012,1 month,0.03911903858107032,1.0792509135941069
MUV2.DE,cat-exposed,Harvey_2017,1 month,-0.017438189443037606,0.6089574054485307
MUV2.DE,cat-exposed,Irma_2017,1 month,0.049760145259442085,0.6055786192482925
MUV2.DE,cat-exposed,Maria_2017,1 month,0.033119102061897075,0.6065766288951917
MUV2.DE,cat-exposed,Michael_2018,1 month,-0.009775021182091316,0.27739928917758033
MUV2.DE,cat-exposed,Laura_2020,1 month,-0.09856437342561035,0.8021803412240553
MUV2.DE,cat-exposed,Ida_2021,1 month,-0.030586811485736838,0.5561868275574192
MUV2.DE,cat-exposed,Ian_2022,1 month,0.0813865116081704,0.4092922629189393
MUV2.DE,cat-exposed,Helene_2024,1 month,-0.05683703291921932,0.15880060898836548
MUV2.DE,cat-exposed,Milton_2024,1 month,-0.03363405463216144,0.18650487806224805
MUV2.DE,cat-exposed,Katrina_2005,3 months,0.13448949522781325,0.47891452647548816
MUV2.DE,cat-exposed,Rita_2005,3 months,0.19916895315412816,0.4791044253066694
MUV2.DE,cat-exposed,Wilma_2005,3 months,0.04836846693255273,0.4763721586154923
MUV2.DE,cat-exposed,Ike_2008,3 months,0.31906406514824015,0.42749407919606075
MUV2.DE,cat-exposed,Sandy_2012,3 months,-0.001638893802935925,1.0792509135941069
MUV2.DE,cat-exposed,Harvey_2017,3 months,-0.008158103228447287,0.6089574054485307
MUV2.DE,cat-exposed,Irma_2017,3 months,-0.00259725054422107,0.6055786192482925
MUV2.DE,cat-exposed,Maria_2017,3 months,-0.008240880110586386,0.6065766288951917
MUV2.DE,cat-exposed,Michael_2018,3 months,0.05065388214447176,0.27739928917758033
MUV2.DE,cat-exposed,Laura_2020,3 months,-0.04086892792847345,0.8021803412240553
MUV2.DE,cat-exposed,Ida_2021,3 months,-0.03484495774625483,0.5561868275574192
MUV2.DE,cat-exposed,Ian_2022,3 months,0.22216542920229215,0.4092922629189393
MUV2.DE,cat-exposed,Helene_2024,3 months,-0.057455958376333854,0.15880060898836548
MUV2.DE,cat-exposed,Milton_2024,3 months,-0.02345989042728784,0.18650487806224805
PGR,control,Katrina_2005,1 week,0.0020502981052851615,0.8184977130000751
PGR,control,Rita_2005,1 week,-0.03342390735569516,0.8536004502949366
PGR,control,Wilma_2005,1 week,0.036683759771632615,0.8192139375113741
PGR,control,Ike_2008,1 week,0.019151656328853364,0.9480594044029207
PGR,control,Sandy_2012,1 week,-0.016998269054078703,0.8644676832240682
PGR,control,Harvey_2017,1 week,-0.05105504322447685,0.6398667894958868
PGR,control,Irma_2017,1 week,-0.002009198149725346,0.6447084345257805
PGR,control,Maria_2017,1 week,0.0014843082157569194,0.6212967073244277
PGR,control,Michael_2018,1 week,-0.005347291241520426,0.7690098836059673
PGR,control,Laura_2020,1 week,0.006534416585813829,0.8040612488578983
PGR,control,Ida_2021,1 week,-0.016217837121933032,0.5030727856120384
PGR,control,Ian_2022,1 week,0.013710869766275956,0.530154821733145
PGR,control,Helene_2024,1 week,-0.022089423589812248,-0.025642832806889695
PGR,control,Milton_2024,1 week,-0.002668717320375046,0.04326484916913596
PGR,control,Katrina_2005,2 weeks,-0.009720550336227003,0.8184977130000751
PGR,control,Rita_2005,2 weeks,-0.01838824912213234,0.8536004502949366
PGR,control,Wilma_2005,2 weeks,0.044359914476297134,0.8192139375113741
PGR,control,Ike_2008,2 weeks,0.028779582647058058,0.9480594044029207
PGR,control,Sandy_2012,2 weeks,0.005974678459626057,0.8644676832240682
PGR,control,Harvey_2017,2 weeks,-0.07487596527814053,0.6398667894958868
PGR,control,Irma_2017,2 weeks,0.033858779715767603,0.6447084345257805
PGR,control,Maria_2017,2 weeks,0.012063184309316083,0.6212967073244277
PGR,control,Michael_2018,2 weeks,-0.002778711448956234,0.7690098836059673
PGR,control,Laura_2020,2 weeks,0.05388187706692995,0.8040612488578983
PGR,control,Ida_2021,2 weeks,-0.032245270947104665,0.5030727856120384
PGR,control,Ian_2022,2 weeks,0.03386683394088885,0.530154821733145
PGR,control,Helene_2024,2 weeks,-0.047117300253179326,-0.025642832806889695
PGR,control,Milton_2024,2 weeks,-0.028637263611145332,0.04326484916913596
PGR,control,Katrina_2005,1 month,0.07518532581667868,0.8184977130000751
PGR,control,Rita_2005,1 month,0.059853711762963696,0.8536004502949366
PGR,control,Wilma_2005,1 month,0.031237253219073655,0.8192139375113741
PGR,control,Ike_2008,1 month,0.05263758820278499,0.9480594044029207
PGR,control,Sandy_2012,1 month,-0.003287207496025014,0.8644676832240682
PGR,control,Harvey_2017,1 month,-0.03868397338837084,0.6398667894958868
PGR,control,Irma_2017,1 month,0.04023477573623826,0.6447084345257805
PGR,control,Maria_2017,1 month,-0.0267290306796507,0.6212967073244277
PGR,control,Michael_2018,1 month,0.01912683732059418,0.7690098836059673
PGR,control,Laura_2020,1 month,0.04357183945352154,0.8040612488578983
PGR,control,Ida_2021,1 month,-0.05924275282721361,0.5030727856120384
PGR,control,Ian_2022,1 month,-0.01583077092428893,0.530154821733145
PGR,control,Helene_2024,1 month,-0.08924098543916417,-0.025642832806889695
PGR,control,Milton_2024,1 month,-0.014057871853551188,0.04326484916913596
PGR,control,Katrina_2005,3 months,0.15224731394296306,0.8184977130000751
PGR,control,Rita_2005,3 months,0.04563180962593705,0.8536004502949366
PGR,control,Wilma_2005,3 months,-0.11281004174193593,0.8192139375113741
PGR,control,Ike_2008,3 months,0.19556711613601976,0.9480594044029207
PGR,control,Sandy_2012,3 months,0.001793857096395267,0.8644676832240682
PGR,control,Harvey_2017,3 months,-0.03233587861066399,0.6398667894958868
PGR,control,Irma_2017,3 months,0.06623309588920097,0.6447084345257805
PGR,control,Maria_2017,3 months,0.03425524268451254,0.6212967073244277
PGR,control,Michael_2018,3 months,-0.12038686095029894,0.7690098836059673
PGR,control,Laura_2020,3 months,-0.0812626056316003,0.8040612488578983
PGR,control,Ida_2021,3 months,-0.03929896612515854,0.5030727856120384
PGR,control,Ian_2022,3 months,-0.007832538265338279,0.530154821733145
PGR,control,Helene_2024,3 months,-0.20114744964418307,-0.025642832806889695
PGR,control,Milton_2024,3 months,-0.17666134721449372,0.04326484916913596
TRV,control,Katrina_2005,1 week,-0.06715945036283391,1.1919818348549915
TRV,control,Rita_2005,1 week,0.031138065730299508,1.1314254567814974
TRV,control,Wilma_2005,1 week,0.03229406233642661,1.0857210266437949
TRV,control,Ike_2008,1 week,0.14323520310728574,1.172778266741727
TRV,control,Sandy_2012,1 week,-0.03316327001053966,0.9377429902544362
TRV,control,Harvey_2017,1 week,-0.04366082290047591,0.598089268821096
TRV,control,Irma_2017,1 week,-0.001561775940371695,0.6065473226634719
TRV,control,Maria_2017,1 week,0.018088656890465585,0.60301909726555
TRV,control,Michael_2018,1 week,-0.03135937815116761,0.8500412080358964
TRV,control,Laura_2020,1 week,0.00867247204047337,1.1018561775661295
TRV,control,Ida_2021,1 week,-0.024697740284305887,0.7848126322236872
TRV,control,Ian_2022,1 week,0.044915688686771905,0.4633801621176595
TRV,control,Helene_2024,1 week,-0.009150132435431337,0.3229785726839528
TRV,control,Milton_2024,1 week,0.03536472224775217,0.3529766188622506
TRV,control,Katrina_2005,2 weeks,-0.09420738557855042,1.1919818348549915
TRV,control,Rita_2005,2 weeks,0.005443355041820724,1.1314254567814974
TRV,control,Wilma_2005,2 weeks,0.037397468871056085,1.0857210266437949
TRV,control,Ike_2008,2 weeks,0.03428736917380207,1.172778266741727
TRV,control,Sandy_2012,2 weeks,-0.029791294057074973,0.9377429902544362
TRV,control,Harvey_2017,2 weeks,-0.0452306469725484,0.598089268821096
TRV,control,Irma_2017,2 weeks,0.008589679944090614,0.6065473226634719
TRV,control,Maria_2017,2 weeks,0.017679469546837724,0.60301909726555
TRV,control,Michael_2018,2 weeks,-0.016858299394431474,0.8500412080358964
TRV,control,Laura_2020,2 weeks,0.047171744861708394,1.1018561775661295
TRV,control,Ida_2021,2 weeks,-0.011048940261427161,0.7848126322236872
TRV,control,Ian_2022,2 weeks,0.05534833154925803,0.4633801621176595
TRV,control,Helene_2024,2 weeks,-0.03248778341074033,0.3229785726839528
TRV,control,Milton_2024,2 weeks,0.10513862854865214,0.3529766188622506
TRV,control,Katrina_2005,1 month,-0.024055499407785206,1.1919818348549915
TRV,control,Rita_2005,1 month,0.010251593061257551,1.1314254567814974
TRV,control,Wilma_2005,1 month,0.012555880595713926,1.0857210266437949
TRV,control,Ike_2008,1 month,0.08553943551619062,1.172778266741727
TRV,control,Sandy_2012,1 month,-0.023407763397263193,0.9377429902544362
TRV,control,Harvey_2017,1 month,-0.029316042443063912,0.598089268821096
TRV,control,Irma_2017,1 month,0.020544741077346246,0.6065473226634719
TRV,control,Maria_2017,1 month,0.059847712809783765,0.60301909726555
TRV,control,Michael_2018,1 month,0.013765872330446547,0.8500412080358964
TRV,control,Laura_2020,1 month,0.0384052568476847,1.1018561775661295
TRV,control,Ida_2021,1 month,-0.02884542153196511,0.7848126322236872
TRV,control,Ian_2022,1 month,0.12257064184122791,0.4633801621176595
TRV,control,Helene_2024,1 month,0.06314159007547404,0.3229785726839528
TRV,control,Milton_2024,1 month,0.06889058136565566,0.3529766188622506
TRV,control,Katrina_2005,3 months,-0.022477620996961677,1.1919818348549915
TRV,control,Rita_2005,3 months,-0.02674675641111793,1.1314254567814974
TRV,control,Wilma_2005,3 months,-0.03273963503818915,1.0857210266437949
TRV,control,Ike_2008,3 months,0.3564790498787223,1.172778266741727
TRV,control,Sandy_2012,3 months,0.0005144833840363579,0.9377429902544362
TRV,control,Harvey_2017,3 months,0.004989580764780129,0.598089268821096
TRV,control,Irma_2017,3 months,0.06695324806107948,0.6065473226634719
TRV,control,Maria_2017,3 months,0.06975360381653904,0.60301909726555
TRV,control,Michael_2018,3 months,0.01496676197452309,0.8500412080358964
TRV,control,Laura_2020,3 months,0.21349789194534521,1.1018561775661295
TRV,control,Ida_2021,3 months,-0.08409542022540917,0.7848126322236872
TRV,control,Ian_2022,3 months,0.18151845337198366,0.4633801621176595
TRV,control,Helene_2024,3 months,-0.03461597852785857,0.3229785726839528
TRV,control,Milton_2024,3 months,-0.016749319519246936,0.3529766188622506
