ticker,asset_class,full_name,composite_score,trend_tstat,ann_drift_pct,hurst,adf_p,peak_period_days,n_cycles_insample,cycle_p,acf_at_peak,halflife_days,n_obs
^VIX,volatility,CBOE VIX,86.8021343067758,-1.6796795410892837,-0.056596218866116266,0.2267300650709083,1.0429811549294162e-08,1518.4686066494312,6.057418612226563,0.008,-0.12178153821938914,34.22452213888776,9198
^SKEW,volatility,CBOE Skew,79.99999992493439,96.93360452427663,0.6125792689365503,0.14399249892938232,3.7532809685189834e-10,957.9826074028235,9.523137403019527,0.0,0.13169027911076348,8.636573201844362,9123
^OVX,volatility,Crude Oil VIX,67.4002091215834,7.272187448975813,0.6599707606258041,0.2078806501851452,0.00010057067536972178,879.9121841835993,5.480092316796307,0.046,-0.07858176597861326,50.14899062282349,4822
VWO,equities,Vanguard Emerging Markets ETF,66.84111503693643,117.57036147029882,4.192560974249917,0.42054575164913177,0.003542194079923112,903.7562179435658,5.938548353462213,0.0,0.07447949926987499,128.56963277388297,5367
SDS,equities,ProShares UltraShort S&P500 -2x,63.511031359188486,-544.2211642672291,-31.175234232778642,0.41656091059580813,0.01692453967212159,902.8801146578759,5.569953217881662,0.008,-0.11614793240114554,120.43090928021418,5029
VT,equities,Vanguard Total World ETF,63.14557193994567,335.6166536431523,9.321925644596208,0.4142974213360379,0.00020013449620446622,907.4,5.0,0.004,0.05900468977603752,70.62000717184877,4537
VEA,equities,Vanguard Developed Markets ETF,61.372566221183035,151.8248178614134,5.622445152282767,0.39231698250750946,0.016316499674279845,897.3797884171659,5.3143608331225645,0.014,0.07165687533084096,134.50964522925986,4769
^VVIX,volatility,VIX of VIX,54.99999993598264,30.831547513616247,1.181035504482853,0.11461148794304675,3.200867623030604e-10,361.7597114311797,13.547666711173708,0.526,0.08547811773661852,11.49622641258182,4901
UNI-USD,crypto,Uniswap,54.997140209154196,-25.12225893717969,-22.678629868134774,0.24090333552492252,1.4298954229018153e-05,270.24879648811486,7.422789762870307,0.666,-0.15598620562935012,8.79059609828681,2006
^EVZ,volatility,EuroCurrency VIX,54.79314855575087,-51.46172154625927,-4.490873703597376,0.2467046506327832,0.0010342572212456362,576.6536061481214,7.2383142245153165,0.1,-0.11344607788044914,24.956301960549318,4174
^VXN,volatility,Nasdaq-100 VIX,54.609537441166076,-26.545098424566778,-1.7016523132224153,0.25565604465014313,6.696457745526886e-05,867.4741883296309,7.381199447938996,0.978,-0.134177128625739,53.92884050953896,6403
SIZE,equities,iShares Size Factor ETF,52.23865741145058,306.3656338631439,10.400124891987447,0.2897123769980908,0.0005692539433835086,586.4181379958319,5.673426151807821,0.582,-0.3069753233784922,63.24461828550563,3327
TQQQ,equities,ProShares UltraQQQ 3x,51.77036320676637,293.24256800325946,34.06140612910193,0.3079774558596797,0.03682236534627496,825.4,5.0,0.068,0.09577091605241096,112.27207176754288,4127
^GVZ,volatility,Gold VIX,48.616631804552696,-21.555478211262837,-1.8554000388297804,0.22691718564619423,0.0008727885088551339,715.4362706057644,6.365346833959228,0.926,-0.05106662966036384,43.654031210259795,4554
NG=F,commodities,Natural Gas Futures,48.05800712994769,-48.59862573766533,-3.0978688466363984,0.3367698980895511,0.005786664987077867,1121.8219942416788,5.7887971829164995,0.33,0.10538929024986293,135.37779483052356,6494
CHFUSD=X,fx,CHF/USD,47.50200463038314,108.5116977040947,1.5534336462062441,0.34222747612881593,0.0067474848051456765,795.7935977234508,7.454194174180139,0.984,0.29062735742426893,165.9135932359409,5932
XRP-USD,crypto,XRP,47.433203956154266,43.202910351437595,12.639944246963292,0.32444885108643395,0.01301769652375068,632.8,5.0,0.72,-0.2904908153662766,158.59904233453543,3164
USMV,equities,iShares Min Vol Factor ETF,47.108108175816554,431.38632353605607,10.547316900764505,0.3194781819031613,0.016300065153196822,688.6105374726866,5.373138804380783,0.722,0.10145378166420019,71.98991623484203,3700
AMZN,equities,Amazon,46.181268448406186,308.7744300475882,22.96781655938953,0.4444586865854396,0.01177409556282257,1068.2012427131906,6.86481133590002,0.074,-0.10296891136070258,277.40161481105145,7333
INDA,equities,iShares MSCI India ETF,45.766395275544504,172.77483555934222,7.181868780487516,0.38065739690814315,0.002615557986229785,593.7099464813268,6.11072801037216,0.528,0.16227637503000458,76.1191770189936,3628
DBB,commodities,Invesco DB Base Metals,45.497126714819146,9.293261194610412,0.49940692967597716,0.42254309927771294,0.3427861728189338,909.1271076511446,5.398585036893791,0.012,0.2203085985094278,343.00196719813647,4908
QUAL,equities,iShares Quality Factor ETF,45.43806683121559,344.31928099706187,12.159229229730423,0.35570282064061054,0.012575392297051841,591.9617617699544,5.513869663203756,0.798,-0.321627756465906,68.70866262822302,3264
XLRE,equities,Real Estate SPDR,45.27002488770672,119.06376993624873,6.655486938558107,0.3672470432765359,0.00956752780262115,540.6,5.0,0.936,-0.1429130023491016,67.26458120854608,2703
IWM,equities,iShares Russell 2000 ETF,45.12846785605692,319.99818111926936,8.309687810384318,0.3360288664038524,0.004287114701227876,873.643227720581,7.517943013347156,0.088,-0.04218355523302569,153.62205369139843,6568
VIXY,volatility,ProShares VIX STF,44.74342188309378,-458.07079000554006,-65.70919736140111,0.3458195009987178,0.019343056918291884,558.0224126019831,6.990758636037868,0.508,-0.20039345697734653,119.77602242896101,3901
NIB,commodities,iPath Cocoa,43.670216320095754,-55.43358190179486,-3.254440173411094,0.3753402288195358,0.014868842126342643,430.52019158293956,8.505988967754412,0.92,-0.2948122175086636,106.07696282462481,3662
BZ=F,commodities,Brent Crude Futures,42.74609632822942,-14.721537056214459,-1.2552780404166888,0.3921630160805141,0.013881846332014875,914.7538724362881,5.154391954026296,0.792,-0.11876481564938644,236.89995291721695,4715
ZW=F,commodities,Wheat Futures,41.349322022837555,54.46720138259215,2.5064261094901763,0.35752256569687757,0.024532491600103137,1200.5514290168587,5.424174127494671,0.192,0.06520944981442275,244.25907908518911,6512
ZS=F,commodities,Soybean Futures,41.28376107587178,69.69848056653956,3.0827692274540937,0.4107435838619233,0.10742106944422536,1177.6031848816667,5.5128926987849125,0.032,0.09094419057668582,381.8057117450627,6492
VXX,volatility,iPath S&P 500 VIX STF,40.71294701189938,-199.2561847934276,-63.751077688358336,0.42458099542953476,0.013241599797324899,389.2836039752965,5.458745188083622,0.866,-0.16961962216480844,73.44001507785698,2125
GOOGL,equities,Alphabet,40.5787130683149,359.21637760289707,17.091346057621347,0.43978861992982315,0.008843561348484472,941.136452051434,5.851436301288898,0.112,-0.15301196177060006,158.30528312146032,5507
XLU,equities,Utilities SPDR,40.453644856717354,351.4612537384053,8.124168162700542,0.40897209119864497,0.019741078650198248,1297.1410419506942,5.340976637036623,0.814,-0.25056400731736517,203.32870870547882,6928
JPM,equities,JPMorgan,39.700399709849826,454.987655157489,10.693630485051713,0.37708372425806425,0.034136760031396145,904.3768585812683,12.907229866885245,0.846,0.3002979133764197,342.6141404059387,11673
FXI,equities,iShares China Large-Cap ETF,39.25018563781514,54.79365711545398,2.867614115444023,0.44037364576339266,0.015291189889793411,906.4341129989496,6.036842525592747,0.1,-0.08231719334001464,169.0591778440186,5472
NZDUSD=X,fx,NZD/USD,39.250075995941,-34.55616350096138,-0.680561920237979,0.38656764547567374,0.033227071528403755,866.8477395435482,6.768201302675552,0.856,0.19087483832336216,230.52653876230215,5867
ETHE,crypto,Grayscale Ethereum Trust,38.841145646467666,28.95823059643072,18.798791021620453,0.38259961991873576,0.03659439846141643,330.82578225379945,5.371407234024885,0.774,-0.4602538305947192,58.57503282763729,1777
GBPUSD=X,fx,GBP/USD,38.46676386663475,-140.9570072494623,-1.9933982544352427,0.3965251487877955,0.033824464404227775,925.5510999481729,6.350810884811378,0.142,-0.11398703944922839,223.4561596209762,5878
ZARUSD=X,fx,ZAR/USD,37.960751867276386,-238.22129998502933,-5.35836121353902,0.36880709344781964,0.04559387618101153,986.8212445049483,5.958525956694192,0.232,-0.10088520757719453,139.47361301759253,5880
BRK-B,equities,Berkshire B,37.617677637178325,405.7005683895499,9.273055630377966,0.38016183416768157,0.043524333758214524,843.2162268117715,9.001249926958879,0.692,0.27987660229477007,219.28151559671147,7590
^TYX,rates,30Y Treasury Yield,36.5375048472208,-208.1595218482314,-3.1594705098131866,0.40492383186229675,0.09329071059812999,2135.664641080376,5.794449073118435,0.014,-0.01417949958309313,496.14447237383024,12375
BCH-USD,crypto,Bitcoin Cash,36.41804417856975,-9.193943824395777,-2.9235964371107324,0.37913237348742346,0.04986565461134345,566.3332364766318,5.5868167294655215,0.834,-0.2486289966669894,180.5962520739033,3164
KRWUSD=X,fx,KRW/USD,36.14695763415637,-71.9814471102011,-1.1929000402030099,0.4367207066478568,0.03202497627993254,923.4571226259003,6.3500511895185765,0.62,-0.14648609282337482,131.37086246636443,5864
XLB,equities,Materials SPDR,35.78282591177746,381.82137034478967,8.02827316260723,0.33020380121440596,0.0013912597448716682,902.4195478770259,7.67713866161074,0.156,-0.006631078167784385,120.40232470845575,6928
XLP,equities,Consumer Staples SPDR,35.43753714960934,346.9268741931346,8.122412001802228,0.4597718393758272,0.027888367793344235,1362.9351942301118,5.083147041274736,1.0,0.22223843711533944,273.234462296827,6928
EEM,equities,iShares MSCI Emerging Markets ETF,34.71900327238872,111.93803733128321,4.8800837236297605,0.44810040595789646,0.0053152283619188135,965.979512049352,6.052923407863412,0.792,-0.046080636363432015,171.46712089520628,5847
AUDJPY=X,fx,AUD/JPY,34.09141287958528,21.391635376334538,0.44342258392498457,0.41079547281640527,0.05094444466327186,972.0047279168826,6.05449729921811,0.6,-0.0939280820364631,191.57559640716346,5885
ICLN,equities,iShares Global Clean Energy ETF,33.61331509094057,26.736259517146163,2.961902644243647,0.5596532767105743,0.006933424545297173,622.573935629316,7.289094098378623,1.0,0.11087365638585436,238.41660900137907,4538
UVXY,volatility,ProShares Ultra VIX STF,33.19193264967213,-354.9846172303501,-145.04518536044156,0.5221143464722551,0.018335554594220985,556.5595997749924,6.669546265127218,0.99,0.10913479867777581,184.20939242375232,3712
ITB,equities,iShares US Home Construction ETF,31.763602104210715,121.16352046528405,10.938542187548734,0.5199513565823497,0.0033321881514184314,897.1490663672661,5.65792262433458,0.374,-0.057368853663839245,214.45205046285747,5076
PDBC,commodities,Invesco Diversified Commodity,30.950917834188996,69.21315108554316,6.162409735580483,0.5078717121072183,0.03428817345998227,570.8390617802474,5.138050628233111,0.896,-0.29336315784010364,177.1046169411664,2933
AUDUSD=X,fx,AUD/USD,30.744452362459597,-66.99518408335797,-1.7243959559964341,0.45563698803304326,0.05273207551002094,589.515517830073,8.892047522845699,0.994,0.1751960653452765,256.5808792460465,5242
^FVX,rates,5Y Treasury Yield,30.55437781859016,-102.7278467160912,-2.510750958305811,0.45081322123861806,0.055290370494176524,2324.941353558018,6.944261185466977,0.368,0.3745587348141554,925.7283815549052,16145
SVXY,volatility,ProShares Short VIX STF,29.92991993092079,-5.383044041182624,-1.2605556787216698,0.45435166300118496,0.04830552587483604,548.5994448492648,6.766321101582453,0.668,0.08502209650834013,207.45342053234268,3712
BRLUSD=X,fx,BRL/USD,29.901135124476465,-142.41385684854828,-6.174991604282837,0.5134794023411499,0.03766785693056776,808.7394911297655,6.736409016442906,0.812,0.10287831823176692,268.1171926798059,5448
EFA,equities,iShares MSCI EAFE ETF,29.075219863236857,187.3096153979049,5.320452901880283,0.4289450504479742,0.06997555053449102,876.6281177047638,7.133013274057363,0.248,-0.15120510493416778,219.6956668528064,6253
^TNX,rates,10Y Treasury Yield,28.06115448709594,-101.33715009866341,-1.929345602471463,0.445652741095044,0.06947664719950566,2766.532583783687,5.835824994303542,0.93,0.5057324656834771,940.7749108384534,16145
EURCHF=X,fx,EUR/CHF,28.057197443750447,-231.79609304063666,-2.498838729550689,0.4361953548509762,0.07264889449758906,1053.9000752305433,5.777587594030692,0.966,-0.092849593781427,189.1744351091487,6089
SSO,equities,ProShares Ultra S&P500 2x,26.88158953667935,192.9961764605085,16.860664489151798,0.4651869883849849,0.09886305618827496,905.5099964397754,5.570341597366863,0.076,-0.08550593506274073,261.58989140160406,5044
UDN,fx,Invesco DB USD Bearish,26.571794865663417,-120.50519246776669,-2.0472025069286963,0.45215324050476363,0.060839804093939506,974.2,5.0,0.722,-0.06861652517756608,230.37637884893724,4871
INRUSD=X,fx,INR/USD,25.439894090728476,-292.98103444288637,-3.6062157938386497,0.4452545422874111,0.024365848628605535,908.7117630494424,6.45199087147835,0.752,0.017048049458675187,217.61702020707725,5863
EURGBP=X,fx,EUR/GBP,25.0194800758615,118.06441991925097,1.2767848835251239,0.4404807681227231,0.08640901024645148,1234.2446223445293,5.805980330210157,0.68,0.07124138293344405,280.9696990965045,7166
^IRX,rates,13W T-Bill,25.0,,,,,10.0,1664.4,0.0,,,16644
CL=F,commodities,WTI Crude Futures,25.0,,,,,10.0,649.7,0.0,,,6497
EWY,equities,iShares MSCI South Korea ETF,24.792463712923603,143.89808945199016,6.68556531290561,0.38303602790898283,0.2229160386867995,949.2409146075205,6.929747652859848,0.608,0.06602958136547153,300.90933190449675,6578
SCHP,rates,Schwab TIPS,24.691420471758,146.77116708609574,2.2729507388662182,0.40462869292363,0.1369563038866346,789.5395941482064,5.073843072204462,0.968,-0.36541106632543785,210.773586894539,4006
DIA,equities,SPDR Dow Jones ETF,24.599494517329248,296.9260035786164,8.257787687005509,0.40600758224006134,0.37248390019181177,914.8913924675445,7.828251592446882,0.994,0.3330489527630119,405.2954949342885,7162
MUB,rates,iShares National Muni,24.284956674888843,228.48544711052438,2.9628977689398908,0.41072564987666743,0.12937177722839627,720.4948846354898,6.5760355847592615,0.952,0.17027736503650867,275.96579433066944,4738
MXNUSD=X,fx,MXN/USD,24.231473267242468,-148.25017608738153,-3.2012301757031603,0.41152790099136305,0.24300753966105776,583.6771194329325,10.086055807223477,0.994,0.3208020452863495,334.82677526050674,5887
SI=F,commodities,Silver Futures,24.04067047313806,106.636265315228,7.059461507543707,0.41438994290292913,0.3665169899881765,1158.2439332934653,5.603310160706556,0.95,0.23816916182227962,510.26861339815974,6490
XBI,equities,SPDR S&P Biotech ETF,23.99030993912045,172.6528668278017,11.682289326621397,0.41514535091319327,0.15384771141241427,789.6587426936851,6.5066081361592305,0.978,0.2579665804725244,303.33098226549896,5138
SLV,commodities,iShares Silver,23.773148581990284,36.9774650102083,3.025598249806003,0.41840277127014575,0.500685882986921,414.63456334332,12.2541641464484,1.0,0.3634921615464904,445.631648911496,5081
XLV,equities,Health Care SPDR,23.465504901877583,283.66652756403664,9.075671117792233,0.4230174264718363,0.20681450654107142,917.4262509559177,7.551560676164792,1.0,0.3640228538581574,441.78059256876736,6928
ZC=F,commodities,Corn Futures,23.445605465287585,60.63230478519605,3.077417124888534,0.4063907057471063,0.11664263028097605,1218.0445521463866,5.336422209307512,0.118,0.06744621613052092,391.4974165763003,6500
VTI,equities,Vanguard Total Stock Market ETF,23.324932710521633,314.6359682222448,9.881592185973,0.4631635755732213,0.08732081125631808,868.9492912848359,7.2535878252231845,0.906,0.228447480935756,280.73560178675405,6303
VCLT,rates,Vanguard LT Corp Bond,23.163943577481522,110.22398331421013,4.07102687491965,0.4266757891407169,0.28586654566214387,765.1302585764563,5.464429034317442,0.99,-0.09058666952233627,315.40035144459955,4181
VUG,equities,Vanguard Growth ETF,22.846560711458338,297.39798461629664,12.039821120035626,0.43230158932812496,0.1472971496802949,876.8465526337022,6.438982947519878,0.49,0.15579035303160219,311.41733118157936,5646
XLI,equities,Industrial SPDR,22.76142836982584,272.2359760564311,8.721095636359346,0.43357857445261244,0.1782274649647761,902.4195478770259,7.67713866161074,0.578,0.13662487542338225,376.27213842645244,6928
PPLT,commodities,Aberdeen Platinum,22.493672660539843,-39.996304218648255,-3.1130131530882945,0.4375949100919024,0.4762945738237696,748.4276826922157,5.544957911059325,0.96,0.13757504786009175,398.5092470983984,4150
MTUM,equities,iShares Momentum Factor ETF,22.45020975824425,251.57779140724173,12.797970928846,0.4382468536263363,0.21325437870816627,282.58526794587203,11.773437533329842,1.0,0.2276886885496717,118.75475968714817,3327
UUP,fx,Invesco DB USD Bullish,22.435664959068642,101.7911678799291,1.8602842025234174,0.4471784144465783,0.09709553705579738,394.674709382181,12.341809303223418,0.998,0.4102119547359461,252.51857828506388,4871
XLY,equities,Consumer Discretionary SPDR,22.238444879127194,274.8679787479408,10.231372764423313,0.4414233268130921,0.10322586122069205,917.4262509559177,7.551560676164792,0.95,0.3207133080975556,370.03014840556756,6928
PALL,commodities,Aberdeen Palladium,22.1809292651606,57.961821665363125,6.4482501878857414,0.44228606102259105,0.42106308503025747,748.4276826922157,5.544957911059325,1.0,-0.315938966214299,338.8165763559811,4150
BNB-USD,crypto,BNB,22.15239326288244,115.5838586084304,42.4614590332486,0.4961666590835202,0.08218248065774775,632.8,5.0,0.996,-0.1574512037562728,296.621838007084,3164
LINK-USD,crypto,Chainlink,22.13343880757511,60.02564417303583,28.818265698972294,0.44299841788637334,0.4186084781339167,550.8374317157169,5.743981468624879,1.0,-0.14322641250872267,359.4058570368106,3164
EURUSD=X,fx,EUR/USD,22.038530548064873,-73.17342182850045,-1.041829013069525,0.44886231482099387,0.030877510649972444,938.5953094339391,6.249764878473288,0.924,0.007531496958695939,147.23488976276676,5866
SGDUSD=X,fx,SGD/USD,21.90420588213684,56.559797911858375,0.7512505638238803,0.4464369117679474,0.2053528170020985,417.06442577255086,14.09374580225073,1.0,0.6489658954855392,491.2213519482061,5878
CADUSD=X,fx,CAD/USD,21.85242069908151,-56.971841609436105,-1.0274210833106296,0.475660365311316,0.09051777473415379,995.5490103012016,5.960530258781211,1.0,0.10339561725635951,321.07225122954907,5934
EWZ,equities,iShares MSCI Brazil ETF,21.679122547283278,66.41816243734921,5.574646334035612,0.44981316179075087,0.3494933596083535,560.0511061073464,11.66857797214567,1.0,0.5699730462437678,631.8524627504571,6535
XOM,equities,ExxonMobil,21.67383896415788,669.2632758990342,12.162143047953936,0.4498924155376318,0.47758021543152473,3247.6,5.0,0.998,0.7044503810029684,1299.5078205538334,16238
IEI,rates,iShares 3-7Y Treasury,21.582857158037758,141.47347404834184,2.1301673635803717,0.5707507212782124,0.06132780469713491,980.8,5.0,0.928,-0.077519507185259,400.95061163110347,4904
JO,commodities,iPath Coffee,21.494099344802088,25.89301577497446,8.201200052697493,0.4525885098279687,0.12198414506897037,222.11485075569672,6.244517173349908,0.974,0.1808081148564654,94.59261806025627,1387
MSFT,equities,Microsoft,21.455126677390247,283.3813924077594,17.49215839964985,0.5415030297769444,0.07055669002073399,1926.3045913294088,5.273828472260934,0.984,0.5628344259500058,882.3679676356542,10159
ATOM-USD,crypto,Cosmos,21.32279557314316,-9.985914260767291,-4.80636545336662,0.4551580664028526,0.46380741790731994,199.7461775621471,13.386989591668344,1.0,0.6176887132233552,288.4310886491651,2674
GC=F,commodities,Gold Futures,21.261544620141766,192.0568540876237,8.600297827128808,0.4560768306978736,0.5004560387085877,1120.8166940462206,5.788636120843187,0.95,0.29972825758467136,782.7838392399184,6488
VCSH,rates,Vanguard ST Corp Bond,21.222352606059278,271.907415660403,2.3794503848851978,0.45666471090911087,0.2841112075847124,536.335117121784,7.795499243900213,1.0,-0.584128462960184,294.89925627321946,4181
JNK,rates,SPDR HY Bond,21.11050006695173,186.8955118230323,5.035156584935651,0.3101321401085975,0.08652592767341993,893.9503283966237,5.232952940898174,0.31,-0.013895597976797349,258.2997568104706,4678
VCIT,rates,Vanguard IT Corp Bond,20.937109463163377,176.38784089628774,3.4923510794706036,0.4609433580525494,0.11099329130118052,776.5412103747908,5.384131510524827,1.0,-0.2741964874221447,306.0148241289848,4181
XLC,equities,Comms SPDR,20.386886133981434,78.67897351957656,11.893669459910098,0.4691967079902785,0.3530559718217918,316.17894651311235,6.404601009435082,1.0,-0.36809080729459837,170.63384266817727,2025
WEAT,commodities,Teucrium Wheat,20.31302584427033,-96.28699573315771,-9.70019859329341,0.4703046123359451,0.23759925997587966,504.5294294465478,7.379153291581045,1.0,0.3499719149666899,309.8850992139585,3723
BITB,crypto,Bitwise Bitcoin ETF,19.8933183819922,12.015915600759662,15.549675785679987,0.47660022427011706,0.3808570173035126,74.66648311117663,8.37055629189592,0.706,0.37290736555108556,83.25712065026717,625
IBIT,crypto,iShares Bitcoin Trust ETF,19.86259256230128,11.963580999056557,15.480663485276658,0.47706111156548087,0.3804427060284536,74.66648311117663,8.37055629189592,0.706,0.3730558005369863,82.15029895276821,625
FBTC,crypto,Fidelity Bitcoin ETF,19.858753549940452,11.99147779751122,15.524704415305946,0.47711869675089325,0.3794637158154117,74.66648311117663,8.37055629189592,0.706,0.3730972656810008,82.6059299431563,625
HG=F,commodities,Copper Futures,19.75325508780272,91.93090081548651,5.717038113046376,0.4787011736829592,0.31027257370185846,907.7554133284215,7.1528077989559335,0.966,0.1704683366967384,622.3615047680485,6493
AAPL,equities,Apple,19.577804610944867,329.8761497835649,19.09637811580303,0.48133293083582707,0.18937813396258746,1539.6786435885012,7.459348772437421,1.0,0.5708545980657238,1034.9688485104552,11485
DOGE-USD,crypto,Dogecoin,19.52077409532813,77.70467243509806,41.666946205498675,0.48218838857007806,0.34219900676121123,632.8,5.0,0.83,-0.30773011334135053,470.64004173317755,3164
JPYUSD=X,fx,JPY/USD,19.509815955871833,-20.7499372746695,-0.42297419981723144,0.4823527606619225,0.6346134185953025,1415.598542367872,5.439395258997801,0.988,0.23286870837725437,827.924309191959,7700
BNO,commodities,US Brent Oil Fund,19.44000335931199,-9.813811393414198,-1.400107234889763,0.4833999496103202,0.6443592615163902,612.7882902470368,6.61076600919854,1.0,0.16192491562266378,679.0120921540823,4051
META,equities,Meta Platforms,19.358171153326474,149.70480882593338,20.438843008794866,0.4846274327001029,0.19713864352224536,490.7241840126122,7.244395356534195,0.93,-0.1441818493868585,241.5262650075047,3555
LQD,rates,iShares IG Corp Bond,19.27776985987923,280.1826528851314,4.431613355133872,0.4265877988659781,0.2344881130695527,1205.0,5.0,0.998,0.05580604032342472,353.0797584248497,6025
BTC-USD,crypto,Bitcoin,19.26850896525117,173.93126649791637,36.27096508849542,0.4859723655212325,0.6043025733975826,669.4940304039741,6.4421784274872875,0.83,-0.15680156531858777,703.9766012374483,4313
SOXX,equities,iShares Semiconductor ETF,19.04508307979856,167.73695053172733,13.303328910914994,0.4893237538030217,0.5061475726899556,1197.3008773430117,5.248471891163337,0.998,0.41774457560618694,669.0303040407483,6284
ZROZ,rates,PIMCO 25Y+ Zero Coupon,18.93567564438617,27.52880639751875,2.4033570366242984,0.48147779547916614,0.6148451859911792,756.1760888319499,5.546327187465539,0.998,0.08696688737958422,519.2563917214535,4194
GBTC,crypto,Grayscale Bitcoin Trust,18.88392831143054,100.55651014184087,43.163003097417686,0.49174107532854194,0.39497538444947017,379.97080004806634,7.390041549626413,0.902,-0.19949108012807468,296.7131429015514,2808
NVDA,equities,NVIDIA,18.822841672390755,179.79930353812125,25.930278117642736,0.4926573749141387,0.6473614401262765,1210.917540308628,5.704764998481523,1.0,0.3322716760960978,1223.3219559301135,6908
LTC-USD,crypto,Litecoin,18.703840116321622,65.07666858924583,19.959890630469467,0.4944423982551757,0.6276833870348032,669.4940304039741,6.4421784274872875,0.584,0.1615627104606123,676.3883917501635,4313
XLE,equities,Energy SPDR,18.685291813120013,158.79190094898064,6.593893349437637,0.4355809068878503,0.11919540642894133,1385.6,5.0,0.622,0.05207547900052578,317.26664953667057,6928
ADA-USD,crypto,Cardano,18.676795051265543,34.5998464102386,16.430145222761297,0.4948480742310169,0.16183667557429215,632.8,5.0,0.974,-0.4229719076173407,419.11565255514915,3164
ETH-USD,crypto,Ethereum,18.610413053337936,67.1685361743454,23.957155280332472,0.49584380419993096,0.4462919029597753,453.6106146447055,6.975145417349263,0.972,-0.26076139002345883,422.16644211399057,3164
TLT,rates,iShares 20Y+ Treasury,18.598798421670935,127.6890469609164,4.312870055973491,0.496018023674936,0.6297411827953082,947.5228749146788,6.35868553626479,0.996,0.14761957847712243,711.0529773661167,6025
XLF,equities,Financial SPDR,18.562247400242317,91.55693541665046,4.780231992815331,0.4965662889963653,0.5453660336661923,902.4195478770259,7.67713866161074,0.954,0.3439152796421754,575.0733079479414,6928
QQQ,equities,Invesco Nasdaq-100 ETF,18.310047426689536,174.19186639143552,11.292263014653383,0.500349288599657,0.31529790856521955,1287.5347594959492,5.340438344897075,0.806,0.19328498582587586,729.4578366489548,6876
DJP,commodities,iPath Bloomberg Commodity,18.20550129077177,-42.35113112179689,-2.80706515969954,0.5019174806384235,0.8416195169938063,917.3226088340274,5.399409054460746,0.402,0.23594498516140966,1578.5175719110498,4953
THBUSD=X,fx,THB/USD,18.199515277250196,25.001819546403308,0.3903451021659324,0.46853018482263786,0.18896660531246767,1173.0,5.0,0.962,-0.06535540955654938,205.91836826127235,5865
AGG,rates,iShares Core US Aggregate,18.15844003280036,217.66551186618005,3.084163708039498,0.5026233995079946,0.5460301979807461,1146.2,5.0,0.998,0.13971579947464222,669.923072563381,5731
UNG,commodities,US Natural Gas Fund,18.030451147557624,-251.538647281196,-29.36969317595089,0.4272596049944051,0.08420666309252439,910.1885473203657,5.315382196626491,0.302,0.03769816613533024,254.45216616238665,4838
IEF,rates,iShares 7-10Y Treasury,17.81040005928215,180.0253524792212,3.5422389783679926,0.5078439991107678,0.6002041033760961,962.8298064428494,6.257596056627299,0.998,0.2537609560033625,864.0515507979719,6025
SPY,equities,SPDR S&P 500 ETF,17.637224366994218,298.9517531234186,8.462093174900785,0.5104416344950867,0.6317268076100446,1683.6,5.0,0.886,0.2817652902038081,732.9746404086006,8418
CANE,commodities,Teucrium Sugar,17.5597458587743,-30.958850865735187,-3.5979736572929744,0.5116038121183856,0.2789484831478114,591.2256093109119,6.29708852486828,0.918,0.28317812377080953,408.89823354161837,3723
SOYB,commodities,Teucrium Soybean,17.448407982172494,8.845925000604455,0.6363903652965207,0.5132738802674126,0.44377990780915894,574.4232545181104,6.4812835669810465,1.0,0.16054718501868434,353.17949982882953,3723
TMF,rates,Direxion 20Y+ Treasury Bull 3x,17.396469710435262,-14.923623651098929,-2.767828504490605,0.5140529543434711,0.7003694079936392,769.4240264519657,5.634084524225121,1.0,0.10803272832799371,842.3524002448261,4335
HYG,rates,iShares HY Corp Bond,17.395405265658486,228.64171367976178,5.022115015742768,0.3384338040129257,0.12905855158899426,897.2869398455135,5.397381578777712,0.406,-0.018537692993775428,212.09102005464104,4843
TSLA,equities,Tesla,17.333480408085993,207.50333158782502,37.65258093559763,0.5149977938787101,0.26083382252829523,806.4,5.0,0.818,-0.4495589727266455,315.53164513631697,4032
GSG,commodities,iShares GSCI,17.285211346745108,-59.271800924633894,-4.6853945776762895,0.5157218297988234,0.7374601212431868,901.8281105548136,5.569797549235631,0.622,0.12968249256117473,1022.2170276592368,5023
EMB,rates,iShares EM Bond,17.276316439926347,139.4538108031422,4.018994424498155,0.39865406631421774,0.1298052260896383,891.8693311487621,5.2328293360964935,0.974,-0.04123726806590804,314.3209446989745,4667
MBB,rates,iShares MBS,17.04168696714598,129.70289652816805,2.0439796671492303,0.5193746954928103,0.1758893418918458,957.2349604251289,5.077123382373715,1.0,-0.08614289860381295,438.4780463067818,4860
AVAX-USD,crypto,Avalanche,16.951014459187917,-4.039067673523339,-2.7267538733846024,0.5207347831121812,0.13654763087574262,333.86492120610984,6.343883006182801,0.452,-0.369137309594883,190.14997616893052,2118
XLK,equities,Technology SPDR,16.830493666286802,141.50794295988752,10.266568891923514,0.522542595005698,0.5073966536480635,1275.9231942515282,5.429793918014044,0.98,0.27341133058653394,1109.6742372708638,6928
DBC,commodities,Invesco DB Commodity,16.4532216378049,-15.295802046350673,-0.9660912843383425,0.5282016754329265,0.709029423947715,893.8559130999008,5.748130011448229,0.792,0.16859387591260191,973.8805812935739,5138
CPER,commodities,US Copper Index Fund,16.00126252576951,31.886234775198556,2.660100186140573,0.4866422049020957,0.36024867602749133,568.4761925166281,6.476964292382922,0.988,0.07608410764799915,166.26245623993435,3682
VIXM,volatility,ProShares VIX MTF,15.99317095188393,-118.47893219782523,-17.008603559475464,0.5351024357217411,0.3660605454415894,574.5244800812384,6.789963065539687,1.0,0.16558765366571207,423.24799125662,3901
TBT,rates,ProShares UltraShort 20Y+,15.882698468257658,-88.94858378048477,-10.857958934633421,0.5367595229761352,0.6237281733934067,616.0946724012978,7.403083007069341,1.0,0.25991077475378827,789.4800099466377,4561
BND,rates,Vanguard Total Bond,15.792897790613193,160.06218749987215,2.6040426465569277,0.5381065331408021,0.28295179705457596,939.6114125901005,5.155322652634876,1.0,-0.14092710719975737,415.06693582011576,4844
TBF,rates,ProShares Short 20Y+,15.619968413861404,-50.564251201388984,-3.5093778205418316,0.540700473792079,0.7349595292853086,765.5068715005059,5.547958036843296,1.0,0.10206611953576335,915.2438263736713,4247
ARKK,equities,ARK Innovation ETF,15.00597867535271,52.31256730657646,11.698351993091329,0.5499103198697094,0.4737548244821258,587.6,5.0,1.0,-0.2052463200469873,389.97805134530597,2938
MATIC-USD,crypto,Polygon,15.0,46.19724208213641,51.913140371647806,0.5516399402529496,0.8707623807713909,254.33401369134427,8.48490521845385,1.0,0.43535587130846043,571.71027494327,2158
DOT-USD,crypto,Polkadot,15.0,-52.04467307865335,-26.738629310862088,0.5621037697227358,0.1857842061417621,338.43888162449997,6.34974323778888,0.44,-0.3747546711347033,112.9652433471388,2149
SHY,rates,iShares 1-3Y Treasury,15.0,216.67652178105928,1.646952402911158,0.6249554161373834,0.4955711950052777,1026.5705895826418,5.869055728987423,1.0,0.18653440743883015,1414.9805429749508,6025
SOL-USD,crypto,Solana,15.0,47.78269292010593,42.320108611075945,0.5946838923448146,0.2164601834878201,198.82424881361365,11.472443696434166,0.996,0.40842236806299237,362.5263339623348,2281
CNYUSD=X,fx,CNY/USD,15.0,45.66872445866534,0.650434325924002,0.5921006121532364,0.5225538195740524,1137.772568279274,5.509009598886266,1.0,0.40600199119137603,1038.60648432296,6268
TIP,rates,iShares TIPS,14.895387095593925,239.94569832439294,3.291616203075678,0.4488534281418105,0.27859993115515497,1136.6,5.0,0.876,0.04239127211145617,399.1330178465846,5683
VTV,equities,Vanguard Value ETF,13.99918746581178,260.4446632615637,8.977892062439894,0.44102868131945117,0.21206237263433675,905.0123541023586,6.238588870535382,0.654,0.03513311517067043,292.93695433901536,5646
EWJ,equities,iShares MSCI Japan ETF,13.997135467230382,109.78077778476538,2.972054780135954,0.47518140129930614,0.07938326530172662,890.6571642966159,8.563339863799689,0.196,0.021930683293496518,291.0049370699973,7627
UGA,commodities,US Gasoline Fund,12.081994357626977,17.400318026555592,1.906329526774667,0.41287368762279036,0.2190152222409263,924.0,5.0,0.97,0.016956955881856778,500.9784671123096,4620
TLH,rates,iShares 10-20Y Treasury,10.657461365038278,74.08697794166783,2.686900895405995,0.5158242117948716,0.49358810778284706,936.6946604133461,5.235430719585778,1.0,0.04690368225961215,615.7199638082236,4904
EDV,rates,Vanguard Extended Duration Treasury,9.51983274775204,48.13607712012735,3.364761794584551,0.49596002429667174,0.5350318308152114,928.2,5.0,1.0,0.034048200269385626,528.0209785923428,4641
USO,commodities,US Oil Fund (WTI),9.131961852779348,-124.27050982173681,-12.276586973191932,0.5055342934372935,0.12093633437776258,914.2749498434399,5.571628098169259,0.54,-0.033874390351920136,618.7578185036801,5094
GLD,commodities,SPDR Gold,7.791433678731599,123.3911186404642,6.542069799146176,0.5034284433455383,0.43383636349680516,1088.6,5.0,0.526,0.02490179467289296,640.68798308935,5443
EURJPY=X,fx,EUR/JPY,7.4042325836050065,20.12277742349679,0.48246811798506656,0.5001490984812543,0.5073734360726387,957.3789691008368,6.362161898877538,0.99,-0.020497044508222883,623.8846349721033,6091
IAU,commodities,iShares Gold,6.051311609388385,123.5134662820646,6.572277052722521,0.5096036573609846,0.3771169812941635,1079.0,5.0,0.572,0.017922548234233338,591.1930023841148,5395
CORN,commodities,Teucrium Corn,5.994677599593007,-57.15995609413602,-5.178138762350077,0.5489444392920044,0.4428953602434169,809.2,5.0,1.0,-0.03650990266905022,469.77083876242915,4046
GBPJPY=X,fx,GBP/JPY,4.962721465394582,-12.808061812265379,-0.4498114964388438,0.5285899718947225,0.7515808383615628,941.0353793370916,6.250562018341489,0.992,-0.018070094612527916,1099.6802757495243,5882
