signal_date,gcf_price,n_bull_firing,n_bear_firing,sum_bull_wt,sum_bear_wt,n_joint_bull,n_joint_bear,net_score,signal,gcf_ret_21d,gcf_positive_21d,status_21d,gcf_ret_63d,gcf_positive_63d,status_63d,gcf_ret_126d,gcf_positive_126d,status_126d,gcf_ret_252d,gcf_positive_252d,status_252d
2025-01-01,,0,0,0.0,0.0,0,0,0.0,NEUTRAL,,,PENDING,,,PENDING,,,PENDING,,,PENDING
2025-01-02,2658.9,862,1,11683.624,9.411,36,0,0.9984,BULLISH,3.844,1,RESOLVED,9.251,1,RESOLVED,21.498,1,RESOLVED,31.322,1,RESOLVED
2025-01-03,2645.0,985,1,13110.091,9.411,53,0,0.9986,BULLISH,4.881,1,RESOLVED,9.366,1,RESOLVED,23.192,1,RESOLVED,32.189,1,RESOLVED
2025-01-04,,0,0,0.0,0.0,0,0,0.0,NEUTRAL,,,PENDING,,,PENDING,,,PENDING,,,PENDING
2025-01-05,,0,0,0.0,0.0,0,0,0.0,NEUTRAL,,,PENDING,,,PENDING,,,PENDING,,,PENDING
2025-01-06,2638.4,535,1,6860.838,9.411,10,0,0.9973,BULLISH,3.687,1,RESOLVED,9.143,1,RESOLVED,19.921,1,RESOLVED,33.334,1,RESOLVED
2025-01-07,2656.7,823,0,11285.382,0.0,36,0,1.0,BULLISH,4.061,1,RESOLVED,9.206,1,RESOLVED,19.858,1,RESOLVED,32.824,1,RESOLVED
2025-01-08,2664.5,775,0,10798.298,0.0,36,0,1.0,BULLISH,3.851,1,RESOLVED,9.809,1,RESOLVED,17.73,1,RESOLVED,32.339,1,RESOLVED
2025-01-09,2683.8,0,0,0.0,0.0,0,0,0.0,NEUTRAL,5.057,1,RESOLVED,10.613,1,RESOLVED,18.236,1,RESOLVED,30.577,1,RESOLVED
2025-01-10,2708.5,775,1,10798.298,8.498,36,0,0.9984,BULLISH,3.768,1,RESOLVED,10.038,1,RESOLVED,16.111,1,RESOLVED,30.421,1,RESOLVED
2025-01-11,,0,0,0.0,0.0,0,0,0.0,NEUTRAL,,,PENDING,,,PENDING,,,PENDING,,,PENDING
2025-01-12,,0,0,0.0,0.0,0,0,0.0,NEUTRAL,,,PENDING,,,PENDING,,,PENDING,,,PENDING
2025-01-13,2673.5,650,2,9132.198,15.068,26,0,0.9967,BULLISH,5.827,1,RESOLVED,11.522,1,RESOLVED,18.875,1,RESOLVED,33.588,1,RESOLVED
2025-01-14,2677.5,892,1,12142.18,8.498,55,0,0.9986,BULLISH,6.359,1,RESOLVED,12.536,1,RESOLVED,20.305,1,RESOLVED,34.5,1,RESOLVED
2025-01-15,2712.5,952,23,12743.35,185.949,55,0,0.9712,BULLISH,5.7,1,RESOLVED,11.264,1,RESOLVED,19.887,1,RESOLVED,31.91,1,RESOLVED
2025-01-16,2746.4,839,0,11625.555,0.0,53,0,1.0,BULLISH,3.913,1,RESOLVED,10.157,1,RESOLVED,18.13,1,RESOLVED,30.797,1,RESOLVED
2025-01-17,2744.3,1105,1,14537.447,8.498,55,0,0.9988,BULLISH,4.384,1,RESOLVED,9.513,1,RESOLVED,20.349,1,RESOLVED,31.895,1,RESOLVED
2025-01-18,,0,0,0.0,0.0,0,0,0.0,NEUTRAL,,,PENDING,,,PENDING,,,PENDING,,,PENDING
2025-01-19,,0,0,0.0,0.0,0,0,0.0,NEUTRAL,,,PENDING,,,PENDING,,,PENDING,,,PENDING
2025-01-20,,0,0,0.0,0.0,0,0,0.0,NEUTRAL,,,PENDING,,,PENDING,,,PENDING,,,PENDING
2025-01-21,2755.0,985,1,13130.141,8.498,36,0,0.9987,BULLISH,5.559,1,RESOLVED,9.306,1,RESOLVED,18.023,1,RESOLVED,33.226,1,RESOLVED
2025-01-22,2767.6,715,4,10139.549,34.489,36,0,0.9932,BULLISH,4.983,1,RESOLVED,8.757,1,RESOLVED,17.4,1,RESOLVED,33.463,1,RESOLVED
2025-01-23,2763.1,748,27,10494.552,231.511,36,0,0.9568,BULLISH,5.725,1,RESOLVED,10.213,1,RESOLVED,18.274,1,RESOLVED,32.904,1,RESOLVED
2025-01-24,2777.3,883,26,12072.046,224.319,53,0,0.9635,BULLISH,3.756,1,RESOLVED,10.556,1,RESOLVED,16.907,1,RESOLVED,33.456,1,RESOLVED
2025-01-25,,0,0,0.0,0.0,0,0,0.0,NEUTRAL,,,PENDING,,,PENDING,,,PENDING,,,PENDING
2025-01-26,,0,0,0.0,0.0,0,0,0.0,NEUTRAL,,,PENDING,,,PENDING,,,PENDING,,,PENDING
2025-01-27,2737.5,424,7,5848.766,53.504,26,0,0.9819,BULLISH,,,PENDING,13.168,1,RESOLVED,20.805,1,RESOLVED,36.629,1,RESOLVED
2025-01-28,2766.8,517,12,7120.405,98.191,20,0,0.9728,BULLISH,5.786,1,RESOLVED,11.979,1,RESOLVED,19.133,1,RESOLVED,36.274,1,RESOLVED
2025-01-29,2769.1,967,9,12639.239,78.487,45,0,0.9877,BULLISH,5.286,1,RESOLVED,12.567,1,RESOLVED,19.743,1,RESOLVED,37.854,1,RESOLVED
2025-01-30,2823.0,719,9,10224.937,78.487,53,0,0.9848,BULLISH,4.061,1,RESOLVED,9.263,1,RESOLVED,17.137,1,RESOLVED,33.498,1,RESOLVED
2025-01-31,2812.5,349,3,4897.789,25.992,0,0,0.9894,BULLISH,4.352,1,RESOLVED,6.853,1,RESOLVED,16.67,1,RESOLVED,34.618,1,RESOLVED
2025-02-01,,0,0,0.0,0.0,0,0,0.0,NEUTRAL,,,PENDING,,,PENDING,,,PENDING,,,PENDING
2025-02-02,,0,0,0.0,0.0,0,0,0.0,NEUTRAL,,,PENDING,,,PENDING,,,PENDING,,,PENDING
2025-02-03,2833.9,471,3,6416.606,25.992,26,0,0.9919,BULLISH,3.944,1,RESOLVED,4.059,1,RESOLVED,16.195,1,RESOLVED,37.143,1,RESOLVED
2025-02-04,2853.3,361,4,5126.838,32.905,26,0,0.9872,BULLISH,1.779,1,RESOLVED,3.955,1,RESOLVED,15.176,1,RESOLVED,37.191,1,RESOLVED
2025-02-05,2871.6,361,1,5126.838,6.913,26,0,0.9973,BULLISH,1.562,1,RESOLVED,6.24,1,RESOLVED,14.549,1,RESOLVED,37.47,1,RESOLVED
2025-02-06,2856.0,301,4,4309.56,32.905,20,0,0.9848,BULLISH,0.948,1,RESOLVED,9.963,1,RESOLVED,16.872,1,RESOLVED,40.458,1,RESOLVED
2025-02-07,2867.3,196,4,2808.872,32.905,0,0,0.9768,BULLISH,-1.069,0,RESOLVED,11.669,1,RESOLVED,17.954,1,RESOLVED,37.931,1,RESOLVED
2025-02-08,,0,1,0.0,6.913,0,0,-1.0,BEARISH,,,PENDING,,,PENDING,,,PENDING,,,PENDING
2025-02-09,,0,1,0.0,6.913,0,0,-1.0,BEARISH,,,PENDING,,,PENDING,,,PENDING,,,PENDING
2025-02-10,2914.3,211,0,2956.752,0.0,0,0,1.0,BULLISH,-0.83,0,RESOLVED,9.502,1,RESOLVED,15.309,1,RESOLVED,39.741,1,RESOLVED
2025-02-11,2912.5,196,0,2808.872,0.0,0,0,1.0,BULLISH,-0.1,0,RESOLVED,9.997,1,RESOLVED,15.081,1,RESOLVED,33.897,1,RESOLVED
2025-02-12,2909.0,502,0,6573.56,0.0,39,0,1.0,BULLISH,0.216,1,RESOLVED,13.414,1,RESOLVED,15.296,1,RESOLVED,32.952,1,RESOLVED
2025-02-13,2925.9,361,0,5126.838,0.0,26,0,1.0,BULLISH,-0.318,0,RESOLVED,12.295,1,RESOLVED,,,PENDING,34.359,1,RESOLVED
2025-02-14,2883.6,331,0,4386.366,0.0,17,0,1.0,BULLISH,0.729,1,RESOLVED,,,PENDING,15.531,1,RESOLVED,35.643,1,RESOLVED
2025-02-15,,0,0,0.0,0.0,0,0,0.0,NEUTRAL,,,PENDING,,,PENDING,,,PENDING,,,PENDING
2025-02-16,,0,0,0.0,0.0,0,0,0.0,NEUTRAL,,,PENDING,,,PENDING,,,PENDING,,,PENDING
2025-02-17,,0,0,0.0,0.0,0,0,0.0,NEUTRAL,,,PENDING,,,PENDING,,,PENDING,,,PENDING
2025-02-18,2931.6,97,0,1391.521,0.0,0,0,1.0,BULLISH,-0.64,0,RESOLVED,14.846,1,RESOLVED,12.363,1,RESOLVED,30.226,1,RESOLVED
2025-02-19,2919.4,268,2,3348.042,16.126,19,0,0.9904,BULLISH,0.673,1,RESOLVED,11.534,1,RESOLVED,13.072,1,RESOLVED,31.083,1,RESOLVED
2025-02-20,2940.0,565,7,7602.32,64.0,19,0,0.9833,BULLISH,1.496,1,RESOLVED,12.516,1,RESOLVED,12.561,1,RESOLVED,30.821,1,RESOLVED
2025-02-21,2937.6,193,0,2801.749,0.0,0,0,1.0,BULLISH,1.918,1,RESOLVED,11.098,1,RESOLVED,10.833,1,RESOLVED,30.424,1,RESOLVED
2025-02-22,,0,0,0.0,0.0,0,0,0.0,NEUTRAL,,,PENDING,,,PENDING,,,PENDING,,,PENDING
2025-02-23,,0,0,0.0,0.0,0,0,0.0,NEUTRAL,,,PENDING,,,PENDING,,,PENDING,,,PENDING
2025-02-24,2947.9,163,2,2363.719,15.09,3,0,0.9873,BULLISH,1.752,1,RESOLVED,12.263,1,RESOLVED,11.113,1,RESOLVED,30.528,1,RESOLVED
2025-02-25,2904.5,103,1,1446.712,6.716,0,0,0.9908,BULLISH,4.398,1,RESOLVED,13.334,1,RESOLVED,13.872,1,RESOLVED,30.687,1,RESOLVED
2025-02-26,2916.8,102,2,1437.238,14.925,0,0,0.9794,BULLISH,4.002,1,RESOLVED,12.495,1,RESOLVED,13.788,1,RESOLVED,31.087,1,RESOLVED
2025-02-27,2883.2,1,1,9.474,6.47,0,0,0.1884,BULLISH,5.296,1,RESOLVED,10.737,1,RESOLVED,14.455,1,RESOLVED,32.236,1,RESOLVED
2025-02-28,2836.8,168,5,2047.574,39.016,17,0,0.9626,BULLISH,6.198,1,RESOLVED,13.039,1,RESOLVED,16.105,1,RESOLVED,34.347,1,RESOLVED
2025-03-01,,0,0,0.0,0.0,0,0,0.0,NEUTRAL,,,PENDING,,,PENDING,,,PENDING,,,PENDING
2025-03-02,,0,0,0.0,0.0,0,0,0.0,NEUTRAL,,,PENDING,,,PENDING,,,PENDING,,,PENDING
2025-03-03,2890.2,133,9,1782.372,69.015,0,0,0.9254,BULLISH,4.164,1,RESOLVED,13.602,1,RESOLVED,14.231,1,RESOLVED,35.254,1,RESOLVED
2025-03-04,2909.6,202,6,2243.328,42.373,17,0,0.9629,BULLISH,3.847,1,RESOLVED,15.911,1,RESOLVED,12.803,1,RESOLVED,34.463,1,RESOLVED
2025-03-05,2915.3,633,0,8081.523,0.0,19,0,1.0,BULLISH,3.558,1,RESOLVED,14.832,1,RESOLVED,12.746,1,RESOLVED,36.616,1,RESOLVED
2025-03-06,2916.6,216,5,3093.43,39.016,0,0,0.9751,BULLISH,4.806,1,RESOLVED,12.247,1,RESOLVED,12.876,1,RESOLVED,36.154,1,RESOLVED
2025-03-07,2904.7,109,4,1529.372,31.921,0,0,0.9591,BULLISH,6.071,1,RESOLVED,13.826,1,RESOLVED,14.442,1,RESOLVED,34.163,1,RESOLVED
2025-03-08,,0,0,0.0,0.0,0,0,0.0,NEUTRAL,,,PENDING,,,PENDING,,,PENDING,,,PENDING
2025-03-09,,0,0,0.0,0.0,0,0,0.0,NEUTRAL,,,PENDING,,,PENDING,,,PENDING,,,PENDING
2025-03-10,2891.0,1,8,9.474,58.01,0,0,-0.7192,BEARISH,7.713,1,RESOLVED,10.778,1,RESOLVED,14.781,1,RESOLVED,34.162,1,RESOLVED
2025-03-11,2912.9,215,0,2302.956,0.0,19,0,1.0,BULLISH,6.833,1,RESOLVED,10.652,1,RESOLVED,13.376,1,RESOLVED,33.235,1,RESOLVED
2025-03-12,2939.1,4,1,35.644,7.722,0,0,0.6439,BULLISH,6.609,1,RESOLVED,7.922,1,RESOLVED,13.16,1,RESOLVED,32.743,1,RESOLVED
2025-03-13,2984.3,0,1,0.0,7.025,0,0,-1.0,BEARISH,3.707,1,RESOLVED,7.623,1,RESOLVED,11.264,1,RESOLVED,30.696,1,RESOLVED
2025-03-14,2994.5,496,0,6161.364,0.0,19,0,1.0,BULLISH,0.583,1,RESOLVED,6.073,1,RESOLVED,11.308,1,RESOLVED,30.851,1,RESOLVED
2025-03-15,,0,0,0.0,0.0,0,0,0.0,NEUTRAL,,,PENDING,,,PENDING,,,PENDING,,,PENDING
2025-03-16,,0,1,0.0,7.025,0,0,-1.0,BEARISH,,,PENDING,,,PENDING,,,PENDING,,,PENDING
2025-03-17,3000.0,321,15,4248.437,124.207,0,0,0.9432,BULLISH,-1.637,0,RESOLVED,7.353,1,RESOLVED,12.572,1,RESOLVED,31.04,1,RESOLVED
2025-03-18,3035.1,78,17,743.208,138.848,0,0,0.6852,BULLISH,-2.222,0,RESOLVED,7.769,1,RESOLVED,12.499,1,RESOLVED,31.026,1,RESOLVED
2025-03-19,3035.9,530,2,6501.82,15.4,19,0,0.9953,BULLISH,0.676,1,RESOLVED,8.623,1,RESOLVED,11.153,1,RESOLVED,31.626,1,RESOLVED
2025-03-20,3040.0,271,20,3529.356,167.274,0,0,0.9095,BULLISH,3.719,1,RESOLVED,7.973,1,RESOLVED,10.335,1,RESOLVED,,,PENDING
2025-03-21,3018.2,109,18,1529.372,151.551,0,0,0.8197,BULLISH,6.54,1,RESOLVED,10.835,1,RESOLVED,9.951,1,RESOLVED,33.477,1,RESOLVED
2025-03-22,,0,4,0.0,28.216,0,0,-1.0,BEARISH,,,PENDING,,,PENDING,,,PENDING,,,PENDING
2025-03-23,,0,4,0.0,28.216,0,0,-1.0,BEARISH,,,PENDING,,,PENDING,,,PENDING,,,PENDING
2025-03-24,3013.1,124,36,1190.549,299.991,0,0,0.5975,BULLISH,6.168,1,RESOLVED,,,PENDING,9.371,1,RESOLVED,34.143,1,RESOLVED
2025-03-25,3023.7,79,9,758.3,72.21,0,0,0.8261,BULLISH,6.25,1,RESOLVED,8.717,1,RESOLVED,9.451,1,RESOLVED,32.541,1,RESOLVED
2025-03-26,3020.9,73,8,703.109,58.863,0,0,0.8455,BULLISH,9.64,1,RESOLVED,8.643,1,RESOLVED,8.709,1,RESOLVED,32.936,1,RESOLVED
2025-03-27,3060.2,117,10,1292.793,75.859,17,0,0.8891,BULLISH,7.808,1,RESOLVED,8.061,1,RESOLVED,7.338,1,RESOLVED,31.941,1,RESOLVED
2025-03-28,3086.5,40,8,405.855,60.137,0,0,0.7419,BULLISH,,,PENDING,6.352,1,RESOLVED,8.124,1,RESOLVED,31.111,1,RESOLVED
2025-03-29,,0,4,0.0,28.216,0,0,-1.0,BEARISH,,,PENDING,,,PENDING,,,PENDING,,,PENDING
2025-03-30,,0,9,0.0,68.014,0,0,-1.0,BEARISH,,,PENDING,,,PENDING,,,PENDING,,,PENDING
2025-03-31,3122.8,64,11,740.768,83.05,0,0,0.7984,BULLISH,8.687,1,RESOLVED,7.636,1,RESOLVED,7.749,1,RESOLVED,29.33,1,RESOLVED
2025-04-01,3118.9,214,1,2288.782,7.025,19,0,0.9939,BULLISH,8.653,1,RESOLVED,7.154,1,RESOLVED,8.096,1,RESOLVED,29.92,1,RESOLVED
2025-04-02,3139.9,335,4,3612.174,28.216,19,0,0.9845,BULLISH,4.252,1,RESOLVED,7.176,1,RESOLVED,7.368,1,RESOLVED,29.004,1,RESOLVED
2025-04-03,3097.0,7,4,64.665,28.216,0,0,0.3924,BULLISH,7.314,1,RESOLVED,7.874,1,RESOLVED,9.343,1,RESOLVED,32.48,1,RESOLVED
2025-04-04,3012.0,214,25,2288.782,191.827,19,0,0.8453,BULLISH,8.597,1,RESOLVED,9.817,1,RESOLVED,13.261,1,RESOLVED,35.603,1,RESOLVED
2025-04-05,,0,11,0.0,85.055,0,0,-1.0,BEARISH,,,PENDING,,,PENDING,,,PENDING,,,PENDING
2025-04-06,,0,14,0.0,106.246,0,0,-1.0,BEARISH,,,PENDING,,,PENDING,,,PENDING,,,PENDING
2025-04-07,2951.3,1,44,9.474,337.365,0,0,-0.9454,BEARISH,12.148,1,RESOLVED,12.136,1,RESOLVED,12.764,1,RESOLVED,37.793,1,RESOLVED
2025-04-08,2968.4,1,43,9.474,330.65,0,0,-0.9443,BEARISH,11.158,1,RESOLVED,11.221,1,RESOLVED,12.061,1,RESOLVED,37.164,1,RESOLVED
2025-04-09,3056.5,214,47,2288.782,377.513,19,0,0.7168,BULLISH,7.817,1,RESOLVED,8.309,1,RESOLVED,9.428,1,RESOLVED,35.233,1,RESOLVED
2025-04-10,3155.2,1,23,9.474,186.118,0,0,-0.9031,BEARISH,1.722,1,RESOLVED,6.909,1,RESOLVED,5.548,1,RESOLVED,31.871,1,RESOLVED
2025-04-11,3222.2,214,24,2288.782,196.678,19,0,0.8417,BULLISH,0.301,1,RESOLVED,6.285,1,RESOLVED,3.471,1,RESOLVED,30.273,1,RESOLVED
2025-04-12,,0,20,0.0,163.628,0,0,-1.0,BEARISH,,,PENDING,,,PENDING,,,PENDING,,,PENDING
2025-04-13,,0,20,0.0,163.628,0,0,-1.0,BEARISH,,,PENDING,,,PENDING,,,PENDING,,,PENDING
2025-04-14,3204.8,439,16,5705.013,127.262,10,0,0.9564,BULLISH,3.269,1,RESOLVED,5.807,1,RESOLVED,3.883,1,RESOLVED,32.704,1,RESOLVED
2025-04-15,3218.7,352,44,4547.588,354.74,0,0,0.8553,BULLISH,5.815,1,RESOLVED,5.085,1,RESOLVED,2.9,1,RESOLVED,33.127,1,RESOLVED
2025-04-16,3326.6,401,30,5471.581,240.648,27,0,0.9157,BULLISH,1.634,1,RESOLVED,1.882,1,RESOLVED,0.504,1,RESOLVED,29.781,1,RESOLVED
2025-04-17,3308.7,125,26,1353.499,208.888,17,0,0.7326,BULLISH,-0.366,0,RESOLVED,,,PENDING,0.849,1,RESOLVED,,,PENDING
2025-04-18,,0,23,0.0,185.433,0,0,-1.0,BEARISH,,,PENDING,,,PENDING,,,PENDING,,,PENDING
2025-04-19,,0,12,0.0,100.378,0,0,-1.0,BEARISH,,,PENDING,,,PENDING,,,PENDING,,,PENDING
2025-04-20,,0,23,0.0,185.433,0,0,-1.0,BEARISH,,,PENDING,,,PENDING,,,PENDING,,,PENDING
2025-04-21,3406.2,526,23,6437.733,188.086,0,0,0.9432,BULLISH,-5.622,0,RESOLVED,-0.84,0,RESOLVED,-0.956,0,RESOLVED,23.884,1,RESOLVED
2025-04-22,3400.8,826,11,10260.559,93.446,36,0,0.9819,BULLISH,-4.834,0,RESOLVED,-2.483,0,RESOLVED,-0.359,0,RESOLVED,25.078,1,RESOLVED
2025-04-23,3276.3,736,4,9435.966,29.232,36,0,0.9938,BULLISH,-2.939,0,RESOLVED,1.539,1,RESOLVED,3.841,1,RESOLVED,27.784,1,RESOLVED
2025-04-24,3332.0,920,2,11618.585,16.625,41,0,0.9971,BULLISH,-3.397,0,RESOLVED,0.045,1,RESOLVED,2.951,1,RESOLVED,,,PENDING
2025-04-25,3282.4,862,12,10361.605,102.879,29,0,0.9803,BULLISH,-3.106,0,RESOLVED,-0.265,0,RESOLVED,5.665,1,RESOLVED,27.338,1,RESOLVED
2025-04-26,,0,0,0.0,0.0,0,0,0.0,NEUTRAL,,,PENDING,,,PENDING,,,PENDING,,,PENDING
2025-04-27,,0,0,0.0,0.0,0,0,0.0,NEUTRAL,,,PENDING,,,PENDING,,,PENDING,,,PENDING
2025-04-28,3332.5,820,21,10209.116,175.987,17,0,0.9661,BULLISH,-3.158,0,RESOLVED,-1.15,0,RESOLVED,,,PENDING,28.623,1,RESOLVED
2025-04-29,3318.8,1058,34,13138.177,285.186,41,0,0.9575,BULLISH,-1.167,0,RESOLVED,0.538,1,RESOLVED,6.718,1,RESOLVED,30.051,1,RESOLVED
2025-04-30,3305.0,766,2,9356.889,15.531,10,0,0.9967,BULLISH,0.13,1,RESOLVED,1.293,1,RESOLVED,8.361,1,RESOLVED,29.731,1,RESOLVED
2025-05-01,3210.0,1267,30,15241.821,255.45,43,0,0.967,BULLISH,2.532,1,RESOLVED,3.718,1,RESOLVED,10.512,1,RESOLVED,32.657,1,RESOLVED
2025-05-02,3231.9,887,28,10678.323,238.824,27,0,0.9562,BULLISH,3.994,1,RESOLVED,3.065,1,RESOLVED,11.152,1,RESOLVED,32.885,1,RESOLVED
2025-05-03,,0,0,0.0,0.0,0,0,0.0,NEUTRAL,,,PENDING,,,PENDING,,,PENDING,,,PENDING
2025-05-04,,0,0,0.0,0.0,0,0,0.0,NEUTRAL,,,PENDING,,,PENDING,,,PENDING,,,PENDING
2025-05-05,3311.3,778,2,9878.503,16.278,14,0,0.9967,BULLISH,,,PENDING,0.629,1,RESOLVED,9.412,1,RESOLVED,32.965,1,RESOLVED
2025-05-06,3411.4,968,0,12264.019,0.0,41,0,1.0,BULLISH,-3.347,0,RESOLVED,-3.108,0,RESOLVED,6.577,1,RESOLVED,29.658,1,RESOLVED
2025-05-07,3381.4,1022,1,12819.455,8.91,41,0,0.9986,BULLISH,-2.631,0,RESOLVED,-2.086,0,RESOLVED,7.468,1,RESOLVED,31.347,1,RESOLVED
2025-05-08,3296.6,1207,5,14649.79,43.728,43,0,0.994,BULLISH,0.62,1,RESOLVED,0.629,1,RESOLVED,9.824,1,RESOLVED,33.67,1,RESOLVED
2025-05-09,3335.4,781,0,9451.3,0.0,29,0,1.0,BULLISH,-1.404,0,RESOLVED,0.616,1,RESOLVED,8.997,1,RESOLVED,31.894,1,RESOLVED
2025-05-10,,0,0,0.0,0.0,0,0,0.0,NEUTRAL,,,PENDING,,,PENDING,,,PENDING,,,PENDING
2025-05-11,,0,0,0.0,0.0,0,0,0.0,NEUTRAL,,,PENDING,,,PENDING,,,PENDING,,,PENDING
2025-05-12,3220.0,837,81,9388.242,665.124,9,0,0.8677,BULLISH,4.571,1,RESOLVED,4.003,1,RESOLVED,13.413,1,RESOLVED,,,PENDING
2025-05-13,3240.3,1456,58,17637.574,476.783,43,0,0.9474,BULLISH,3.335,1,RESOLVED,2.725,1,RESOLVED,12.966,1,RESOLVED,38.45,1,RESOLVED
2025-05-14,3181.4,1075,47,13700.538,385.229,24,0,0.9453,BULLISH,5.863,1,RESOLVED,5.239,1,RESOLVED,14.608,1,RESOLVED,41.79,1,RESOLVED
2025-05-15,3220.7,907,46,11066.681,405.886,17,0,0.9292,BULLISH,3.957,1,RESOLVED,3.64,1,RESOLVED,12.34,1,RESOLVED,42.143,1,RESOLVED
2025-05-16,3182.0,939,49,11705.192,425.33,27,0,0.9299,BULLISH,4.327,1,RESOLVED,5.235,1,RESOLVED,14.309,1,RESOLVED,44.716,1,RESOLVED
2025-05-17,,0,0,0.0,0.0,0,0,0.0,NEUTRAL,,,PENDING,,,PENDING,,,PENDING,,,PENDING
2025-05-18,,0,0,0.0,0.0,0,0,0.0,NEUTRAL,,,PENDING,,,PENDING,,,PENDING,,,PENDING
2025-05-19,3228.9,1151,29,14458.423,248.124,24,0,0.9663,BULLISH,3.146,1,RESOLVED,5.219,1,RESOLVED,14.713,1,RESOLVED,45.311,1,RESOLVED
2025-05-20,3280.3,1347,12,16598.263,103.067,41,0,0.9877,BULLISH,1.23,1,RESOLVED,4.73,1,RESOLVED,14.195,1,RESOLVED,43.736,1,RESOLVED
2025-05-21,3309.3,1266,3,15231.404,27.087,41,0,0.9964,BULLISH,0.362,1,RESOLVED,2.53,1,RESOLVED,12.023,1,RESOLVED,47.127,1,RESOLVED
2025-05-22,3292.3,1425,2,17358.308,17.68,43,0,0.998,BULLISH,2.656,1,RESOLVED,2.362,1,RESOLVED,12.667,1,RESOLVED,47.959,1,RESOLVED
2025-05-23,3363.6,866,2,10292.37,18.176,10,0,0.9965,BULLISH,1.99,1,RESOLVED,-0.884,0,RESOLVED,11.547,1,RESOLVED,33.75,1,RESOLVED
2025-05-24,,0,0,0.0,0.0,0,0,0.0,NEUTRAL,,,PENDING,,,PENDING,,,PENDING,,,PENDING
2025-05-25,,0,0,0.0,0.0,0,0,0.0,NEUTRAL,,,PENDING,,,PENDING,,,PENDING,,,PENDING
2025-05-26,,1,0,7.119,0.0,0,0,1.0,BULLISH,,,PENDING,,,PENDING,,,PENDING,,,PENDING
2025-05-27,3299.1,1004,14,12482.193,119.252,24,0,0.9811,BULLISH,2.618,1,RESOLVED,0.734,1,RESOLVED,15.203,1,RESOLVED,39.634,1,RESOLVED
2025-05-28,3293.6,908,20,11518.1,169.68,24,0,0.971,BULLISH,2.879,1,RESOLVED,0.067,1,RESOLVED,16.063,1,RESOLVED,40.141,1,RESOLVED
2025-05-29,3317.1,779,1,10102.667,8.769,24,0,0.9983,BULLISH,,,PENDING,-0.723,0,RESOLVED,14.63,1,RESOLVED,38.224,1,RESOLVED
2025-05-30,3288.9,536,11,6822.629,94.367,10,0,0.9727,BULLISH,2.38,1,RESOLVED,1.772,1,RESOLVED,16.549,1,RESOLVED,40.908,1,RESOLVED
2025-05-31,,0,1,0.0,7.025,0,0,-1.0,BEARISH,,,PENDING,,,PENDING,,,PENDING,,,PENDING
2025-06-01,,0,0,0.0,0.0,0,0,0.0,NEUTRAL,,,PENDING,,,PENDING,,,PENDING,,,PENDING
2025-06-02,3370.6,755,5,9718.463,42.589,24,0,0.9913,BULLISH,0.21,1,RESOLVED,0.113,1,RESOLVED,15.824,1,RESOLVED,40.448,1,RESOLVED
2025-06-03,3350.2,881,2,11221.363,18.176,41,0,0.9968,BULLISH,-0.984,0,RESOLVED,0.942,1,RESOLVED,17.141,1,RESOLVED,40.118,1,RESOLVED
2025-06-04,3373.5,659,6,8798.784,53.108,24,0,0.988,BULLISH,-1.385,0,RESOLVED,0.192,1,RESOLVED,18.111,1,RESOLVED,40.771,1,RESOLVED
2025-06-05,3350.7,726,18,9438.575,157.464,24,0,0.9672,BULLISH,-0.515,0,RESOLVED,1.469,1,RESOLVED,16.361,1,RESOLVED,38.489,1,RESOLVED
2025-06-06,3322.7,761,48,9177.336,452.496,28,0,0.906,BULLISH,-1.486,0,RESOLVED,3.443,1,RESOLVED,17.947,1,RESOLVED,41.305,1,RESOLVED
2025-06-07,,0,0,0.0,0.0,0,0,0.0,NEUTRAL,,,PENDING,,,PENDING,,,PENDING,,,PENDING
2025-06-08,,0,0,0.0,0.0,0,0,0.0,NEUTRAL,,,PENDING,,,PENDING,,,PENDING,,,PENDING
2025-06-09,3332.1,926,42,11265.04,395.77,24,0,0.9321,BULLISH,-1.138,0,RESOLVED,0.628,1,RESOLVED,20.948,1,RESOLVED,,,PENDING
2025-06-10,3320.9,1088,80,13562.04,808.814,41,0,0.8874,BULLISH,0.475,1,RESOLVED,0.84,1,RESOLVED,22.015,1,RESOLVED,38.55,1,RESOLVED
2025-06-11,3321.3,983,9,12451.63,80.578,24,0,0.9871,BULLISH,0.801,1,RESOLVED,1.12,1,RESOLVED,22.921,1,RESOLVED,40.638,1,RESOLVED
2025-06-12,3380.9,945,44,12110.078,414.383,24,0,0.9338,BULLISH,-1.469,0,RESOLVED,-1.361,0,RESOLVED,23.586,1,RESOLVED,38.646,1,RESOLVED
2025-06-13,3431.2,675,20,8737.592,183.068,10,0,0.959,BULLISH,-2.919,0,RESOLVED,-2.814,0,RESOLVED,19.977,1,RESOLVED,38.832,1,RESOLVED
2025-06-14,,0,0,0.0,0.0,0,0,0.0,NEUTRAL,,,PENDING,,,PENDING,,,PENDING,,,PENDING
2025-06-15,,0,0,0.0,0.0,0,0,0.0,NEUTRAL,,,PENDING,,,PENDING,,,PENDING,,,PENDING
2025-06-16,3396.4,954,7,12180.016,64.0,24,0,0.9895,BULLISH,-1.908,0,RESOLVED,-1.923,0,RESOLVED,24.433,1,RESOLVED,42.685,1,RESOLVED
2025-06-17,3386.6,861,1,11324.888,9.411,24,0,0.9983,BULLISH,-2.379,0,RESOLVED,-2.185,0,RESOLVED,18.816,1,RESOLVED,42.03,1,RESOLVED
2025-06-18,3389.8,670,17,8872.497,155.48,24,0,0.9656,BULLISH,-2.334,0,RESOLVED,-1.378,0,RESOLVED,17.656,1,RESOLVED,42.912,1,RESOLVED
2025-06-19,,1,0,7.119,0.0,0,0,1.0,BULLISH,,,PENDING,,,PENDING,,,PENDING,,,PENDING
2025-06-20,3368.1,328,0,4614.997,0.0,10,0,1.0,BULLISH,-0.36,0,RESOLVED,0.187,1,RESOLVED,20.112,1,RESOLVED,44.016,1,RESOLVED
2025-06-21,,0,0,0.0,0.0,0,0,0.0,NEUTRAL,,,PENDING,,,PENDING,,,PENDING,,,PENDING
2025-06-22,,0,0,0.0,0.0,0,0,0.0,NEUTRAL,,,PENDING,,,PENDING,,,PENDING,,,PENDING
2025-06-23,3377.7,621,32,8104.334,294.953,14,0,0.9298,BULLISH,-0.779,0,RESOLVED,-0.116,0,RESOLVED,16.957,1,RESOLVED,44.945,1,RESOLVED
2025-06-24,3317.4,974,28,12301.713,257.092,33,0,0.9591,BULLISH,0.373,1,RESOLVED,2.124,1,RESOLVED,17.863,1,RESOLVED,43.151,1,RESOLVED
2025-06-25,3327.1,1071,43,13595.439,362.509,43,0,0.9481,BULLISH,0.761,1,RESOLVED,2.303,1,RESOLVED,18.011,1,RESOLVED,43.109,1,RESOLVED
2025-06-26,3333.5,867,11,11484.748,98.307,24,0,0.983,BULLISH,0.198,1,RESOLVED,2.906,1,RESOLVED,18.26,1,RESOLVED,41.839,1,RESOLVED
2025-06-27,3273.7,474,16,6191.216,138.268,0,0,0.9563,BULLISH,2.393,1,RESOLVED,5.93,1,RESOLVED,19.591,1,RESOLVED,45.232,1,RESOLVED
2025-06-28,,0,0,0.0,0.0,0,0,0.0,NEUTRAL,,,PENDING,,,PENDING,,,PENDING,,,PENDING
2025-06-29,,0,0,0.0,0.0,0,0,0.0,NEUTRAL,,,PENDING,,,PENDING,,,PENDING,,,PENDING
2025-06-30,3294.4,855,20,11240.894,171.24,24,0,0.97,BULLISH,3.211,1,RESOLVED,,,PENDING,19.415,1,RESOLVED,43.535,1,RESOLVED
2025-07-01,3336.7,789,15,10694.348,133.457,14,0,0.9753,BULLISH,3.026,1,RESOLVED,6.18,1,RESOLVED,16.815,1,RESOLVED,44.937,1,RESOLVED
2025-07-02,3348.0,1241,20,15789.483,178.45,43,0,0.9776,BULLISH,1.368,1,RESOLVED,7.068,1,RESOLVED,17.299,1,RESOLVED,43.401,1,RESOLVED
2025-07-03,3331.6,929,12,12494.517,105.642,24,0,0.9832,BULLISH,1.176,1,RESOLVED,6.794,1,RESOLVED,17.78,1,RESOLVED,42.888,1,RESOLVED
2025-07-04,3332.5,1,0,7.119,0.0,0,0,1.0,BULLISH,0.045,1,RESOLVED,8.087,1,RESOLVED,18.242,1,RESOLVED,41.616,1,RESOLVED
2025-07-05,,0,0,0.0,0.0,0,0,0.0,NEUTRAL,,,PENDING,,,PENDING,,,PENDING,,,PENDING
2025-07-06,,0,0,0.0,0.0,0,0,0.0,NEUTRAL,,,PENDING,,,PENDING,,,PENDING,,,PENDING
2025-07-07,3332.2,837,3,11166.422,25.566,14,0,0.9954,BULLISH,-0.696,0,RESOLVED,8.783,1,RESOLVED,21.023,1,RESOLVED,40.46,1,RESOLVED
2025-07-08,3307.0,867,19,11281.404,170.612,27,0,0.9702,BULLISH,0.495,1,RESOLVED,9.685,1,RESOLVED,21.66,1,RESOLVED,41.36,1,RESOLVED
2025-07-09,3311.6,1180,17,14892.185,156.015,33,0,0.9793,BULLISH,-0.478,0,RESOLVED,9.554,1,RESOLVED,23.87,1,RESOLVED,38.974,1,RESOLVED
2025-07-10,3317.4,1080,12,14203.003,108.543,41,0,0.9848,BULLISH,-0.732,0,RESOLVED,9.195,1,RESOLVED,23.278,1,RESOLVED,32.703,1,RESOLVED
2025-07-11,3356.0,1324,10,16123.354,90.382,29,0,0.9889,BULLISH,-0.248,0,RESOLVED,8.381,1,RESOLVED,19.721,1,RESOLVED,30.885,1,RESOLVED
2025-07-12,,0,0,0.0,0.0,0,0,0.0,NEUTRAL,,,PENDING,,,PENDING,,,PENDING,,,PENDING
2025-07-13,,0,0,0.0,0.0,0,0,0.0,NEUTRAL,,,PENDING,,,PENDING,,,PENDING,,,PENDING
2025-07-14,3351.5,1570,1,20093.477,8.433,82,0,0.9992,BULLISH,0.681,1,RESOLVED,9.41,1,RESOLVED,19.382,1,RESOLVED,27.313,1,RESOLVED
2025-07-15,3329.8,1141,2,14843.939,16.242,24,0,0.9978,BULLISH,1.553,1,RESOLVED,10.242,1,RESOLVED,19.859,1,RESOLVED,27.853,1,RESOLVED
2025-07-16,3352.5,1437,1,18098.542,8.433,74,0,0.9991,BULLISH,0.817,1,RESOLVED,9.37,1,RESOLVED,19.583,1,RESOLVED,30.538,1,RESOLVED
2025-07-17,3340.1,1234,1,15922.019,8.433,55,0,0.9989,BULLISH,1.786,1,RESOLVED,8.7,1,RESOLVED,19.432,1,RESOLVED,27.002,1,RESOLVED
2025-07-18,3353.0,715,0,9191.121,0.0,0,0,1.0,BULLISH,2.535,1,RESOLVED,9.074,1,RESOLVED,19.543,1,RESOLVED,29.244,1,RESOLVED
2025-07-19,,0,0,0.0,0.0,0,0,0.0,NEUTRAL,,,PENDING,,,PENDING,,,PENDING,,,PENDING
2025-07-20,,0,0,0.0,0.0,0,0,0.0,NEUTRAL,,,PENDING,,,PENDING,,,PENDING,,,PENDING
2025-07-21,3401.9,673,9,8800.761,78.487,9,0,0.9823,BULLISH,-1.445,0,RESOLVED,9.494,1,RESOLVED,18.468,1,RESOLVED,28.55,1,RESOLVED
2025-07-22,3439.2,1138,15,14293.067,130.471,69,0,0.9819,BULLISH,-2.661,0,RESOLVED,9.464,1,RESOLVED,18.526,1,RESOLVED,30.111,1,RESOLVED
2025-07-23,3394.1,709,12,9155.146,104.46,9,0,0.9774,BULLISH,-1.048,0,RESOLVED,9.493,1,RESOLVED,20.473,1,RESOLVED,34.307,1,RESOLVED
2025-07-24,3371.0,746,12,9657.346,103.834,26,0,0.9787,BULLISH,-1.068,0,RESOLVED,10.305,1,RESOLVED,,,PENDING,32.198,1,RESOLVED
2025-07-25,3334.0,364,26,4810.759,234.172,0,0,0.9072,BULLISH,0.06,1,RESOLVED,12.431,1,RESOLVED,23.526,1,RESOLVED,,,PENDING
2025-07-26,,0,0,0.0,0.0,0,0,0.0,NEUTRAL,,,PENDING,,,PENDING,,,PENDING,,,PENDING
2025-07-27,,0,0,0.0,0.0,0,0,0.0,NEUTRAL,,,PENDING,,,PENDING,,,PENDING,,,PENDING
2025-07-28,3309.1,595,5,7943.754,39.792,9,0,0.99,BULLISH,0.681,1,RESOLVED,14.381,1,RESOLVED,24.772,1,RESOLVED,34.165,1,RESOLVED
2025-07-29,3323.4,595,4,7943.754,35.402,9,0,0.9911,BULLISH,-0.301,0,RESOLVED,14.469,1,RESOLVED,23.09,1,RESOLVED,33.74,1,RESOLVED
2025-07-30,3295.8,607,5,8085.089,43.125,9,0,0.9894,BULLISH,1.434,1,RESOLVED,15.996,1,RESOLVED,24.227,1,RESOLVED,36.539,1,RESOLVED
2025-07-31,3293.2,544,2,7353.795,17.785,9,0,0.9952,BULLISH,1.318,1,RESOLVED,15.353,1,RESOLVED,24.603,1,RESOLVED,37.513,1,RESOLVED
2025-08-01,3347.7,358,6,4766.499,50.961,0,0,0.9788,BULLISH,0.794,1,RESOLVED,14.777,1,RESOLVED,22.988,1,RESOLVED,35.237,1,RESOLVED
2025-08-02,,0,0,0.0,0.0,0,0,0.0,NEUTRAL,,,PENDING,,,PENDING,,,PENDING,,,PENDING
2025-08-03,,0,0,0.0,0.0,0,0,0.0,NEUTRAL,,,PENDING,,,PENDING,,,PENDING,,,PENDING
2025-08-04,3374.4,544,3,7353.795,26.036,9,0,0.9929,BULLISH,-0.018,0,RESOLVED,15.712,1,RESOLVED,21.581,1,RESOLVED,34.033,1,RESOLVED
2025-08-05,3381.9,469,9,6517.387,78.487,9,0,0.9762,BULLISH,0.198,1,RESOLVED,16.199,1,RESOLVED,21.824,1,RESOLVED,35.537,1,RESOLVED
2025-08-06,3380.0,731,23,9416.666,197.178,26,0,0.959,BULLISH,0.725,1,RESOLVED,17.919,1,RESOLVED,21.635,1,RESOLVED,35.074,1,RESOLVED
2025-08-07,3400.3,977,18,12473.56,169.761,68,0,0.9731,BULLISH,0.922,1,RESOLVED,14.891,1,RESOLVED,23.137,1,RESOLVED,34.171,1,RESOLVED
2025-08-08,3439.1,385,55,4981.7,544.311,0,0,0.803,BULLISH,1.001,1,RESOLVED,14.504,1,RESOLVED,22.343,1,RESOLVED,34.533,1,RESOLVED
2025-08-09,,0,0,0.0,0.0,0,0,0.0,NEUTRAL,,,PENDING,,,PENDING,,,PENDING,,,PENDING
2025-08-10,,0,0,0.0,0.0,0,0,0.0,NEUTRAL,,,PENDING,,,PENDING,,,PENDING,,,PENDING
2025-08-11,3353.1,962,62,12318.346,601.573,67,0,0.9069,BULLISH,,,PENDING,20.32,1,RESOLVED,25.029,1,RESOLVED,36.01,1,RESOLVED
2025-08-12,3348.9,952,118,12376.236,1298.434,84,0,0.8101,BULLISH,5.815,1,RESOLVED,21.175,1,RESOLVED,25.103,1,RESOLVED,33.859,1,RESOLVED
2025-08-13,3358.7,1244,40,15471.112,380.273,86,0,0.952,BULLISH,6.749,1,RESOLVED,21.802,1,RESOLVED,25.805,1,RESOLVED,34.29,1,RESOLVED
2025-08-14,3335.2,732,84,9614.776,846.294,53,0,0.8382,BULLISH,6.686,1,RESOLVED,24.947,1,RESOLVED,26.323,1,RESOLVED,34.411,1,RESOLVED
2025-08-15,3336.0,413,102,5275.357,1008.352,0,0,0.6791,BULLISH,7.982,1,RESOLVED,22.79,1,RESOLVED,26.802,1,RESOLVED,34.752,1,RESOLVED
2025-08-16,,0,0,0.0,0.0,0,0,0.0,NEUTRAL,,,PENDING,,,PENDING,,,PENDING,,,PENDING
2025-08-17,,0,0,0.0,0.0,0,0,0.0,NEUTRAL,,,PENDING,,,PENDING,,,PENDING,,,PENDING
2025-08-18,3331.7,389,53,5309.562,508.164,3,0,0.8253,BULLISH,8.798,1,RESOLVED,26.356,1,RESOLVED,28.821,1,RESOLVED,33.883,1,RESOLVED
2025-08-19,3313.4,464,61,6145.971,582.688,3,0,0.8268,BULLISH,9.492,1,RESOLVED,21.001,1,RESOLVED,30.227,1,RESOLVED,32.623,1,RESOLVED
2025-08-20,3343.4,615,74,7854.457,724.214,20,0,0.8312,BULLISH,8.598,1,RESOLVED,19.034,1,RESOLVED,29.277,1,RESOLVED,30.708,1,RESOLVED
2025-08-21,3336.9,389,45,5309.562,435.584,3,0,0.8484,BULLISH,8.609,1,RESOLVED,21.215,1,RESOLVED,,,PENDING,32.42,1,RESOLVED
2025-08-22,3374.4,429,35,4658.829,318.218,19,0,0.8721,BULLISH,7.835,1,RESOLVED,19.925,1,RESOLVED,29.431,1,RESOLVED,31.632,1,RESOLVED
2025-08-23,,0,0,0.0,0.0,0,0,0.0,NEUTRAL,,,PENDING,,,PENDING,,,PENDING,,,PENDING
2025-08-24,,0,0,0.0,0.0,0,0,0.0,NEUTRAL,,,PENDING,,,PENDING,,,PENDING,,,PENDING
2025-08-25,3373.8,159,153,2086.116,1621.737,0,0,0.1252,BULLISH,8.747,1,RESOLVED,17.073,1,RESOLVED,24.84,1,RESOLVED,29.236,1,RESOLVED
2025-08-26,3388.6,232,114,2942.701,1103.746,17,0,0.4545,BULLISH,8.491,1,RESOLVED,15.739,1,RESOLVED,25.437,1,RESOLVED,29.598,1,RESOLVED
2025-08-27,3404.6,310,73,3794.602,718.093,17,0,0.6817,BULLISH,7.827,1,RESOLVED,15.708,1,RESOLVED,23.942,1,RESOLVED,31.858,1,RESOLVED
2025-08-28,3431.8,146,67,1968.28,651.209,0,0,0.5028,BULLISH,5.991,1,RESOLVED,15.353,1,RESOLVED,,,PENDING,31.443,1,RESOLVED
2025-08-29,3473.7,1,52,9.474,499.848,0,0,-0.9628,BEARISH,5.538,1,RESOLVED,13.661,1,RESOLVED,21.674,1,RESOLVED,30.667,1,RESOLVED
2025-08-30,,0,0,0.0,0.0,0,0,0.0,NEUTRAL,,,PENDING,,,PENDING,,,PENDING,,,PENDING
2025-08-31,,0,0,0.0,0.0,0,0,0.0,NEUTRAL,,,PENDING,,,PENDING,,,PENDING,,,PENDING
2025-09-01,,0,0,0.0,0.0,0,0,0.0,NEUTRAL,,,PENDING,,,PENDING,,,PENDING,,,PENDING
2025-09-02,3549.4,136,31,1897.275,299.568,0,0,0.7273,BULLISH,6.31,1,RESOLVED,10.635,1,RESOLVED,23.334,1,RESOLVED,27.601,1,RESOLVED
2025-09-03,3593.2,408,51,4782.513,489.453,16,0,0.8143,BULLISH,3.793,1,RESOLVED,10.231,1,RESOLVED,21.37,1,RESOLVED,26.803,1,RESOLVED
2025-09-04,3565.8,51,51,502.066,491.268,0,0,0.0109,NEUTRAL,4.687,1,RESOLVED,10.987,1,RESOLVED,22.145,1,RESOLVED,27.15,1,RESOLVED
2025-09-05,3613.2,251,37,2702.935,354.171,19,0,0.7683,BULLISH,4.389,1,RESOLVED,10.155,1,RESOLVED,21.733,1,RESOLVED,23.181,1,RESOLVED
2025-09-06,,0,0,0.0,0.0,0,0,0.0,NEUTRAL,,,PENDING,,,PENDING,,,PENDING,,,PENDING
2025-09-07,,0,0,0.0,0.0,0,0,0.0,NEUTRAL,,,PENDING,,,PENDING,,,PENDING,,,PENDING
2025-09-08,3638.1,255,55,3038.47,525.182,0,0,0.7053,BULLISH,4.902,1,RESOLVED,12.24,1,RESOLVED,23.553,1,RESOLVED,22.421,1,RESOLVED
2025-09-09,3643.3,228,61,2799.442,598.9,0,0,0.6475,BULLISH,5.279,1,RESOLVED,11.975,1,RESOLVED,23.082,1,RESOLVED,21.259,1,RESOLVED
2025-09-10,3643.6,422,49,4938.317,473.922,18,0,0.8249,BULLISH,5.964,1,RESOLVED,14.316,1,RESOLVED,23.879,1,RESOLVED,21.804,1,RESOLVED
2025-09-11,3636.9,140,52,1505.885,500.178,17,0,0.5013,BULLISH,5.426,1,RESOLVED,14.083,1,RESOLVED,23.846,1,RESOLVED,22.175,1,RESOLVED
2025-09-12,3649.4,309,59,3243.828,557.94,19,0,0.7065,BULLISH,6.148,1,RESOLVED,11.34,1,RESOLVED,22.897,1,RESOLVED,21.417,1,RESOLVED
2025-09-13,,0,0,0.0,0.0,0,0,0.0,NEUTRAL,,,PENDING,,,PENDING,,,PENDING,,,PENDING
2025-09-14,,0,0,0.0,0.0,0,0,0.0,NEUTRAL,,,PENDING,,,PENDING,,,PENDING,,,PENDING
2025-09-15,3682.2,244,20,2475.577,189.984,0,0,0.8575,BULLISH,6.983,1,RESOLVED,9.971,1,RESOLVED,,,PENDING,,,PENDING
2025-09-16,3688.9,441,18,4709.982,172.639,17,0,0.9293,BULLISH,7.51,1,RESOLVED,9.617,1,RESOLVED,25.484,1,RESOLVED,19.884,1,RESOLVED
2025-09-17,3681.8,154,27,1610.09,252.587,0,0,0.7288,BULLISH,9.366,1,RESOLVED,10.213,1,RESOLVED,27.182,1,RESOLVED,18.894,1,RESOLVED
2025-09-18,3643.7,331,27,3576.507,252.587,16,0,0.8681,BULLISH,7.978,1,RESOLVED,10.732,1,RESOLVED,29.803,1,RESOLVED,21.092,1,RESOLVED
2025-09-19,3671.5,257,24,2699.822,227.048,0,0,0.8449,BULLISH,7.965,1,RESOLVED,10.469,1,RESOLVED,30.407,1,RESOLVED,21.683,1,RESOLVED
2025-09-20,,0,0,0.0,0.0,0,0,0.0,NEUTRAL,,,PENDING,,,PENDING,,,PENDING,,,PENDING
2025-09-21,,0,0,0.0,0.0,0,0,0.0,NEUTRAL,,,PENDING,,,PENDING,,,PENDING,,,PENDING
2025-09-22,3740.7,87,27,836.036,247.506,0,0,0.5432,BULLISH,9.381,1,RESOLVED,8.974,1,RESOLVED,30.598,1,RESOLVED,17.928,1,RESOLVED
2025-09-23,3780.6,87,22,836.036,203.8,0,0,0.608,BULLISH,9.05,1,RESOLVED,9.062,1,RESOLVED,29.541,1,RESOLVED,17.177,1,RESOLVED
2025-09-24,3732.1,242,31,2600.955,299.568,17,0,0.7934,BULLISH,11.26,1,RESOLVED,10.979,1,RESOLVED,35.104,1,RESOLVED,18.419,1,RESOLVED
2025-09-25,3736.9,46,18,462.541,172.459,0,0,0.4568,BULLISH,13.574,1,RESOLVED,,,PENDING,35.292,1,RESOLVED,,,PENDING
2025-09-26,3775.3,49,45,486.204,436.679,0,0,0.0537,NEUTRAL,10.42,1,RESOLVED,11.095,1,RESOLVED,22.204,1,RESOLVED,,,PENDING
2025-09-27,,0,0,0.0,0.0,0,0,0.0,NEUTRAL,,,PENDING,,,PENDING,,,PENDING,,,PENDING
2025-09-28,,0,0,0.0,0.0,0,0,0.0,NEUTRAL,,,PENDING,,,PENDING,,,PENDING,,,PENDING
2025-09-29,3820.9,36,0,354.385,0.0,0,0,1.0,BULLISH,12.656,1,RESOLVED,10.391,1,RESOLVED,19.045,1,RESOLVED,,,PENDING
2025-09-30,3840.8,176,20,1856.485,188.643,0,0,0.8155,BULLISH,6.23,1,RESOLVED,8.621,1,RESOLVED,24.431,1,RESOLVED,,,PENDING
2025-10-01,3867.5,380,18,3977.524,172.459,19,0,0.9169,BULLISH,4.472,1,RESOLVED,8.231,1,RESOLVED,24.078,1,RESOLVED,,,PENDING
2025-10-02,3839.7,586,18,6665.772,172.459,19,0,0.9496,BULLISH,7.179,1,RESOLVED,9.25,1,RESOLVED,23.593,1,RESOLVED,,,PENDING
2025-10-03,3880.8,581,39,6702.747,364.842,17,0,0.8968,BULLISH,5.942,1,RESOLVED,8.211,1,RESOLVED,24.359,1,RESOLVED,,,PENDING
2025-10-04,,0,0,0.0,0.0,0,0,0.0,NEUTRAL,,,PENDING,,,PENDING,,,PENDING,,,PENDING
2025-10-05,,0,0,0.0,0.0,0,0,0.0,NEUTRAL,,,PENDING,,,PENDING,,,PENDING,,,PENDING
2025-10-06,3948.5,584,18,6609.219,172.459,0,0,0.9491,BULLISH,1.343,1,RESOLVED,5.87,1,RESOLVED,24.623,1,RESOLVED,,,PENDING
2025-10-07,3976.6,322,14,3941.707,135.395,0,0,0.9336,BULLISH,-0.262,0,RESOLVED,5.625,1,RESOLVED,22.977,1,RESOLVED,,,PENDING
2025-10-08,4043.3,543,18,6399.419,172.459,17,0,0.9475,BULLISH,-1.485,0,RESOLVED,3.717,1,RESOLVED,22.66,1,RESOLVED,,,PENDING
2025-10-09,3946.3,304,18,3643.39,172.459,0,0,0.9096,BULLISH,1.384,1,RESOLVED,8.246,1,RESOLVED,22.128,1,RESOLVED,,,PENDING
2025-10-10,3975.9,62,0,598.006,0.0,0,0,1.0,BULLISH,0.158,1,RESOLVED,7.839,1,RESOLVED,23.358,1,RESOLVED,,,PENDING
2025-10-11,,0,0,0.0,0.0,0,0,0.0,NEUTRAL,,,PENDING,,,PENDING,,,PENDING,,,PENDING
2025-10-12,,0,0,0.0,0.0,0,0,0.0,NEUTRAL,,,PENDING,,,PENDING,,,PENDING,,,PENDING
2025-10-13,4108.6,102,5,1080.154,46.959,0,0,0.9167,BULLISH,-2.671,0,RESOLVED,4.709,1,RESOLVED,,,PENDING,,,PENDING
2025-10-14,4138.7,39,4,348.86,38.585,0,0,0.8008,BULLISH,-4.725,0,RESOLVED,3.928,1,RESOLVED,16.536,1,RESOLVED,,,PENDING
2025-10-15,4176.9,46,4,448.866,38.585,0,0,0.8417,BULLISH,-4.821,0,RESOLVED,4.003,1,RESOLVED,17.716,1,RESOLVED,,,PENDING
2025-10-16,4280.2,46,0,448.866,0.0,0,0,1.0,BULLISH,-7.274,0,RESOLVED,1.376,1,RESOLVED,15.061,1,RESOLVED,,,PENDING
2025-10-17,4189.9,65,13,628.9,125.985,0,0,0.6662,BULLISH,-4.653,0,RESOLVED,4.012,1,RESOLVED,18.855,1,RESOLVED,,,PENDING
2025-10-18,,0,0,0.0,0.0,0,0,0.0,NEUTRAL,,,PENDING,,,PENDING,,,PENDING,,,PENDING
2025-10-19,,0,0,0.0,0.0,0,0,0.0,NEUTRAL,,,PENDING,,,PENDING,,,PENDING,,,PENDING
2025-10-20,4336.4,93,26,910.668,233.682,0,0,0.5916,BULLISH,-5.318,0,RESOLVED,2.465,1,RESOLVED,18.252,1,RESOLVED,,,PENDING
2025-10-21,4087.7,255,47,2679.664,404.766,17,0,0.7375,BULLISH,0.466,1,RESOLVED,9.227,1,RESOLVED,23.214,1,RESOLVED,,,PENDING
2025-10-22,4044.4,149,30,1466.691,271.228,0,0,0.6879,BULLISH,3.88,1,RESOLVED,10.242,1,RESOLVED,25.256,1,RESOLVED,,,PENDING
2025-10-23,4125.5,255,8,2678.935,71.523,19,0,0.948,BULLISH,1.477,1,RESOLVED,,,PENDING,22.694,1,RESOLVED,,,PENDING
2025-10-24,4118.4,141,47,1506.083,436.16,17,0,0.5509,BULLISH,-0.751,0,RESOLVED,9.506,1,RESOLVED,23.904,1,RESOLVED,,,PENDING
2025-10-25,,0,0,0.0,0.0,0,0,0.0,NEUTRAL,,,PENDING,,,PENDING,,,PENDING,,,PENDING
2025-10-26,,0,0,0.0,0.0,0,0,0.0,NEUTRAL,,,PENDING,,,PENDING,,,PENDING,,,PENDING
2025-10-27,4001.9,206,63,1992.329,571.954,0,0,0.5539,BULLISH,1.646,1,RESOLVED,7.767,1,RESOLVED,27.988,1,RESOLVED,,,PENDING
2025-10-28,3966.2,139,38,1332.005,345.352,0,0,0.5882,BULLISH,2.369,1,RESOLVED,9.698,1,RESOLVED,25.288,1,RESOLVED,,,PENDING
2025-10-29,3983.7,67,35,628.678,309.936,0,0,0.3396,BULLISH,2.332,1,RESOLVED,8.234,1,RESOLVED,25.098,1,RESOLVED,,,PENDING
2025-10-30,4001.3,63,35,601.516,309.936,0,0,0.3199,BULLISH,1.37,1,RESOLVED,,,PENDING,23.579,1,RESOLVED,,,PENDING
2025-10-31,3982.2,279,29,2883.066,257.952,19,0,0.8358,BULLISH,2.345,1,RESOLVED,8.012,1,RESOLVED,25.64,1,RESOLVED,,,PENDING
2025-11-01,,0,0,0.0,0.0,0,0,0.0,NEUTRAL,,,PENDING,,,PENDING,,,PENDING,,,PENDING
2025-11-02,,0,0,0.0,0.0,0,0,0.0,NEUTRAL,,,PENDING,,,PENDING,,,PENDING,,,PENDING
2025-11-03,4000.3,76,30,759.804,264.667,0,0,0.4833,BULLISH,2.264,1,RESOLVED,10.359,1,RESOLVED,24.12,1,RESOLVED,,,PENDING
2025-11-04,3947.7,77,43,769.904,377.819,0,0,0.3416,BULLISH,4.737,1,RESOLVED,12.698,1,RESOLVED,28.122,1,RESOLVED,,,PENDING
2025-11-05,3980.3,271,23,2819.879,205.457,19,0,0.8642,BULLISH,4.541,1,RESOLVED,11.139,1,RESOLVED,26.101,1,RESOLVED,,,PENDING
2025-11-06,3979.9,82,32,818.617,277.821,0,0,0.4932,BULLISH,,,PENDING,11.158,1,RESOLVED,25.108,1,RESOLVED,,,PENDING
2025-11-07,3999.4,222,16,2339.65,140.88,19,0,0.8864,BULLISH,5.329,1,RESOLVED,11.578,1,RESOLVED,23.374,1,RESOLVED,,,PENDING
2025-11-08,,0,0,0.0,0.0,0,0,0.0,NEUTRAL,,,PENDING,,,PENDING,,,PENDING,,,PENDING
2025-11-09,,0,0,0.0,0.0,0,0,0.0,NEUTRAL,,,PENDING,,,PENDING,,,PENDING,,,PENDING
2025-11-10,4111.8,157,22,1535.914,196.404,0,0,0.7732,BULLISH,3.054,1,RESOLVED,11.313,1,RESOLVED,19.438,1,RESOLVED,,,PENDING
2025-11-11,4106.8,145,29,1422.694,254.57,0,0,0.6964,BULLISH,1.924,1,RESOLVED,11.106,1,RESOLVED,19.699,1,RESOLVED,,,PENDING
2025-11-12,4204.4,75,21,754.042,183.636,0,0,0.6083,BULLISH,-0.121,0,RESOLVED,9.563,1,RESOLVED,15.104,1,RESOLVED,,,PENDING
2025-11-13,4186.9,52,17,517.732,150.01,0,0,0.5507,BULLISH,0.593,1,RESOLVED,9.763,1,RESOLVED,9.425,1,RESOLVED,,,PENDING
2025-11-14,4087.6,46,14,462.541,122.825,0,0,0.5803,BULLISH,3.019,1,RESOLVED,11.557,1,RESOLVED,11.164,1,RESOLVED,,,PENDING
2025-11-15,,0,0,0.0,0.0,0,0,0.0,NEUTRAL,,,PENDING,,,PENDING,,,PENDING,,,PENDING
2025-11-16,,0,3,0.0,21.191,0,0,-1.0,BEARISH,,,PENDING,,,PENDING,,,PENDING,,,PENDING
2025-11-17,4068.3,62,22,605.969,188.063,0,0,0.5263,BULLISH,2.881,1,RESOLVED,,,PENDING,7.931,1,RESOLVED,,,PENDING
2025-11-18,4061.3,213,17,2314.455,150.01,17,0,0.8783,BULLISH,3.518,1,RESOLVED,15.866,1,RESOLVED,7.994,1,RESOLVED,,,PENDING
2025-11-19,4077.7,62,28,605.969,240.558,0,0,0.4317,BULLISH,2.869,1,RESOLVED,16.969,1,RESOLVED,10.955,1,RESOLVED,,,PENDING
2025-11-20,4056.5,62,37,605.969,308.01,0,0,0.326,BULLISH,5.492,1,RESOLVED,19.071,1,RESOLVED,7.57,1,RESOLVED,,,PENDING
2025-11-21,4076.7,56,46,550.779,388.326,0,0,0.173,BULLISH,5.335,1,RESOLVED,19.938,1,RESOLVED,9.701,1,RESOLVED,,,PENDING
2025-11-22,,0,9,0.0,66.405,0,0,-1.0,BEARISH,,,PENDING,,,PENDING,,,PENDING,,,PENDING
2025-11-23,,0,6,0.0,43.07,0,0,-1.0,BEARISH,,,PENDING,,,PENDING,,,PENDING,,,PENDING
2025-11-24,4091.9,62,24,605.969,208.432,0,0,0.4881,BULLISH,5.116,1,RESOLVED,21.624,1,RESOLVED,10.083,1,RESOLVED,,,PENDING
2025-11-25,4139.2,98,40,960.355,333.934,0,0,0.484,BULLISH,3.916,1,RESOLVED,20.479,1,RESOLVED,11.585,1,RESOLVED,,,PENDING
2025-11-26,4165.2,357,40,3648.707,333.934,19,0,0.8323,BULLISH,4.284,1,RESOLVED,24.124,1,RESOLVED,13.835,1,RESOLVED,,,PENDING
2025-11-27,,0,0,0.0,0.0,0,0,0.0,NEUTRAL,,,PENDING,,,PENDING,,,PENDING,,,PENDING
2025-11-28,4218.3,61,35,590.303,302.032,0,0,0.3231,BULLISH,3.336,1,RESOLVED,11.108,1,RESOLVED,,,PENDING,,,PENDING
2025-11-29,,0,0,0.0,0.0,0,0,0.0,NEUTRAL,,,PENDING,,,PENDING,,,PENDING,,,PENDING
2025-11-30,,0,0,0.0,0.0,0,0,0.0,NEUTRAL,,,PENDING,,,PENDING,,,PENDING,,,PENDING
2025-12-01,4239.3,101,36,1002.35,311.398,0,0,0.5259,BULLISH,4.729,1,RESOLVED,8.654,1,RESOLVED,9.393,1,RESOLVED,,,PENDING
2025-12-02,4186.6,285,19,2955.072,166.872,19,0,0.8931,BULLISH,6.836,1,RESOLVED,15.81,1,RESOLVED,10.65,1,RESOLVED,,,PENDING
2025-12-03,4199.3,343,19,3550.383,166.872,19,0,0.9102,BULLISH,6.484,1,RESOLVED,15.847,1,RESOLVED,12.312,1,RESOLVED,,,PENDING
2025-12-04,4211.8,118,24,1132.933,207.552,0,0,0.6903,BULLISH,,,PENDING,14.344,1,RESOLVED,12.91,1,RESOLVED,,,PENDING
2025-12-05,4212.9,100,36,986.684,324.02,0,0,0.5056,BULLISH,7.237,1,RESOLVED,16.148,1,RESOLVED,12.25,1,RESOLVED,,,PENDING
2025-12-06,,0,3,0.0,23.335,0,0,-1.0,BEARISH,,,PENDING,,,PENDING,,,PENDING,,,PENDING
2025-12-07,,0,3,0.0,23.335,0,0,-1.0,BEARISH,,,PENDING,,,PENDING,,,PENDING,,,PENDING
2025-12-08,4187.2,62,17,605.969,150.076,0,0,0.603,BULLISH,3.24,1,RESOLVED,18.753,1,RESOLVED,12.451,1,RESOLVED,,,PENDING
2025-12-09,4206.7,319,38,3293.595,333.469,19,0,0.8161,BULLISH,3.811,1,RESOLVED,17.352,1,RESOLVED,13.713,1,RESOLVED,,,PENDING
2025-12-10,4196.4,205,37,2094.085,325.747,0,0,0.7308,BULLISH,3.032,1,RESOLVED,18.943,1,RESOLVED,13.439,1,RESOLVED,,,PENDING
2025-12-11,4285.5,244,58,2559.301,505.063,0,0,0.6704,BULLISH,,,PENDING,13.882,1,RESOLVED,11.033,1,RESOLVED,,,PENDING
2025-12-12,4300.1,187,57,2016.671,522.058,0,0,0.5887,BULLISH,0.332,1,RESOLVED,15.519,1,RESOLVED,12.191,1,RESOLVED,,,PENDING
2025-12-13,,0,0,0.0,0.0,0,0,0.0,NEUTRAL,,,PENDING,,,PENDING,,,PENDING,,,PENDING
2025-12-14,,0,0,0.0,0.0,0,0,0.0,NEUTRAL,,,PENDING,,,PENDING,,,PENDING,,,PENDING
2025-12-15,4306.7,71,54,680.284,494.967,0,0,0.1577,BULLISH,2.978,1,RESOLVED,,,PENDING,10.982,1,RESOLVED,,,PENDING
2025-12-16,4304.5,289,119,2989.862,1113.93,19,0,0.4571,BULLISH,4.045,1,RESOLVED,12.608,1,RESOLVED,8.756,1,RESOLVED,,,PENDING
2025-12-17,4347.5,71,71,680.284,620.412,0,0,0.046,NEUTRAL,2.315,1,RESOLVED,13.713,1,RESOLVED,8.485,1,RESOLVED,,,PENDING
2025-12-18,4339.5,81,136,772.328,1249.504,0,0,-0.236,BEARISH,2.508,1,RESOLVED,13.685,1,RESOLVED,8.089,1,RESOLVED,,,PENDING
2025-12-19,4361.4,293,76,3026.716,722.278,19,0,0.6147,BULLISH,2.913,1,RESOLVED,14.844,1,RESOLVED,7.95,1,RESOLVED,,,PENDING
2025-12-20,,0,23,0.0,194.832,0,0,-1.0,BEARISH,,,PENDING,,,PENDING,,,PENDING,,,PENDING
2025-12-21,,0,23,0.0,194.832,0,0,-1.0,BEARISH,,,PENDING,,,PENDING,,,PENDING,,,PENDING
2025-12-22,4444.6,200,95,2050.022,850.368,0,0,0.4136,BULLISH,3.53,1,RESOLVED,15.787,1,RESOLVED,5.062,1,RESOLVED,,,PENDING
2025-12-23,4482.8,137,74,1318.729,675.442,0,0,0.3226,BULLISH,2.346,1,RESOLVED,13.987,1,RESOLVED,2.396,1,RESOLVED,,,PENDING
2025-12-24,4480.6,65,79,625.094,743.524,0,0,-0.0865,NEUTRAL,3.2,1,RESOLVED,15.013,1,RESOLVED,1.431,1,RESOLVED,,,PENDING
2025-12-25,,0,23,0.0,194.832,0,0,-1.0,BEARISH,,,PENDING,,,PENDING,,,PENDING,,,PENDING
2025-12-26,4529.1,54,27,527.382,225.292,0,0,0.4014,BULLISH,1.301,1,RESOLVED,14.398,1,RESOLVED,2.201,1,RESOLVED,,,PENDING
2025-12-27,,0,23,0.0,194.832,0,0,-1.0,BEARISH,,,PENDING,,,PENDING,,,PENDING,,,PENDING
2025-12-28,,0,23,0.0,194.832,0,0,-1.0,BEARISH,,,PENDING,,,PENDING,,,PENDING,,,PENDING
2025-12-29,4325.1,79,65,743.497,621.947,0,0,0.089,NEUTRAL,,,PENDING,20.221,1,RESOLVED,4.397,1,RESOLVED,,,PENDING
2025-12-30,4370.1,230,74,2451.983,702.138,17,0,0.5548,BULLISH,8.538,1,RESOLVED,15.59,1,RESOLVED,4.162,1,RESOLVED,,,PENDING
2025-12-31,4325.6,65,55,625.094,508.549,0,0,0.1028,BULLISH,11.067,1,RESOLVED,16.864,1,RESOLVED,7.915,1,RESOLVED,,,PENDING
2026-01-01,,0,14,0.0,121.25,0,0,-1.0,BEARISH,,,PENDING,,,PENDING,,,PENDING,,,PENDING
2026-01-02,4314.4,120,37,1138.893,347.509,0,0,0.5324,BULLISH,14.271,1,RESOLVED,17.628,1,RESOLVED,8.994,1,RESOLVED,,,PENDING
2026-01-03,,0,1,0.0,7.025,0,0,-1.0,BEARISH,,,PENDING,,,PENDING,,,PENDING,,,PENDING
2026-01-04,,0,0,0.0,0.0,0,0,0.0,NEUTRAL,,,PENDING,,,PENDING,,,PENDING,,,PENDING
2026-01-05,4436.9,374,37,3913.998,346.864,0,0,0.8372,BULLISH,13.53,1,RESOLVED,13.762,1,RESOLVED,6.158,1,RESOLVED,,,PENDING
2026-01-06,4482.2,209,43,2200.95,404.075,0,0,0.6898,BULLISH,12.518,1,RESOLVED,15.424,1,RESOLVED,4.267,1,RESOLVED,,,PENDING
2026-01-07,4449.3,196,45,2073.313,421.037,0,0,0.6624,BULLISH,17.526,1,RESOLVED,14.962,1,RESOLVED,5.433,1,RESOLVED,,,PENDING
2026-01-08,4449.7,329,36,3526.253,337.82,0,0,0.8251,BULLISH,17.834,1,RESOLVED,13.95,1,RESOLVED,5.006,1,RESOLVED,,,PENDING
2026-01-09,4490.3,168,34,1681.747,324.421,0,0,0.6766,BULLISH,4.86,1,RESOLVED,11.796,1,RESOLVED,1.448,1,RESOLVED,,,PENDING
2026-01-10,,0,0,0.0,0.0,0,0,0.0,NEUTRAL,,,PENDING,,,PENDING,,,PENDING,,,PENDING
2026-01-11,,0,0,0.0,0.0,0,0,0.0,NEUTRAL,,,PENDING,,,PENDING,,,PENDING,,,PENDING
2026-01-12,4604.3,192,41,1945.073,382.342,0,0,0.6714,BULLISH,0.395,1,RESOLVED,8.125,1,RESOLVED,-1.131,0,RESOLVED,,,PENDING
2026-01-13,4589.2,536,47,5612.953,438.155,19,0,0.8552,BULLISH,6.628,1,RESOLVED,8.593,1,RESOLVED,-1.823,0,RESOLVED,,,PENDING
2026-01-14,4626.3,632,42,6577.046,381.636,19,0,0.8903,BULLISH,6.163,1,RESOLVED,5.541,1,RESOLVED,-2.075,0,RESOLVED,,,PENDING
2026-01-15,4616.3,76,55,712.603,501.223,0,0,0.1741,BULLISH,5.173,1,RESOLVED,-0.338,0,RESOLVED,-1.671,0,RESOLVED,,,PENDING
2026-01-16,4588.4,401,32,4295.457,287.975,17,0,0.8743,BULLISH,7.61,1,RESOLVED,-0.393,0,RESOLVED,-1.48,0,RESOLVED,,,PENDING
2026-01-17,,0,14,0.0,121.25,0,0,-1.0,BEARISH,,,PENDING,,,PENDING,,,PENDING,,,PENDING
2026-01-18,,0,14,0.0,121.25,0,0,-1.0,BEARISH,,,PENDING,,,PENDING,,,PENDING,,,PENDING
2026-01-19,,0,23,0.0,192.983,0,0,-1.0,BEARISH,,,PENDING,,,PENDING,,,PENDING,,,PENDING
2026-01-20,4759.6,90,65,950.278,555.209,0,0,0.2624,BULLISH,5.003,1,RESOLVED,-7.872,0,RESOLVED,-5.6,0,RESOLVED,,,PENDING
2026-01-21,4831.8,179,83,1940.261,731.212,17,0,0.4526,BULLISH,4.844,1,RESOLVED,-6.014,0,RESOLVED,-8.288,0,RESOLVED,,,PENDING
2026-01-22,4908.8,108,99,1096.747,887.794,0,0,0.1053,BULLISH,0.303,1,RESOLVED,-11.501,0,RESOLVED,-8.711,0,RESOLVED,,,PENDING
2026-01-23,4976.2,196,67,2078.881,587.142,17,0,0.5595,BULLISH,0.916,1,RESOLVED,-10.237,0,RESOLVED,-8.723,0,RESOLVED,,,PENDING
2026-01-24,,0,32,0.0,266.564,0,0,-1.0,BEARISH,,,PENDING,,,PENDING,,,PENDING,,,PENDING
2026-01-25,,0,32,0.0,266.564,0,0,-1.0,BEARISH,,,PENDING,,,PENDING,,,PENDING,,,PENDING
2026-01-26,5079.7,61,55,505.517,485.376,0,0,0.0203,NEUTRAL,,,PENDING,-11.541,0,RESOLVED,-12.67,0,RESOLVED,,,PENDING
2026-01-27,5079.9,326,28,3453.227,241.754,19,0,0.8691,BULLISH,-3.955,0,RESOLVED,-8.894,0,RESOLVED,-12.364,0,RESOLVED,,,PENDING
2026-01-28,5301.6,91,57,801.871,503.305,0,0,0.2288,BULLISH,-6.127,0,RESOLVED,-10.29,0,RESOLVED,-16.685,0,RESOLVED,,,PENDING
2026-01-29,5318.4,89,67,796.157,600.677,0,0,0.1399,BULLISH,-6.657,0,RESOLVED,-13.398,0,RESOLVED,,,PENDING,,,PENDING
2026-01-30,4713.9,47,44,400.803,376.813,0,0,0.0309,NEUTRAL,7.071,1,RESOLVED,,,PENDING,,,PENDING,,,PENDING
2026-01-31,,0,35,0.0,288.443,0,0,-1.0,BEARISH,,,PENDING,,,PENDING,,,PENDING,,,PENDING
2026-02-01,,0,35,0.0,288.443,0,0,-1.0,BEARISH,,,PENDING,,,PENDING,,,PENDING,,,PENDING
2026-02-02,4622.5,35,108,292.541,993.253,0,0,-0.545,BEARISH,11.863,1,RESOLVED,0.739,1,RESOLVED,,,PENDING,,,PENDING
2026-02-03,4903.7,49,54,417.543,457.206,0,0,-0.0453,NEUTRAL,5.013,1,RESOLVED,-5.16,0,RESOLVED,,,PENDING,,,PENDING
2026-02-04,4920.4,54,92,454.327,794.225,0,0,-0.2722,BEARISH,5.65,1,RESOLVED,-3.535,0,RESOLVED,,,PENDING,,,PENDING
2026-02-05,4861.4,27,111,223.522,906.284,0,0,-0.6043,BEARISH,6.28,1,RESOLVED,-1.434,0,RESOLVED,,,PENDING,,,PENDING
2026-02-06,4951.2,241,72,2492.103,578.475,19,0,0.6232,BULLISH,5.488,1,RESOLVED,-3.898,0,RESOLVED,,,PENDING,,,PENDING
2026-02-07,,0,57,0.0,441.197,0,0,-1.0,BEARISH,,,PENDING,,,PENDING,,,PENDING,,,PENDING
2026-02-08,,0,51,0.0,403.072,0,0,-1.0,BEARISH,,,PENDING,,,PENDING,,,PENDING,,,PENDING
2026-02-09,5050.9,45,79,377.882,651.863,0,0,-0.2661,BEARISH,4.708,1,RESOLVED,-6.302,0,RESOLVED,,,PENDING,,,PENDING
2026-02-10,5003.8,114,108,1047.855,911.193,0,0,0.0698,NEUTRAL,2.049,1,RESOLVED,-3.639,0,RESOLVED,,,PENDING,,,PENDING
2026-02-11,5071.6,32,100,262.176,833.504,0,0,-0.5214,BEARISH,0.954,1,RESOLVED,-5.504,0,RESOLVED,,,PENDING,,,PENDING
2026-02-12,4923.7,23,65,185.26,518.812,0,0,-0.4737,BEARISH,2.835,1,RESOLVED,-2.849,0,RESOLVED,,,PENDING,,,PENDING
2026-02-13,5022.0,260,27,2687.814,223.682,19,0,0.8463,BULLISH,2.441,1,RESOLVED,-3.328,0,RESOLVED,,,PENDING,,,PENDING
2026-02-14,,0,17,0.0,143.559,0,0,-1.0,BEARISH,,,PENDING,,,PENDING,,,PENDING,,,PENDING
2026-02-15,,0,33,0.0,266.998,0,0,-1.0,BEARISH,,,PENDING,,,PENDING,,,PENDING,,,PENDING
2026-02-16,,0,42,0.0,338.73,0,0,-1.0,BEARISH,,,PENDING,,,PENDING,,,PENDING,,,PENDING
2026-02-17,4882.9,115,66,1103.545,560.149,0,0,0.3266,BULLISH,6.861,1,RESOLVED,-3.852,0,RESOLVED,,,PENDING,,,PENDING
2026-02-18,4986.5,30,55,245.021,457.632,0,0,-0.3026,BEARISH,3.564,1,RESOLVED,-5.228,0,RESOLVED,,,PENDING,,,PENDING
2026-02-19,4975.9,167,59,1834.301,507.588,17,0,0.5665,BULLISH,2.773,1,RESOLVED,-5.596,0,RESOLVED,,,PENDING,,,PENDING
2026-02-20,5059.3,171,21,1871.155,175.356,17,0,0.8286,BULLISH,-0.134,0,RESOLVED,-6.893,0,RESOLVED,,,PENDING,,,PENDING
2026-02-21,,0,17,0.0,143.559,0,0,-1.0,BEARISH,,,PENDING,,,PENDING,,,PENDING,,,PENDING
2026-02-22,,0,29,0.0,239.019,0,0,-1.0,BEARISH,,,PENDING,,,PENDING,,,PENDING,,,PENDING
2026-02-23,5204.7,26,40,217.859,320.061,0,0,-0.19,BEARISH,-4.132,0,RESOLVED,-10.725,0,RESOLVED,,,PENDING,,,PENDING
2026-02-24,5155.8,102,46,1099.976,377.197,17,0,0.4893,BULLISH,-3.048,0,RESOLVED,-11.592,0,RESOLVED,,,PENDING,,,PENDING
2026-02-25,5206.4,319,24,3246.605,208.142,19,0,0.8795,BULLISH,-6.272,0,RESOLVED,-13.582,0,RESOLVED,,,PENDING,,,PENDING
2026-02-26,5176.5,133,23,1484.256,193.108,0,0,0.7697,BULLISH,-11.792,0,RESOLVED,-11.488,0,RESOLVED,,,PENDING,,,PENDING
2026-02-27,5230.5,30,27,250.907,215.697,0,0,0.0755,NEUTRAL,-13.491,0,RESOLVED,-12.197,0,RESOLVED,,,PENDING,,,PENDING
2026-02-28,,0,24,0.0,193.417,0,0,-1.0,BEARISH,,,PENDING,,,PENDING,,,PENDING,,,PENDING
2026-03-01,,0,30,0.0,236.675,0,0,-1.0,BEARISH,,,PENDING,,,PENDING,,,PENDING,,,PENDING
2026-03-02,5294.4,65,31,610.434,258.872,0,0,0.4044,BULLISH,-18.411,0,RESOLVED,-15.825,0,RESOLVED,,,PENDING,,,PENDING
2026-03-03,5107.4,50,24,466.007,194.288,0,0,0.4115,BULLISH,-14.925,0,RESOLVED,-11.429,0,RESOLVED,,,PENDING,,,PENDING
2026-03-04,5120.2,496,25,5261.562,209.492,19,0,0.9234,BULLISH,-11.811,0,RESOLVED,-8.949,0,RESOLVED,,,PENDING,,,PENDING
2026-03-05,5065.3,298,10,3187.315,80.888,0,0,0.9505,BULLISH,-14.639,0,RESOLVED,-7.489,0,RESOLVED,,,PENDING,,,PENDING
2026-03-06,5146.1,52,23,496.914,187.719,0,0,0.4516,BULLISH,-13.594,0,RESOLVED,-8.635,0,RESOLVED,,,PENDING,,,PENDING
2026-03-07,,0,23,0.0,188.773,0,0,-1.0,BEARISH,,,PENDING,,,PENDING,,,PENDING,,,PENDING
2026-03-08,,0,33,0.0,260.796,0,0,-1.0,BEARISH,,,PENDING,,,PENDING,,,PENDING,,,PENDING
2026-03-09,5091.5,78,16,764.752,118.591,0,0,0.7315,BULLISH,-11.773,0,RESOLVED,-7.604,0,RESOLVED,,,PENDING,,,PENDING
2026-03-10,5229.7,252,7,2838.158,51.068,17,0,0.9646,BULLISH,-11.8,0,RESOLVED,-11.157,0,RESOLVED,,,PENDING,,,PENDING
2026-03-11,5167.4,360,22,3916.449,175.059,17,0,0.9144,BULLISH,-7.726,0,RESOLVED,-9.53,0,RESOLVED,,,PENDING,,,PENDING
2026-03-12,5115.8,163,1,1808.561,7.025,0,0,0.9923,BULLISH,-9.514,0,RESOLVED,-8.944,0,RESOLVED,,,PENDING,,,PENDING
2026-03-13,5052.5,325,1,3598.631,7.025,16,0,0.9961,BULLISH,,,PENDING,-10.348,0,RESOLVED,,,PENDING,,,PENDING
2026-03-14,,0,10,0.0,80.606,0,0,-1.0,BEARISH,,,PENDING,,,PENDING,,,PENDING,,,PENDING
2026-03-15,,0,1,0.0,7.025,0,0,-1.0,BEARISH,,,PENDING,,,PENDING,,,PENDING,,,PENDING
2026-03-16,4994.0,422,16,4382.919,122.701,0,0,0.9455,BULLISH,-6.991,0,RESOLVED,-9.256,0,RESOLVED,,,PENDING,,,PENDING
2026-03-17,5001.0,542,11,5816.613,88.074,17,0,0.9702,BULLISH,-7.124,0,RESOLVED,-10.416,0,RESOLVED,,,PENDING,,,PENDING
2026-03-18,4889.9,74,6,822.318,44.614,0,0,0.8971,BULLISH,-2.913,0,RESOLVED,-7.616,0,RESOLVED,,,PENDING,,,PENDING
2026-03-19,4600.7,173,5,1890.111,36.891,0,0,0.9617,BULLISH,4.078,1,RESOLVED,-1.333,0,RESOLVED,,,PENDING,,,PENDING
2026-03-20,4570.4,242,7,2732.201,49.571,0,0,0.9644,BULLISH,4.105,1,RESOLVED,-1.087,0,RESOLVED,,,PENDING,,,PENDING
2026-03-21,,0,3,0.0,23.335,0,0,-1.0,BEARISH,,,PENDING,,,PENDING,,,PENDING,,,PENDING
2026-03-22,,0,3,0.0,23.335,0,0,-1.0,BEARISH,,,PENDING,,,PENDING,,,PENDING,,,PENDING
2026-03-23,4404.1,68,1,767.127,8.374,0,0,0.9784,BULLISH,7.401,1,RESOLVED,,,PENDING,,,PENDING,,,PENDING
2026-03-24,4399.3,68,5,767.127,34.044,0,0,0.915,BULLISH,9.237,1,RESOLVED,2.272,1,RESOLVED,,,PENDING,,,PENDING
2026-03-25,4549.8,259,9,2699.797,67.763,19,0,0.951,BULLISH,5.353,1,RESOLVED,-2.274,0,RESOLVED,,,PENDING,,,PENDING
2026-03-26,4375.5,1,4,9.474,26.235,0,0,-0.4694,BEARISH,8.955,1,RESOLVED,2.79,1,RESOLVED,,,PENDING,,,PENDING
2026-03-27,4492.0,1,7,9.474,49.571,0,0,-0.6791,BEARISH,7.825,1,RESOLVED,1.513,1,RESOLVED,,,PENDING,,,PENDING
2026-03-28,,0,0,0.0,0.0,0,0,0.0,NEUTRAL,,,PENDING,,,PENDING,,,PENDING,,,PENDING
2026-03-29,,0,0,0.0,0.0,0,0,0.0,NEUTRAL,,,PENDING,,,PENDING,,,PENDING,,,PENDING
2026-03-30,4526.0,1,14,9.474,98.528,0,0,-0.8246,BEARISH,6.015,1,RESOLVED,-1.129,0,RESOLVED,,,PENDING,,,PENDING
2026-03-31,4647.6,205,6,2219.603,41.635,19,0,0.9632,BULLISH,1.087,1,RESOLVED,-3.47,0,RESOLVED,,,PENDING,,,PENDING
2026-04-01,4783.2,150,29,1586.053,225.678,17,0,0.7509,BULLISH,-1.066,0,RESOLVED,-6.395,0,RESOLVED,,,PENDING,,,PENDING
2026-04-02,4651.5,7,2,64.665,13.556,0,0,0.6534,BULLISH,1.146,1,RESOLVED,,,PENDING,,,PENDING,,,PENDING
2026-04-03,,0,1,0.0,7.025,0,0,-1.0,BEARISH,,,PENDING,,,PENDING,,,PENDING,,,PENDING
2026-04-04,,0,1,0.0,7.025,0,0,-1.0,BEARISH,,,PENDING,,,PENDING,,,PENDING,,,PENDING
2026-04-05,,0,0,0.0,0.0,0,0,0.0,NEUTRAL,,,PENDING,,,PENDING,,,PENDING,,,PENDING
2026-04-06,4656.8,128,17,1216.909,144.527,0,0,0.7877,BULLISH,0.399,1,RESOLVED,,,PENDING,,,PENDING,,,PENDING
2026-04-07,4657.1,77,0,729.469,0.0,0,0,1.0,BULLISH,-1.419,0,RESOLVED,,,PENDING,,,PENDING,,,PENDING
2026-04-08,4749.5,223,2,2345.412,13.494,19,0,0.9886,BULLISH,-4.397,0,RESOLVED,,,PENDING,,,PENDING,,,PENDING
2026-04-09,4792.2,477,47,5163.567,400.592,17,0,0.856,BULLISH,-3.774,0,RESOLVED,,,PENDING,,,PENDING,,,PENDING
2026-04-10,4761.9,449,26,4910.738,220.176,19,0,0.9142,BULLISH,-2.811,0,RESOLVED,,,PENDING,,,PENDING,,,PENDING
2026-04-11,,0,0,0.0,0.0,0,0,0.0,NEUTRAL,,,PENDING,,,PENDING,,,PENDING,,,PENDING
2026-04-12,,0,0,0.0,0.0,0,0,0.0,NEUTRAL,,,PENDING,,,PENDING,,,PENDING,,,PENDING
2026-04-13,4742.4,275,9,2968.583,74.885,0,0,0.9508,BULLISH,-4.814,0,RESOLVED,,,PENDING,,,PENDING,,,PENDING
2026-04-14,4825.0,573,13,6248.354,109.698,17,0,0.9655,BULLISH,-5.741,0,RESOLVED,,,PENDING,,,PENDING,,,PENDING
2026-04-15,4800.0,558,6,6041.174,52.104,17,0,0.9829,BULLISH,-2.491,0,RESOLVED,,,PENDING,,,PENDING,,,PENDING
2026-04-16,4785.4,615,28,6562.673,238.824,17,0,0.9298,BULLISH,-1.805,0,RESOLVED,,,PENDING,,,PENDING,,,PENDING
2026-04-17,4857.6,782,66,8236.764,571.821,19,0,0.8702,BULLISH,-2.865,0,RESOLVED,,,PENDING,,,PENDING,,,PENDING
2026-04-18,,0,0,0.0,0.0,0,0,0.0,NEUTRAL,,,PENDING,,,PENDING,,,PENDING,,,PENDING
2026-04-19,,0,0,0.0,0.0,0,0,0.0,NEUTRAL,,,PENDING,,,PENDING,,,PENDING,,,PENDING
2026-04-20,4806.6,393,25,4081.057,213.412,0,0,0.9006,BULLISH,-1.846,0,RESOLVED,,,PENDING,,,PENDING,,,PENDING
2026-04-21,4698.4,450,9,4826.141,79.691,0,0,0.9675,BULLISH,-0.444,0,RESOLVED,,,PENDING,,,PENDING,,,PENDING
2026-04-22,4732.5,857,9,8912.207,79.691,19,0,0.9823,BULLISH,-0.738,0,RESOLVED,,,PENDING,,,PENDING,,,PENDING
2026-04-23,4705.1,604,5,6279.864,43.728,0,0,0.9862,BULLISH,-0.575,0,RESOLVED,,,PENDING,,,PENDING,,,PENDING
2026-04-24,4722.3,325,0,3383.258,0.0,8,0,1.0,BULLISH,-3.589,0,RESOLVED,,,PENDING,,,PENDING,,,PENDING
2026-04-25,,0,0,0.0,0.0,0,0,0.0,NEUTRAL,,,PENDING,,,PENDING,,,PENDING,,,PENDING
2026-04-26,,0,0,0.0,0.0,0,0,0.0,NEUTRAL,,,PENDING,,,PENDING,,,PENDING,,,PENDING
2026-04-27,4675.4,523,5,5460.547,43.728,0,0,0.9841,BULLISH,-2.664,0,RESOLVED,,,PENDING,,,PENDING,,,PENDING
2026-04-28,4591.5,549,12,5765.262,102.673,0,0,0.965,BULLISH,-1.873,0,RESOLVED,,,PENDING,,,PENDING,,,PENDING
2026-04-29,4545.2,285,2,3118.027,15.938,0,0,0.9898,BULLISH,-0.306,0,RESOLVED,,,PENDING,,,PENDING,,,PENDING
2026-04-30,4614.7,496,0,5436.579,0.0,17,0,1.0,BULLISH,-1.636,0,RESOLVED,,,PENDING,,,PENDING,,,PENDING
2026-05-01,4629.9,754,2,7857.318,15.938,19,0,0.996,BULLISH,-2.38,0,RESOLVED,,,PENDING,,,PENDING,,,PENDING
2026-05-02,,0,0,0.0,0.0,0,0,0.0,NEUTRAL,,,PENDING,,,PENDING,,,PENDING,,,PENDING
2026-05-03,,0,0,0.0,0.0,0,0,0.0,NEUTRAL,,,PENDING,,,PENDING,,,PENDING,,,PENDING
2026-05-04,4519.5,628,3,6497.89,22.654,0,0,0.9931,BULLISH,,,PENDING,,,PENDING,,,PENDING,,,PENDING
2026-05-05,4555.8,808,1,8446.786,9.407,19,0,0.9978,BULLISH,-1.223,0,RESOLVED,,,PENDING,,,PENDING,,,PENDING
2026-05-06,4681.9,448,2,4731.204,17.216,0,0,0.9927,BULLISH,-5.136,0,RESOLVED,,,PENDING,,,PENDING,,,PENDING
2026-05-07,4699.8,404,1,4275.655,9.407,0,0,0.9956,BULLISH,-4.36,0,RESOLVED,,,PENDING,,,PENDING,,,PENDING
2026-05-08,4720.4,472,5,4919.56,43.787,17,0,0.9824,BULLISH,-3.446,0,RESOLVED,,,PENDING,,,PENDING,,,PENDING
2026-05-09,,0,0,0.0,0.0,0,0,0.0,NEUTRAL,,,PENDING,,,PENDING,,,PENDING,,,PENDING
2026-05-10,,0,0,0.0,0.0,0,0,0.0,NEUTRAL,,,PENDING,,,PENDING,,,PENDING,,,PENDING
2026-05-11,4718.7,546,1,5681.279,6.57,0,0,0.9977,BULLISH,-5.298,0,RESOLVED,,,PENDING,,,PENDING,,,PENDING
2026-05-12,4677.6,495,2,5193.84,15.977,0,0,0.9939,BULLISH,-4.113,0,RESOLVED,,,PENDING,,,PENDING,,,PENDING
2026-05-13,4697.7,233,2,2385.163,15.977,0,0,0.9867,BULLISH,-4.591,0,RESOLVED,,,PENDING,,,PENDING,,,PENDING
2026-05-14,4678.1,654,2,6855.195,18.817,18,0,0.9945,BULLISH,,,PENDING,,,PENDING,,,PENDING,,,PENDING
2026-05-15,4555.8,236,3,2524.425,25.287,0,0,0.9802,BULLISH,,,PENDING,,,PENDING,,,PENDING,,,PENDING
2026-05-16,,0,0,0.0,0.0,0,0,0.0,NEUTRAL,,,PENDING,,,PENDING,,,PENDING,,,PENDING
2026-05-17,,0,1,0.0,7.025,0,0,-1.0,BEARISH,,,PENDING,,,PENDING,,,PENDING,,,PENDING
2026-05-18,4552.5,101,2,1021.057,17.782,0,0,0.9658,BULLISH,,,PENDING,,,PENDING,,,PENDING,,,PENDING
2026-05-19,4506.3,169,3,1838.118,24.929,16,0,0.9732,BULLISH,,,PENDING,,,PENDING,,,PENDING,,,PENDING
2026-05-20,4531.3,382,3,4193.386,25.842,16,0,0.9878,BULLISH,,,PENDING,,,PENDING,,,PENDING,,,PENDING
2026-05-21,4539.8,304,4,3341.485,34.423,16,0,0.9796,BULLISH,,,PENDING,,,PENDING,,,PENDING,,,PENDING
2026-05-22,4521.0,171,20,1774.728,180.161,0,0,0.8157,BULLISH,,,PENDING,,,PENDING,,,PENDING,,,PENDING
2026-05-23,,0,1,0.0,7.025,0,0,-1.0,BEARISH,,,PENDING,,,PENDING,,,PENDING,,,PENDING
2026-05-24,,0,0,0.0,0.0,0,0,0.0,NEUTRAL,,,PENDING,,,PENDING,,,PENDING,,,PENDING
2026-05-25,,0,0,0.0,0.0,0,0,0.0,NEUTRAL,,,PENDING,,,PENDING,,,PENDING,,,PENDING
2026-05-26,4500.4,176,17,1814.252,156.511,0,0,0.8412,BULLISH,,,PENDING,,,PENDING,,,PENDING,,,PENDING
2026-05-27,4447.5,104,16,1042.179,140.379,0,0,0.7626,BULLISH,,,PENDING,,,PENDING,,,PENDING,,,PENDING
2026-05-28,4499.3,176,55,1814.252,506.436,0,0,0.5635,BULLISH,,,PENDING,,,PENDING,,,PENDING,,,PENDING
2026-05-29,4560.5,249,88,2670.837,797.722,16,0,0.54,BULLISH,,,PENDING,,,PENDING,,,PENDING,,,PENDING
2026-05-30,,0,0,0.0,0.0,0,0,0.0,NEUTRAL,,,PENDING,,,PENDING,,,PENDING,,,PENDING
2026-05-31,,0,0,0.0,0.0,0,0,0.0,NEUTRAL,,,PENDING,,,PENDING,,,PENDING,,,PENDING
2026-06-01,4475.2,176,65,1814.252,597.926,0,0,0.5042,BULLISH,,,PENDING,,,PENDING,,,PENDING,,,PENDING
2026-06-02,4489.1,27,33,191.778,294.001,0,0,-0.2104,BEARISH,,,PENDING,,,PENDING,,,PENDING,,,PENDING
2026-06-03,4486.9,0,4,0.0,27.763,0,0,-1.0,BEARISH,,,PENDING,,,PENDING,,,PENDING,,,PENDING
2026-06-04,,0,0,0.0,0.0,0,0,0.0,NEUTRAL,,,PENDING,,,PENDING,,,PENDING,,,PENDING
2026-06-05,,0,0,0.0,0.0,0,0,0.0,NEUTRAL,,,PENDING,,,PENDING,,,PENDING,,,PENDING
2026-06-08,,0,0,0.0,0.0,0,0,0.0,NEUTRAL,,,PENDING,,,PENDING,,,PENDING,,,PENDING
2026-06-09,,0,0,0.0,0.0,0,0,0.0,NEUTRAL,,,PENDING,,,PENDING,,,PENDING,,,PENDING
2026-06-10,,0,0,0.0,0.0,0,0,0.0,NEUTRAL,,,PENDING,,,PENDING,,,PENDING,,,PENDING
2026-06-11,,0,0,0.0,0.0,0,0,0.0,NEUTRAL,,,PENDING,,,PENDING,,,PENDING,,,PENDING
2026-06-12,,0,0,0.0,0.0,0,0,0.0,NEUTRAL,,,PENDING,,,PENDING,,,PENDING,,,PENDING
2026-06-15,,0,0,0.0,0.0,0,0,0.0,NEUTRAL,,,PENDING,,,PENDING,,,PENDING,,,PENDING
2026-06-16,,0,0,0.0,0.0,0,0,0.0,NEUTRAL,,,PENDING,,,PENDING,,,PENDING,,,PENDING
