,no_tilt_capped,no_tilt_uncapped,spy_bh,static_capped,hth_capped
2025-01-02,100000.0,100000.0,100000.0,100000.0,100000.0
2025-01-03,100417.59118453765,100466.78225396208,101250.33666861651,100417.59118453765,100417.59118453765
2025-01-06,101009.65994299272,101582.82280660648,101833.6061103752,101009.65994299272,101009.65994299272
2025-01-07,99861.07661837176,99923.00696108895,100682.46687037832,99861.07661837176,99861.07661837176
2025-01-08,99753.70265909181,99535.12873561983,100829.56841704693,99753.70265909181,99753.70265909181
2025-01-10,99471.42984229395,99443.41376060157,99290.15480878229,99471.42984229395,99471.42984229395
2025-01-13,99275.62329943533,99132.83336859601,99444.10887908071,99275.62329943533,99275.62329943533
2025-01-14,99552.74369115214,99720.44186215255,99580.93693591787,99552.74369115214,99552.74369115214
2025-01-15,101304.59734926396,101841.51244068227,101392.31206159602,101304.59734926396,101304.59734926396
2025-01-16,101431.34036950543,101933.85557033733,101197.31698810509,101431.34036950543,101431.34036950543
2025-01-17,102565.48258987548,103591.97742435656,102213.33335875225,102565.48258987548,102565.48258987548
2025-01-21,103177.13752243073,104372.79849747411,103148.9517280486,103177.13752243073,103177.13752243073
2025-01-22,103044.11323477386,103894.18567163571,103728.78961237909,103044.11323477386,103044.11323477386
2025-01-23,103113.54120551514,103980.88889516334,104294.94363190317,103113.54120551514,103113.54120551514
2025-01-24,103229.0199297824,104272.56999131881,103990.47763996119,103229.0199297824,103229.0199297824
2025-01-27,102232.81974901141,102912.86755753415,102519.50453818173,102232.81974901141,102232.81974901141
2025-01-28,102688.54304066191,103224.32361647903,103400.37685702594,102688.54304066191,102688.54304066191
2025-01-29,102903.98938397855,103814.87331267053,102936.85182354972,102903.98938397855,102903.98938397855
2025-01-30,103710.70479404967,104794.95259927756,103489.32197826741,103710.70479404967,103710.70479404967
2025-01-31,103047.68060437517,103861.4916590355,102938.56760226384,103047.68060437517,103047.68060437517
2025-02-03,103017.9202061633,103744.6292887814,102245.82724205409,103017.9202061633,103017.9202061633
2025-02-04,102774.35606327196,103005.88369734013,102931.71507863399,102774.35606327196,102774.35606327196
2025-02-05,103103.25780386112,103079.10799496995,103349.06236400199,103103.25780386112,103103.25780386112
2025-02-06,103093.03990440512,103008.43245265588,103708.27440639611,103093.03990440512,103093.03990440512
2025-02-07,102797.58844304875,102827.4804997833,102758.97217229338,102797.58844304875,102797.58844304875
2025-02-10,103513.57895232976,103690.47937400673,103456.81750373892,103513.57895232976,103513.57895232976
2025-02-11,103099.84759499134,103068.9066719408,103535.51031760224,103099.84759499134,103099.84759499134
2025-02-12,103088.08644719006,103453.43512074965,103201.98199978666,103088.08644719006,103088.08644719006
2025-02-13,103541.0740318121,103608.03740664452,104291.52266570154,103541.0740318121,103541.0740318121
2025-02-14,103431.10836230332,103538.17445411168,104286.39651201246,103431.10836230332,103431.10836230332
2025-02-18,103397.91184363878,103327.55525361311,104592.55710021532,103397.91184363878,103397.91184363878
2025-02-19,103609.67257161155,103643.14591563233,104838.86666673017,103609.67257161155,103609.67257161155
2025-02-20,103827.30229886017,104198.02484658813,104402.71995409334,103827.30229886017,103827.30229886017
2025-02-21,103107.70296618133,103257.78303554504,102616.99677931383,103107.70296618133,103107.70296618133
2025-02-24,102320.68779959467,101838.21352280043,102150.04018840939,102320.68779959467,102320.68779959467
2025-02-25,101627.23224692461,100657.2537221751,101642.0320030858,101627.23224692461,101627.23224692461
2025-02-26,101105.13994241679,99452.79979440445,101693.34649610972,101105.13994241679,101105.13994241679
2025-02-27,100371.00136262506,98887.58523595851,100070.12451151933,100371.00136262506,100371.00136262506
2025-02-28,100791.55824709026,98948.68027791678,101631.76910448102,100791.55824709026,100791.55824709026
2025-03-03,100807.43127343709,99506.85177114338,99851.18267461723,100807.43127343709,100807.43127343709
2025-03-04,100404.53468583745,99527.77932657732,98669.27592125926,100404.53468583745,100404.53468583745
2025-03-05,101095.55725582216,100724.7995065229,99729.74367007392,101095.55725582216,101095.55725582216
2025-03-06,100313.36710431172,100040.28632640952,97959.44132126818,100313.36710431172,100313.36710431172
2025-03-07,99787.90036112354,98989.48294350354,98508.49050978427,99787.90036112354,99787.90036112354
2025-03-10,97545.19451439277,95690.0917211894,95884.6517980672,97545.19451439277,97545.19451439277
2025-03-11,98028.94852069198,97038.11243510318,95087.5666730955,98028.94852069198,98028.94852069198
2025-03-12,98475.64485506759,97625.484220654,95592.16448344412,98475.64485506759,98475.64485506759
2025-03-13,98050.95025195596,96935.62038291054,94317.85986896318,98050.95025195596,98050.95025195596
2025-03-14,99239.72966862838,98426.58141166305,96266.08423393178,99239.72966862838,99239.72966862838
2025-03-17,99583.29897370416,98712.36164149239,97008.43389967796,99583.29897370416,99583.29897370416
2025-03-18,99211.9679599937,98289.06238809768,95959.92364572895,99211.9679599937,99211.9679599937
2025-03-19,100451.19304362834,100040.05899820449,97005.00234224975,100451.19304362834,100451.19304362834
2025-03-20,99964.04344443815,99160.08265198182,96724.48311371893,99964.04344443815,99964.04344443815
2025-03-21,99758.74973587459,98912.98096894706,96756.3944795561,99758.74973587459,99758.74973587459
2025-03-24,100811.30434525461,100361.99991124833,98489.15092995734,100811.30434525461,100811.30434525461
2025-03-25,100943.62512282847,100488.37675428393,98725.90721005165,100943.62512282847,100943.62512282847
2025-03-26,100370.38595124653,99953.17733988876,97547.28373694906,100370.38595124653,100370.38595124653
2025-03-27,100494.8735370794,100235.62767810012,97288.23292479792,100494.8735370794,100494.8735370794
2025-03-28,99686.78330460172,99175.2430259082,95329.01486658707,99686.78330460172,99686.78330460172
2025-03-31,100006.83057333357,99152.90287549359,95968.93677959136,100006.83057333357,100006.83057333357
2025-04-01,100711.54924380827,100196.61353860896,96239.98745151468,100711.54924380827,100711.54924380827
2025-04-02,100518.32302680933,99573.01257533186,96849.04653011821,100518.32302680933,100518.32302680933
2025-04-03,98478.71617293429,98110.13293116976,92076.23734388134,98478.71617293429,98478.71617293429
2025-04-04,96423.91530757709,96510.21638935157,86685.82195915027,96423.91530757709,96423.91530757709
2025-04-07,94765.2543965554,94177.09030485869,86531.41776172006,94875.3959734329,94966.93889216484
2025-04-08,93479.68947239482,92696.22223679184,85176.10085474377,93573.6000646324,93651.62674778624
2025-04-09,98670.03330031697,98033.06285419075,94121.23374657122,99112.23031921251,99480.25369574479
2025-04-10,96555.81928564164,96242.17733532848,89996.93595813584,96988.54129876973,97046.53434790342
2025-04-11,98204.8807268665,98443.84788093674,91602.72478369271,98650.48099316355,98714.03167985774
2025-04-14,98694.80249436495,98977.10461186864,92491.4134277901,99177.06413330075,99269.59554728943
2025-04-15,98667.43603127317,98822.3932895682,92232.34143318569,99131.0233119303,99208.08755508917
2025-04-16,98612.53218029389,99208.99837275397,90182.20828558011,98916.72707511514,98861.25914022201
2025-04-17,98574.51511622242,99304.61812996588,90310.88109791194,98891.8719706919,98847.44866765871
2025-04-21,98391.1396262071,100022.4645054304,88161.23278488782,98547.17027871632,98369.36807314519
2025-04-22,100405.08189077512,102669.62320537426,90455.00650989743,100604.81432432587,100456.90669078182
2025-04-23,100537.00134577685,102419.14768447271,91856.62825970151,100842.6786872689,100782.1290082142
2025-04-24,101754.1116835047,103540.48235904892,93790.13081965395,102063.48958347132,102124.45895540237
2025-04-25,101989.44517089523,103700.53734183157,94467.78927314209,102299.53858966414,102428.69762917324
2025-04-28,102369.87328290759,104195.36979673267,94503.81003491183,102681.12337287568,102764.23830517224
2025-04-29,102583.53845268217,104171.94716082719,95099.12170134918,102895.43818009908,103037.43948964172
2025-04-30,102417.89397997767,103990.31221887008,95136.86883305968,102729.29007429063,102899.17691002639
2025-05-01,102451.7848966171,104144.08579932002,95811.09572911961,102763.28403443804,103027.52225367265
2025-05-02,102977.3936104358,104682.28094261883,97233.32800594631,103290.4908332618,103691.83192132658
2025-05-05,102815.38570607956,104423.84538625715,96675.75287999281,103127.99035259195,103470.17428076643
2025-05-06,103441.05931921912,105613.03613358608,95867.70583545872,103755.56629267728,103897.11936315548
2025-05-07,103625.41139166974,105694.25903889097,96270.88205959536,103940.47887768199,104116.43556176474
2025-05-08,104283.74958953256,107089.29633548186,96941.67739822704,104600.81871740235,104786.57473458245
2025-05-09,104424.92543920552,107277.05047227863,96818.15192203755,104742.42380464787,104891.07902173887
2025-05-12,104914.99971056878,107217.2758405313,100017.75089583242,105233.98812045646,105786.75129266028
2025-05-13,105294.2260304069,107816.53518494655,100678.26215340607,105614.36745750933,106212.02233132723
2025-05-14,104780.5152122821,107116.7030587275,100806.93496573789,105099.09472929094,105782.5332792458
2025-05-15,105358.75549128237,107718.37319456134,101299.29990932849,105679.09311673748,106357.20142915468
2025-05-16,105385.13185086896,107554.1919052108,101940.9270098203,105705.54967222577,106471.59183436322
2025-05-19,105905.69103069748,108491.2054133193,102052.44203501099,106227.69158422304,106941.97929323364
2025-05-20,106130.38890219737,109053.68298202421,101709.32865709494,106453.07263750755,107089.32992991236
2025-05-21,105772.3931658227,109411.51156679018,99995.45636377558,106093.98843436445,106532.33064608615
2025-05-22,106101.38571318568,109947.53397223185,100034.8980917469,106423.98126586067,106824.44136449028
2025-05-23,105605.69836729638,109068.73929142639,99352.09230211642,105926.78680927507,106294.16750135763
2025-05-27,106529.7795006567,109838.99611836321,101417.68864060225,106853.6775615855,107397.86777089117
2025-05-28,106082.95232898243,109276.93932423572,100830.94527650882,106405.49183594486,106924.22231671923
2025-05-29,106136.66329154254,109012.71912061678,101228.95298204986,106459.36610379581,107028.26421469564
2025-05-30,105688.45297969511,108285.18012232849,101115.7433605983,106009.79303261878,106621.35916620704
2025-06-02,106439.11767610807,109467.43293302898,101685.31834632397,106762.74008463892,107357.39473306446
2025-06-03,106521.10930925077,109376.0656351096,102265.18800433431,106844.98100892923,107511.9172503639
2025-06-04,106768.82398698917,109510.87124180447,102237.72495368186,107093.4488498128,107724.10732448663
2025-06-05,105965.755511086,108259.1862093969,101743.63364015054,106287.93868743138,106953.14144523702
2025-06-06,106460.20527464195,109055.37076798569,102788.43696477893,106783.89179888116,107533.4796861137
2025-06-09,107435.81973372797,110893.41904901297,102881.07842411438,107762.47256122054,108398.40937532843
2025-06-10,107674.45343610534,111024.32900761244,103464.37963955295,108001.83181652625,108689.88482285923
2025-06-11,107338.43184814147,110498.01738134792,103169.30806563207,107664.78857300951,108354.65724168322
2025-06-12,107558.21017372522,110375.44081969965,103579.32622217188,107885.2351227633,108604.83342793297
2025-06-13,107360.98335259146,110433.42056330919,102421.3026848653,107687.40864409502,108268.00439192538
2025-06-16,107441.0940022529,110503.82124577758,103395.75908221508,107767.76286587505,108477.55420335631
2025-06-17,107048.43372809765,109779.44021848137,102512.23895671329,107373.90872928998,108009.14959316544
2025-06-18,107164.8405833899,109928.35136738601,102496.79694828627,107490.6695133605,108108.46316827707
2025-06-20,106650.94602576763,109184.58016826448,102256.06895820558,106975.2124869946,107625.92194974571
2025-06-23,107419.28739972215,110205.03907988578,103266.10128580662,107745.88996154297,108440.31193401098
2025-06-24,107562.51816653673,110188.78479224296,104406.9034886123,107889.55621379508,108727.78319688207
2025-06-25,107828.55232213532,110659.62907829357,104465.40942451824,108156.39923192529,108968.48779343526
2025-06-26,108124.66153879144,110827.3347011101,105282.72379235386,108453.40875271747,109342.77774973035
2025-06-27,107856.84541073351,110443.64159552315,105805.8032931724,108184.77834413659,109182.36678404252
2025-06-30,108270.3551772415,110829.96140991345,106311.6932331699,108599.54536483373,109614.9893886778
2025-07-01,108356.58907372926,110781.47445348752,106277.282337848,108686.0414508425,109685.63970426736
2025-07-02,108960.56450354499,111848.85139967373,106759.06664603489,109291.85323544542,110281.5401643961
2025-07-03,109218.65501501427,112124.09748024226,107600.47605445451,109550.72845722389,110625.22215546093
2025-07-07,108624.01142862129,111444.78376123468,106798.63546872578,108954.27688901138,109992.79765735999
2025-07-08,108526.03158042891,111401.61934841426,106740.14012404649,108855.99913836404,109898.86899314128
2025-07-09,109319.97510443642,112431.69646274831,107380.22090545023,109652.35660492469,110683.19283812804
2025-07-10,110191.83580893296,113926.54588017587,107683.06643971779,110526.86815496797,111488.53331935676
2025-07-11,110331.75746450874,114435.53848503713,107304.51481749667,110667.21523480669,111563.74736033121
2025-07-14,110705.84225292424,115098.57575285093,107509.26441071414,111042.43740788737,111921.43936075823
2025-07-15,110073.69310053972,114196.88512752924,107049.85936439713,110408.36624002854,111302.3524672148
2025-07-16,110452.55779545585,114725.757171193,107407.74750346247,110788.38285265832,111684.07939198641
2025-07-17,110745.05833400854,114993.00521889619,108065.04961936714,111081.77272335553,112028.0629730924
2025-07-18,110628.06940433139,114733.94217783248,107985.9013827587,110964.42809513427,111914.23272942717
2025-07-21,111000.25260888413,115091.19769192174,108190.66156720281,111337.74290268881,112270.307855612
2025-07-22,111639.16618445843,116141.98098692865,108206.14594053634,111978.59906060206,112838.15574615127
2025-07-23,111374.28903618648,115571.42323069375,109126.71417679102,111712.91656761701,112723.12958529271
2025-07-24,111190.55977349199,115285.00092382042,109162.84085082708,111528.62868598796,112564.94477635194
2025-07-25,111153.94993058535,114998.25881512852,109623.9828583115,111491.90753282438,112591.6344345138
2025-07-28,111083.60974216621,114905.02274057653,109596.45626029928,111421.35347884819,112525.72989961396
2025-07-29,111425.7192507261,115211.15341670637,109307.36872942453,111764.50315295585,112792.26177072806
2025-07-30,111242.53697415082,114958.39231761145,109169.72514813681,111580.76392052787,112612.23044850648
2025-07-31,110833.1455990322,114288.3217361275,108760.21537047524,111170.12781296746,112196.804485221
2025-08-01,110295.68369910913,113665.67698651126,106977.57424264518,110631.03178906495,111491.67640922077
2025-08-04,111346.01886859685,114848.53719569155,108603.61349351925,111684.56044610438,112632.12181990742
2025-08-05,111122.55186514783,114546.22174280776,108052.99680346188,111460.41400325882,112363.16491047939
2025-08-06,111334.11344902632,114852.92904578893,108880.64820848868,111672.61882874643,112657.52750324937
2025-08-07,111751.571544122,115669.84392904396,108789.44715597497,112091.34618271183,113015.67235213824
2025-08-08,112140.45775187461,115957.95625743916,109637.7408617043,112481.4147780485,113469.64826106046
2025-08-11,111883.55626895666,115818.9019143777,109420.93845258151,112223.73219999867,113214.12538591931
2025-08-12,112294.234449193,116356.81407408693,110585.84628719783,112635.65902513852,113727.91058139422
2025-08-13,113046.99483099574,117494.3984638591,110964.38731819231,113390.70813436709,114443.8801454042
2025-08-14,112129.65896807925,115885.48298071689,110974.70317293025,112470.58316113222,113632.03647996939
2025-08-15,111725.07244685348,115422.2116631403,110714.88979246173,112064.7665163643,113239.93578506922
2025-08-18,111512.61032847853,115050.15381867946,110690.79475187775,111851.65841835357,113048.31116463455
2025-08-19,110836.9082910292,113885.64068842852,110090.28279316488,111173.901945227,112372.2221164966
2025-08-20,111177.39486980927,114502.79159329164,109797.76370486189,111515.4237551242,112637.3538380474
2025-08-21,110701.82000959483,113799.62944772704,109357.27458930665,111038.40293514365,112159.25750622476
2025-08-22,112170.31946259165,115814.06583747773,111036.66184871766,112511.36728168976,113676.26696210064
2025-08-25,111102.30122080445,113840.38008364647,110547.97206076779,111440.10178792126,112666.30287332826
2025-08-26,111562.36151137325,114537.62141565155,111010.84043819294,111901.56086704218,113133.48640664738
2025-08-27,111652.8498192059,114556.54557104477,111263.78011257839,111992.32429970455,113245.89710611034
2025-08-28,112227.71440534866,115317.02690114902,111657.8055169064,112568.9367306811,113806.32467592768
2025-08-29,111511.73432344571,114190.44459525248,110991.91391620456,111850.7797498746,113086.16227289216
2025-09-02,112114.47120276785,115414.86052603094,110169.43102977332,112455.34921823782,113517.15778193405
2025-09-03,112850.46090647927,116204.98830658596,110766.50083983132,113193.57665903096,114246.1886449038
2025-09-04,113014.54821862263,116049.25559766099,111692.21641222836,113358.1628698154,114510.39801279026
2025-09-05,113390.52276545786,116476.01234617752,111368.73916848493,113735.2805470246,114802.7200160041
2025-09-08,114053.982506791,117313.86625640704,111642.32114357289,114400.75750199254,115425.97283006085
2025-09-09,114054.59433466727,117232.16304013664,111900.42933655393,114401.37119009855,115459.70537864586
2025-09-10,114659.95239640347,118129.49486724469,112223.91717152398,115008.5698104399,116037.81559209341
2025-09-11,115250.1552669825,118826.91788487774,113156.52763245734,115600.56716108105,116680.75799752648
2025-09-12,115348.000411599,119050.29881247607,113118.66399725393,115698.70979859354,116762.64108562184
2025-09-15,115657.71408078443,119274.07297811091,113720.89173468089,116009.36513552073,117114.47523654162
2025-09-16,115791.68759941866,119651.03767936508,113564.32163140479,116143.74599342764,117213.20864157217
2025-09-17,115649.08659459691,119453.23230580213,113423.22531023559,116000.7114179258,117068.69801606867
2025-09-18,115579.1140533697,119391.70177781787,113953.18910836383,115930.52612895306,117074.70942743208
2025-09-19,115750.07710731296,119354.3451903774,114517.58498426728,116102.00898686027,117298.46600029831
2025-09-22,115804.43832695439,119097.19615760725,115059.36859131498,116156.53548886419,117415.72381517915
2025-09-23,115842.16558278837,119122.52173605097,114433.04581330402,116194.37745238896,117369.7236661467
2025-09-24,115672.16279818212,119082.05187736574,114068.96180665995,116023.85778346601,117172.45686065823
2025-09-25,114978.38092788686,117792.27523230252,113542.70493785231,115327.96650673483,116489.850916133
2025-09-26,115469.12323163108,118407.55387586335,114193.20748626029,115820.20088604087,117008.21233455511
2025-09-29,116718.23068973851,120370.67939771884,114514.13224438581,117073.10618814525,118157.4389383759
2025-09-30,116864.40164911619,120481.24798700286,114945.49172258572,117219.72157245771,118342.3655493743
2025-10-01,117912.58198146775,122201.36952627546,115337.17646582844,118271.08884069466,119321.94083257105
2025-10-02,118173.32159594915,122671.78284495197,115470.01163022601,118532.62121994037,119570.07192613771
2025-10-03,118591.10647494587,123406.14528134615,115468.30644273854,118951.67635137567,119939.99873230905
2025-10-06,119439.14777775403,124709.79946591485,115882.40222153104,119802.29607812176,120744.50846765694
2025-10-07,119194.70101614312,124038.22763087912,115452.76911327185,119557.10608928878,120472.4476939942
2025-10-08,120170.86615480128,125330.29499952418,116141.22002669629,120536.23920551188,121425.71386934824
2025-10-09,119336.21459189564,124092.03744605038,115804.75793910409,119699.04992945182,120643.48930529998
2025-10-10,117388.9146732207,121209.44729110191,112674.80687163025,117745.82935018168,118514.15173565825
2025-10-13,119160.21416231243,123338.41566636867,114403.69752431141,119522.51438003517,120306.18769460416
2025-10-14,118964.51625633422,122882.22110532194,114263.93569769761,119326.22146510668,120114.9020679583
2025-10-15,118905.15698620821,122510.51614600816,114771.22367961034,119266.68171631468,120128.74814312262
2025-10-16,118875.51909656194,122302.13352944897,113989.60174551891,119236.9537142601,120000.77664159927
2025-10-17,118310.94022999465,121269.82454574511,114636.64096281878,118670.65827603577,119586.45798942808
2025-10-20,120364.38896279805,124057.02058920368,115828.91652704783,120730.35040919059,121558.58548309028
2025-10-21,118803.31043169931,121732.12924907268,115827.17956588045,119164.52550283837,120177.87862293096
2025-10-22,118204.54779678195,120999.35472169501,115225.01537581327,118563.94236235612,119569.81361736079
2025-10-23,119185.1023708353,122448.30601469388,115908.2871794155,119547.47825981649,120526.51469144374
2025-10-24,119643.37090956041,122953.26062624635,116855.55589800524,120007.14013936867,121054.81352534771
2025-10-27,119997.193631462,123449.465851643,118234.1840947949,120362.03864021276,121545.91387812153
2025-10-28,119747.86897268641,122926.99346164838,118548.21396438406,120111.95592323132,121364.93321849625
2025-10-29,119313.08201641942,122106.99947131518,118605.15239874869,119675.84702062489,120986.33215851706
2025-10-30,118637.65361475982,121325.2860662215,117300.71574450447,118998.36501526294,120221.1190606124
2025-10-31,118854.07511554773,121670.10952498634,117685.49500798422,119215.44453397577,120462.20099169988
2025-11-03,118512.59780950518,120888.18134270351,117906.35385690643,118872.92898456317,120187.26715538441
2025-11-04,116989.32771415671,118612.59411075916,116508.74618199523,117345.0274684752,118657.41594287787
2025-11-05,117516.89720634316,119574.07703219308,116912.4943323699,117874.20100730781,119177.09789941566
2025-11-06,116725.66332484847,118468.86616859559,115658.10122395397,117080.5614217822,118315.44845538189
2025-11-07,117185.19061263799,119292.29326295054,115771.9675014566,117541.48587755757,118737.78955088316
2025-11-10,118925.12446448424,121452.36884075605,117578.52361901796,119286.70990463368,120511.9510889338
2025-11-11,118549.54546823686,120555.21301069223,117847.67846137442,118909.9889806626,120213.00844217572
2025-11-12,118945.77768274683,120871.75769095495,117913.24874544278,119307.4259178948,120573.14636243881
2025-11-13,117616.56438430806,119436.59850519997,115956.59376407646,117974.171217963,119144.48090098337
2025-11-14,116028.68945789535,116859.69871651748,115937.62487718153,116381.46844329909,117733.6129780396
2025-11-17,115211.88631473688,115707.67567295564,114857.48922051436,115562.1818541458,116871.46723802651
2025-11-18,115012.03869233678,115732.03499718763,113892.97798497045,115361.72660580599,116571.88985714727
2025-11-19,115049.54742435871,115482.82250504014,114332.96931287409,115399.34938110884,116661.19028375237
2025-11-20,113501.85183650117,113227.42624364863,112590.26770066698,113846.94810811646,115065.84291312621
2025-11-21,113744.50710199172,113105.46825782889,113711.8044622321,114090.34115388154,115423.80456695225
2025-11-24,115147.14659673744,114896.97057975206,115385.47245926276,115497.2452985182,116881.42010124853
2025-11-25,115604.67232713675,115151.8455230938,116470.77663452554,115956.16211127586,117424.81018834427
2025-11-26,116691.13752240772,116743.96278177996,117274.84137784663,117045.93064549734,118491.94908836138
2025-11-28,117182.41934015499,117345.30412923134,117914.97511538354,117538.70617916972,119009.20939534053
2025-12-01,115982.4691277193,115497.60492529461,117376.64424821732,116335.10758269682,117874.54749113428
2025-12-02,116783.9146498922,117105.7155112505,117594.050357258,117138.98985684449,118614.91562083438
2025-12-03,117381.4957698096,118065.88206486801,118001.25124751416,117738.387889994,119197.46162781015
2025-12-04,117152.5890807497,117629.05060588365,118087.51678841816,117508.78522246623,119004.76260672486
2025-12-05,116603.33043333917,116616.2164875633,118311.82837722183,116957.85658370044,118544.33033838929
2025-12-08,116547.16989916595,116788.94568005421,117956.38681150808,116901.52529644575,118450.0410454019
2025-12-09,117060.19086668617,117681.77685542848,117854.57334991076,117416.10607660591,118893.87286597207
2025-12-10,117126.50433519133,117548.96830276534,118636.21646645546,117482.62116764295,119050.92286118062
2025-12-11,117724.97266731881,118354.4161759371,118912.2767885749,118082.90911052351,119618.02148648817
2025-12-12,116782.08687454724,117210.7578993379,117633.72509221522,117137.15652424698,118619.1671247504
2025-12-15,116011.28023997716,115792.39442932906,117456.00430935834,116364.00629359082,117911.32348127195
2025-12-16,116263.62344144926,116303.58031830685,117135.07955123283,116617.11673098539,118095.83019554653
2025-12-17,115738.08010482191,115651.83317002485,115846.16963522867,116089.9755081288,117466.77572782533
2025-12-18,115960.34496116331,115627.46266955236,116720.96258998707,116312.91614880317,117774.62822715554
2025-12-19,116958.32430863404,117033.81794653465,117778.85667073056,117313.92979876667,118794.9193729469
2025-12-22,117620.14593930477,117835.78204692907,118512.60626045293,117977.76366248491,119475.57438205332
2025-12-23,117766.7663321392,117795.50469132228,119054.26277278103,118124.82984673236,119673.90031606158
2025-12-24,118060.11496604062,118047.10921231312,119473.05046497076,118419.07039136655,119987.28130406635
2025-12-26,118197.88672715946,118207.2277944201,119460.93410170566,118557.26104010992,120108.37335246113
2025-12-29,117034.34376260839,116770.19803930365,119035.21974729972,117390.1803857993,119019.84363939376
2025-12-30,117487.16319175494,117528.34366528968,118889.86575302514,117844.37658804853,119404.99380427167
2025-12-31,116600.30464913553,116548.96094842079,118009.01461663417,116954.82159976277,118505.73146457158
