Y,tau_future,score_raw,score_norm,direction,n_bull_sets,n_bear_sets,n_bull_firing,n_bear_firing,bull_weight_total,bear_weight_total,bull_weight_fired,bear_weight_fired,top_bull_conditions,top_bear_conditions,latest_date
AAPL,126,0.0,0.0,NEUTRAL,3,0,0,0,21.9204,0.0,0.0,0.0,,,2026-06-16
AAPL,252,0.0,0.0,NEUTRAL,5,0,0,0,49.419,0.0,0.0,0.0,,,2026-06-16
AAPL,300,0.0,0.0,NEUTRAL,4,0,0,0,34.8322,0.0,0.0,0.0,,,2026-06-16
ADA-USD,63,0.0,0.0,NEUTRAL,1,0,0,0,7.6271,0.0,0.0,0.0,,,2026-06-16
ADA-USD,126,0.0,0.0,NEUTRAL,3,1,0,0,27.3229,8.8191,0.0,0.0,,,2026-06-16
ADA-USD,252,0.0,0.0,NEUTRAL,2,2,0,0,13.9426,18.574,0.0,0.0,,,2026-06-16
ADA-USD,300,0.0,0.0,NEUTRAL,0,2,0,0,0.0,17.1662,0.0,0.0,,,2026-06-16
ATOM-USD,126,0.0,0.0,NEUTRAL,1,0,0,0,9.3255,0.0,0.0,0.0,,,2026-06-16
ATOM-USD,252,0.0,0.0,NEUTRAL,11,1,0,0,120.3528,8.5391,0.0,0.0,,,2026-06-16
ATOM-USD,300,0.0,0.0,NEUTRAL,6,1,0,0,58.3715,9.6765,0.0,0.0,,,2026-06-16
AUDUSD=X,252,0.0,0.0,NEUTRAL,1,0,0,0,7.9367,0.0,0.0,0.0,,,2026-06-16
AVAX-USD,126,0.0,0.0,NEUTRAL,4,1,0,0,42.0973,8.1465,0.0,0.0,,,2026-06-16
AVAX-USD,252,0.0,0.0,NEUTRAL,17,0,0,0,208.1279,0.0,0.0,0.0,,,2026-06-16
AVAX-USD,300,-22.189,-0.1084,BEARISH,15,4,0,3,176.0973,28.6507,0.0,22.189,,"XRP-USD(t=126,q=0.75) & BCH-USD(t=126,q=0.75) CPE=0.849 lift=1.70 n=218 | XRP-USD(t=126,q=0.75) & BCH-USD(t=126,q=0.75) & DOGE-USD(t=252,q=0.8) CPE=0.836 lift=1.67 n=201 | XRP-USD(t=126,q=0.75) & BCH-USD(t=126,q=0.75) & DOGE-USD(t=252,q=0.8) & LTC-USD(t=300,q=0.8) CPE=0.821 lift=1.64 n=184",2026-06-16
BCH-USD,252,0.0,0.0,NEUTRAL,0,1,0,0,0.0,6.4662,0.0,0.0,,,2026-06-16
BCH-USD,300,0.0,0.0,NEUTRAL,0,2,0,0,0.0,15.4244,0.0,0.0,,,2026-06-16
BNB-USD,252,0.0,0.0,NEUTRAL,0,2,0,0,0.0,20.0622,0.0,0.0,,,2026-06-16
BNB-USD,300,0.0,0.0,NEUTRAL,0,5,0,0,0.0,58.1832,0.0,0.0,,,2026-06-16
BRLUSD=X,126,8.6277,1.0,BULLISH,1,0,1,0,8.6277,0.0,8.6277,0.0,"VWO(t=300,q=0.9) & EEM(t=300,q=0.9) CPE=0.876 lift=1.75 n=275",,2026-06-16
BRLUSD=X,252,0.0,0.0,NEUTRAL,1,0,0,0,8.3716,0.0,0.0,0.0,,,2026-06-16
BRLUSD=X,300,0.0,0.0,NEUTRAL,2,0,0,0,19.7398,0.0,0.0,0.0,,,2026-06-16
BTC-USD,126,-63.9082,-1.0,BEARISH,0,6,0,6,0.0,63.9082,0.0,63.9082,,"IBIT(t=252,q=0.5) & FBTC(t=252,q=0.5) CPE=0.893 lift=2.98 n=122 | IBIT(t=252,q=0.5) & FBTC(t=252,q=0.5) & BITB(t=252,q=0.5) CPE=0.893 lift=2.98 n=122 | IBIT(t=252,q=0.5) & FBTC(t=252,q=0.5) CPE=0.934 lift=2.34 n=122",2026-06-16
CANE,63,0.0,0.0,NEUTRAL,2,0,0,0,19.0184,0.0,0.0,0.0,,,2026-06-16
CANE,126,0.0,0.0,NEUTRAL,10,0,0,0,154.0535,0.0,0.0,0.0,,,2026-06-16
CANE,252,0.0,0.0,NEUTRAL,12,0,0,0,148.0196,0.0,0.0,0.0,,,2026-06-16
CANE,300,0.0,0.0,NEUTRAL,7,0,0,0,85.5892,0.0,0.0,0.0,,,2026-06-16
CORN,252,0.0,0.0,NEUTRAL,0,1,0,0,0.0,8.0833,0.0,0.0,,,2026-06-16
CORN,300,0.0,0.0,NEUTRAL,0,1,0,0,0.0,8.2715,0.0,0.0,,,2026-06-16
DBB,126,0.0,0.0,NEUTRAL,0,1,0,0,0.0,7.9625,0.0,0.0,,,2026-06-16
DBC,252,0.0,0.0,NEUTRAL,3,0,0,0,30.5938,0.0,0.0,0.0,,,2026-06-16
DBC,300,46.3984,1.0,BULLISH,4,0,4,0,46.3984,0.0,46.3984,0.0,"CPER(t=252,q=0.95) & DBB(t=252,q=0.9) CPE=1.000 lift=3.33 n=112 | CPER(t=252,q=0.95) & DBB(t=252,q=0.9) CPE=1.000 lift=2.50 n=112 | CPER(t=252,q=0.95) & DBB(t=252,q=0.9) CPE=1.000 lift=2.00 n=112",,2026-06-16
DIA,63,0.0,0.0,NEUTRAL,3,0,0,0,32.5723,0.0,0.0,0.0,,,2026-06-16
DIA,126,0.0,0.0,NEUTRAL,12,1,0,0,153.2814,8.8796,0.0,0.0,,,2026-06-16
DIA,252,0.0,0.0,NEUTRAL,15,5,0,0,243.6731,66.1466,0.0,0.0,,,2026-06-16
DIA,300,0.0,0.0,NEUTRAL,15,4,0,0,295.3332,47.9199,0.0,0.0,,,2026-06-16
DJP,252,9.7807,0.2632,BULLISH,3,0,1,0,37.161,0.0,9.7807,0.0,"CPER(t=252,q=0.95) & DBB(t=252,q=0.9) CPE=1.000 lift=2.00 n=133",,2026-06-16
DJP,300,0.0,0.0,NEUTRAL,4,0,0,0,55.1839,0.0,0.0,0.0,,,2026-06-16
DOT-USD,126,0.0,0.0,NEUTRAL,0,1,0,0,0.0,7.9551,0.0,0.0,,,2026-06-16
DOT-USD,300,0.0,0.0,NEUTRAL,0,1,0,0,0.0,6.0371,0.0,0.0,,,2026-06-16
EDV,252,0.0,0.0,NEUTRAL,0,1,0,0,0.0,7.7664,0.0,0.0,,,2026-06-16
EDV,300,0.0,0.0,NEUTRAL,1,2,0,0,6.9944,21.1218,0.0,0.0,,,2026-06-16
EEM,252,0.0,0.0,NEUTRAL,1,0,0,0,8.9351,0.0,0.0,0.0,,,2026-06-16
EEM,300,0.0,0.0,NEUTRAL,2,0,0,0,20.0927,0.0,0.0,0.0,,,2026-06-16
EFA,300,0.0,0.0,NEUTRAL,1,0,0,0,8.4406,0.0,0.0,0.0,,,2026-06-16
EMB,126,0.0,0.0,NEUTRAL,2,0,0,0,17.4356,0.0,0.0,0.0,,,2026-06-16
EMB,252,0.0,0.0,NEUTRAL,5,0,0,0,63.4284,0.0,0.0,0.0,,,2026-06-16
EMB,300,0.0,0.0,NEUTRAL,4,0,0,0,47.0358,0.0,0.0,0.0,,,2026-06-16
ETH-USD,126,-39.6909,-1.0,BEARISH,0,4,0,4,0.0,39.6909,0.0,39.6909,,"IBIT(t=252,q=0.5) & FBTC(t=252,q=0.5) CPE=0.951 lift=2.38 n=122 | IBIT(t=252,q=0.5) & FBTC(t=252,q=0.5) & BITB(t=252,q=0.5) CPE=0.951 lift=2.38 n=122 | IBIT(t=252,q=0.5) & FBTC(t=252,q=0.5) CPE=0.967 lift=1.93 n=122",2026-06-16
FXI,126,0.0,0.0,NEUTRAL,1,0,0,0,7.1933,0.0,0.0,0.0,,,2026-06-16
GC=F,252,0.0,0.0,NEUTRAL,0,2,0,0,0.0,16.5157,0.0,0.0,,,2026-06-16
GC=F,300,0.0,0.0,NEUTRAL,0,3,0,0,0.0,28.0889,0.0,0.0,,,2026-06-16
GLD,252,0.0,0.0,NEUTRAL,0,2,0,0,0.0,16.0023,0.0,0.0,,,2026-06-16
GLD,300,0.0,0.0,NEUTRAL,0,2,0,0,0.0,16.6399,0.0,0.0,,,2026-06-16
GSG,252,0.0,0.0,NEUTRAL,2,0,0,0,21.1929,0.0,0.0,0.0,,,2026-06-16
GSG,300,21.2332,1.0,BULLISH,2,0,2,0,21.2332,0.0,21.2332,0.0,"CPER(t=252,q=0.95) & DBB(t=252,q=0.9) CPE=1.000 lift=2.50 n=112 | CPER(t=252,q=0.95) & DBB(t=252,q=0.9) CPE=1.000 lift=2.00 n=112",,2026-06-16
HYG,300,0.0,0.0,NEUTRAL,3,0,0,0,40.6172,0.0,0.0,0.0,,,2026-06-16
IAU,252,0.0,0.0,NEUTRAL,0,2,0,0,0.0,16.0023,0.0,0.0,,,2026-06-16
IAU,300,0.0,0.0,NEUTRAL,0,2,0,0,0.0,16.6399,0.0,0.0,,,2026-06-16
IEF,300,0.0,0.0,NEUTRAL,0,1,0,0,0.0,8.4353,0.0,0.0,,,2026-06-16
IEI,252,0.0,0.0,NEUTRAL,0,1,0,0,0.0,8.7574,0.0,0.0,,,2026-06-16
IEI,300,0.0,0.0,NEUTRAL,0,1,0,0,0.0,9.6553,0.0,0.0,,,2026-06-16
INDA,126,0.0,0.0,NEUTRAL,1,0,0,0,8.3201,0.0,0.0,0.0,,,2026-06-16
INDA,252,18.11,1.0,BULLISH,2,0,2,0,18.11,0.0,18.11,0.0,"CPER(t=252,q=0.95) & HG=F(t=126,q=0.8) & DBB(t=252,q=0.9) CPE=0.991 lift=1.98 n=105 | CPER(t=252,q=0.95) & HG=F(t=126,q=0.8) CPE=0.981 lift=1.96 n=106",,2026-06-16
INRUSD=X,252,0.0,0.0,NEUTRAL,2,0,0,0,21.0605,0.0,0.0,0.0,,,2026-06-16
INRUSD=X,300,0.0,0.0,NEUTRAL,3,0,0,0,36.8499,0.0,0.0,0.0,,,2026-06-16
ITB,63,0.0,0.0,NEUTRAL,2,0,0,0,17.5902,0.0,0.0,0.0,,,2026-06-16
ITB,126,0.0,0.0,NEUTRAL,10,0,0,0,138.8258,0.0,0.0,0.0,,,2026-06-16
ITB,252,0.0,0.0,NEUTRAL,14,0,0,0,246.721,0.0,0.0,0.0,,,2026-06-16
ITB,300,0.0,0.0,NEUTRAL,14,0,0,0,213.9978,0.0,0.0,0.0,,,2026-06-16
IWM,63,0.0,0.0,NEUTRAL,6,0,0,0,68.8451,0.0,0.0,0.0,,,2026-06-16
IWM,126,0.0,0.0,NEUTRAL,11,0,0,0,147.0452,0.0,0.0,0.0,,,2026-06-16
IWM,252,0.0,0.0,NEUTRAL,18,1,0,0,400.0376,9.3827,0.0,0.0,,,2026-06-16
IWM,300,0.0,0.0,NEUTRAL,18,2,0,0,379.2256,18.6158,0.0,0.0,,,2026-06-16
JNK,252,0.0,0.0,NEUTRAL,3,0,0,0,38.2142,0.0,0.0,0.0,,,2026-06-16
JNK,300,0.0,0.0,NEUTRAL,4,0,0,0,50.6288,0.0,0.0,0.0,,,2026-06-16
JO,63,0.0,0.0,NEUTRAL,2,0,0,0,14.8035,0.0,0.0,0.0,,,2026-06-16
JO,126,0.0,0.0,NEUTRAL,9,0,0,0,110.338,0.0,0.0,0.0,,,2026-06-16
JO,252,0.0,0.0,NEUTRAL,12,0,0,0,179.4442,0.0,0.0,0.0,,,2026-06-16
JO,300,0.0,0.0,NEUTRAL,4,0,0,0,64.771,0.0,0.0,0.0,,,2026-06-16
LINK-USD,252,0.0,0.0,NEUTRAL,0,1,0,0,0.0,8.639,0.0,0.0,,,2026-06-16
LINK-USD,300,0.0,0.0,NEUTRAL,0,1,0,0,0.0,9.93,0.0,0.0,,,2026-06-16
LQD,252,0.0,0.0,NEUTRAL,2,0,0,0,19.9248,0.0,0.0,0.0,,,2026-06-16
LQD,300,0.0,0.0,NEUTRAL,2,0,0,0,21.3047,0.0,0.0,0.0,,,2026-06-16
MATIC-USD,21,0.0,0.0,NEUTRAL,4,0,0,0,32.8976,0.0,0.0,0.0,,,2026-06-16
MATIC-USD,63,0.0,0.0,NEUTRAL,9,0,0,0,106.0505,0.0,0.0,0.0,,,2026-06-16
MATIC-USD,126,0.0,0.0,NEUTRAL,13,0,0,0,148.4996,0.0,0.0,0.0,,,2026-06-16
MATIC-USD,252,0.0,0.0,NEUTRAL,16,0,0,0,229.2004,0.0,0.0,0.0,,,2026-06-16
MATIC-USD,300,0.0,0.0,NEUTRAL,10,1,0,0,115.0866,8.4294,0.0,0.0,,,2026-06-16
META,252,0.0,0.0,NEUTRAL,1,0,0,0,8.5722,0.0,0.0,0.0,,,2026-06-16
META,300,0.0,0.0,NEUTRAL,2,0,0,0,18.8065,0.0,0.0,0.0,,,2026-06-16
MTUM,252,0.0,0.0,NEUTRAL,0,2,0,0,0.0,19.3105,0.0,0.0,,,2026-06-16
MTUM,300,0.0,0.0,NEUTRAL,0,1,0,0,0.0,8.5495,0.0,0.0,,,2026-06-16
MUB,252,0.0,0.0,NEUTRAL,0,2,0,0,0.0,17.449,0.0,0.0,,,2026-06-16
MUB,300,0.0,0.0,NEUTRAL,2,1,0,0,17.5634,7.6746,0.0,0.0,,,2026-06-16
MXNUSD=X,300,0.0,0.0,NEUTRAL,1,0,0,0,8.7242,0.0,0.0,0.0,,,2026-06-16
NG=F,63,0.0,0.0,NEUTRAL,0,3,0,0,0.0,24.9265,0.0,0.0,,,2026-06-16
NZDUSD=X,63,0.0,0.0,NEUTRAL,0,2,0,0,0.0,18.1999,0.0,0.0,,,2026-06-16
NZDUSD=X,126,0.0,0.0,NEUTRAL,0,1,0,0,0.0,6.404,0.0,0.0,,,2026-06-16
NZDUSD=X,252,0.0,0.0,NEUTRAL,1,0,0,0,8.4642,0.0,0.0,0.0,,,2026-06-16
PDBC,126,0.0,0.0,NEUTRAL,3,0,0,0,31.1266,0.0,0.0,0.0,,,2026-06-16
PDBC,252,0.0,0.0,NEUTRAL,7,0,0,0,96.0719,0.0,0.0,0.0,,,2026-06-16
PDBC,300,133.2389,1.0,BULLISH,9,0,9,0,133.2389,0.0,133.2389,0.0,"CPER(t=252,q=0.95) & HG=F(t=252,q=0.8) CPE=0.944 lift=4.72 n=126 | CPER(t=252,q=0.95) & DBB(t=252,q=0.9) CPE=1.000 lift=4.00 n=112 | CPER(t=252,q=0.95) & DBB(t=252,q=0.9) & HG=F(t=252,q=0.8) CPE=1.000 lift=4.00 n=112",,2026-06-16
QQQ,21,0.0,0.0,NEUTRAL,1,0,0,0,7.1855,0.0,0.0,0.0,,,2026-06-16
QQQ,63,0.0,0.0,NEUTRAL,4,0,0,0,44.2976,0.0,0.0,0.0,,,2026-06-16
QQQ,126,0.0,0.0,NEUTRAL,4,3,0,0,45.5861,33.4234,0.0,0.0,,,2026-06-16
QQQ,252,0.0,0.0,NEUTRAL,1,4,0,0,9.2695,66.6628,0.0,0.0,,,2026-06-16
QQQ,300,0.0,0.0,NEUTRAL,7,4,0,0,71.907,68.6036,0.0,0.0,,,2026-06-16
QUAL,126,0.0,0.0,NEUTRAL,1,0,0,0,7.3554,0.0,0.0,0.0,,,2026-06-16
SCHP,126,0.0,0.0,NEUTRAL,2,0,0,0,17.1289,0.0,0.0,0.0,,,2026-06-16
SCHP,252,0.0,0.0,NEUTRAL,12,0,0,0,159.9158,0.0,0.0,0.0,,,2026-06-16
SCHP,300,0.0,0.0,NEUTRAL,6,0,0,0,65.6393,0.0,0.0,0.0,,,2026-06-16
SGDUSD=X,252,0.0,0.0,NEUTRAL,2,0,0,0,21.1472,0.0,0.0,0.0,,,2026-06-16
SGDUSD=X,300,0.0,0.0,NEUTRAL,2,0,0,0,20.962,0.0,0.0,0.0,,,2026-06-16
SHY,300,0.0,0.0,NEUTRAL,0,1,0,0,0.0,9.9389,0.0,0.0,,,2026-06-16
SI=F,126,0.0,0.0,NEUTRAL,0,2,0,0,0.0,15.0392,0.0,0.0,,,2026-06-16
SI=F,252,0.0,0.0,NEUTRAL,0,4,0,0,0.0,34.5742,0.0,0.0,,,2026-06-16
SI=F,300,0.0,0.0,NEUTRAL,0,6,0,0,0.0,66.442,0.0,0.0,,,2026-06-16
SLV,126,0.0,0.0,NEUTRAL,0,2,0,0,0.0,14.0993,0.0,0.0,,,2026-06-16
SLV,252,0.0,0.0,NEUTRAL,0,2,0,0,0.0,14.5593,0.0,0.0,,,2026-06-16
SLV,300,0.0,0.0,NEUTRAL,0,4,0,0,0.0,37.4337,0.0,0.0,,,2026-06-16
SOL-USD,21,0.0,0.0,NEUTRAL,2,0,0,0,15.8218,0.0,0.0,0.0,,,2026-06-16
SOL-USD,63,0.0,0.0,NEUTRAL,3,2,0,0,27.7693,14.106,0.0,0.0,,,2026-06-16
SOL-USD,126,-11.0906,-0.0458,NEUTRAL,15,6,0,1,183.5012,58.8843,0.0,11.0906,,"DOGE-USD(t=252,q=0.9) & XRP-USD(t=126,q=0.75) CPE=0.929 lift=2.32 n=170",2026-06-16
SOL-USD,252,-32.2427,-0.1285,BEARISH,10,12,0,2,104.2613,146.5676,0.0,32.2427,,"DOGE-USD(t=252,q=0.9) & XRP-USD(t=126,q=0.7) CPE=0.977 lift=3.26 n=173 | DOGE-USD(t=252,q=0.9) & XRP-USD(t=126,q=0.7) & BCH-USD(t=126,q=0.8) CPE=0.974 lift=3.25 n=151",2026-06-16
SOL-USD,300,0.0,0.0,NEUTRAL,4,10,0,0,36.8414,111.3759,0.0,0.0,,,2026-06-16
SOYB,252,0.0,0.0,NEUTRAL,0,1,0,0,0.0,9.5364,0.0,0.0,,,2026-06-16
SOYB,300,0.0,0.0,NEUTRAL,1,1,0,0,9.6659,9.4724,0.0,0.0,,,2026-06-16
SPY,63,0.0,0.0,NEUTRAL,4,0,0,0,51.1489,0.0,0.0,0.0,,,2026-06-16
SPY,126,0.0,0.0,NEUTRAL,10,2,0,0,120.8909,19.6781,0.0,0.0,,,2026-06-16
SPY,252,0.0,0.0,NEUTRAL,15,4,0,0,242.2369,64.9378,0.0,0.0,,,2026-06-16
SPY,300,0.0,0.0,NEUTRAL,13,3,0,0,209.8215,57.0412,0.0,0.0,,,2026-06-16
TIP,126,0.0,0.0,NEUTRAL,1,0,0,0,8.3655,0.0,0.0,0.0,,,2026-06-16
TIP,252,0.0,0.0,NEUTRAL,7,0,0,0,77.9005,0.0,0.0,0.0,,,2026-06-16
TIP,300,0.0,0.0,NEUTRAL,5,0,0,0,49.9792,0.0,0.0,0.0,,,2026-06-16
TLH,252,0.0,0.0,NEUTRAL,1,0,0,0,8.6859,0.0,0.0,0.0,,,2026-06-16
TLH,300,0.0,0.0,NEUTRAL,1,1,0,0,8.9614,8.2299,0.0,0.0,,,2026-06-16
TLT,252,0.0,0.0,NEUTRAL,0,1,0,0,0.0,8.0397,0.0,0.0,,,2026-06-16
TLT,300,0.0,0.0,NEUTRAL,0,2,0,0,0.0,20.7232,0.0,0.0,,,2026-06-16
TSLA,126,0.0,0.0,NEUTRAL,1,0,0,0,8.8456,0.0,0.0,0.0,,,2026-06-16
TSLA,300,0.0,0.0,NEUTRAL,1,0,0,0,9.6177,0.0,0.0,0.0,,,2026-06-16
UGA,126,0.0,0.0,NEUTRAL,0,1,0,0,0.0,7.9625,0.0,0.0,,,2026-06-16
UNG,63,0.0,0.0,NEUTRAL,0,4,0,0,0.0,36.2475,0.0,0.0,,,2026-06-16
UNG,252,0.0,0.0,NEUTRAL,0,1,0,0,0.0,8.0495,0.0,0.0,,,2026-06-16
UNG,300,0.0,0.0,NEUTRAL,0,1,0,0,0.0,7.8202,0.0,0.0,,,2026-06-16
USMV,126,0.0,0.0,NEUTRAL,1,0,0,0,7.966,0.0,0.0,0.0,,,2026-06-16
USMV,252,0.0,0.0,NEUTRAL,6,1,0,0,60.947,7.7254,0.0,0.0,,,2026-06-16
USMV,300,0.0,0.0,NEUTRAL,8,0,0,0,92.9675,0.0,0.0,0.0,,,2026-06-16
UUP,126,0.0,0.0,NEUTRAL,0,1,0,0,0.0,8.8152,0.0,0.0,,,2026-06-16
VCIT,63,0.0,0.0,NEUTRAL,1,0,0,0,8.708,0.0,0.0,0.0,,,2026-06-16
VCIT,126,0.0,0.0,NEUTRAL,1,0,0,0,7.2266,0.0,0.0,0.0,,,2026-06-16
VCIT,252,0.0,0.0,NEUTRAL,4,0,0,0,50.4073,0.0,0.0,0.0,,,2026-06-16
VCIT,300,0.0,0.0,NEUTRAL,4,0,0,0,54.6986,0.0,0.0,0.0,,,2026-06-16
VCLT,252,0.0,0.0,NEUTRAL,1,0,0,0,9.608,0.0,0.0,0.0,,,2026-06-16
VCLT,300,0.0,0.0,NEUTRAL,2,0,0,0,20.6962,0.0,0.0,0.0,,,2026-06-16
VCSH,63,0.0,0.0,NEUTRAL,2,0,0,0,17.671,0.0,0.0,0.0,,,2026-06-16
VCSH,126,0.0,0.0,NEUTRAL,1,0,0,0,7.8518,0.0,0.0,0.0,,,2026-06-16
VCSH,252,0.0,0.0,NEUTRAL,3,0,0,0,34.1898,0.0,0.0,0.0,,,2026-06-16
VCSH,300,0.0,0.0,NEUTRAL,2,0,0,0,18.4173,0.0,0.0,0.0,,,2026-06-16
VT,252,0.0,0.0,NEUTRAL,4,0,0,0,45.5492,0.0,0.0,0.0,,,2026-06-16
VT,300,0.0,0.0,NEUTRAL,4,0,0,0,48.2584,0.0,0.0,0.0,,,2026-06-16
VTI,63,0.0,0.0,NEUTRAL,4,0,0,0,52.4214,0.0,0.0,0.0,,,2026-06-16
VTI,126,0.0,0.0,NEUTRAL,15,3,0,0,224.8996,21.3837,0.0,0.0,,,2026-06-16
VTI,252,0.0,0.0,NEUTRAL,18,0,0,0,376.9226,0.0,0.0,0.0,,,2026-06-16
VTI,300,0.0,0.0,NEUTRAL,18,0,0,0,371.6922,0.0,0.0,0.0,,,2026-06-16
VTV,252,0.0,0.0,NEUTRAL,7,0,0,0,75.3435,0.0,0.0,0.0,,,2026-06-16
VTV,300,0.0,0.0,NEUTRAL,13,0,0,0,187.1407,0.0,0.0,0.0,,,2026-06-16
VUG,126,0.0,0.0,NEUTRAL,4,0,0,0,42.7011,0.0,0.0,0.0,,,2026-06-16
VUG,252,0.0,0.0,NEUTRAL,6,0,0,0,67.1979,0.0,0.0,0.0,,,2026-06-16
VUG,300,0.0,0.0,NEUTRAL,5,0,0,0,49.1664,0.0,0.0,0.0,,,2026-06-16
VWO,252,0.0,0.0,NEUTRAL,2,0,0,0,19.3345,0.0,0.0,0.0,,,2026-06-16
VWO,300,0.0,0.0,NEUTRAL,2,0,0,0,20.0231,0.0,0.0,0.0,,,2026-06-16
WEAT,252,0.0,0.0,NEUTRAL,2,0,0,0,38.3774,0.0,0.0,0.0,,,2026-06-16
WEAT,300,0.0,0.0,NEUTRAL,1,0,0,0,8.6901,0.0,0.0,0.0,,,2026-06-16
XBI,126,0.0,0.0,NEUTRAL,2,0,0,0,18.7096,0.0,0.0,0.0,,,2026-06-16
XBI,252,0.0,0.0,NEUTRAL,4,0,0,0,38.9003,0.0,0.0,0.0,,,2026-06-16
XBI,300,0.0,0.0,NEUTRAL,8,2,0,0,93.1792,16.7323,0.0,0.0,,,2026-06-16
XLC,63,0.0,0.0,NEUTRAL,1,0,0,0,7.0385,0.0,0.0,0.0,,,2026-06-16
XLC,126,0.0,0.0,NEUTRAL,1,0,0,0,8.5172,0.0,0.0,0.0,,,2026-06-16
XLC,252,0.0,0.0,NEUTRAL,2,0,0,0,20.2873,0.0,0.0,0.0,,,2026-06-16
XLE,252,0.0,0.0,NEUTRAL,2,5,0,0,21.2075,73.2458,0.0,0.0,,,2026-06-16
XLE,300,0.0,0.0,NEUTRAL,2,4,0,0,20.8081,53.6569,0.0,0.0,,,2026-06-16
XLF,252,0.0,0.0,NEUTRAL,9,2,0,0,124.0037,18.6547,0.0,0.0,,,2026-06-16
XLF,300,0.0,0.0,NEUTRAL,11,2,0,0,194.9414,19.3118,0.0,0.0,,,2026-06-16
XLI,63,0.0,0.0,NEUTRAL,2,0,0,0,18.2814,0.0,0.0,0.0,,,2026-06-16
XLI,126,0.0,0.0,NEUTRAL,1,2,0,0,8.9318,17.4637,0.0,0.0,,,2026-06-16
XLI,252,0.0,0.0,NEUTRAL,3,5,0,0,35.4575,69.1477,0.0,0.0,,,2026-06-16
XLI,300,0.0,0.0,NEUTRAL,4,5,0,0,53.6465,76.1525,0.0,0.0,,,2026-06-16
XLK,63,0.0,0.0,NEUTRAL,3,0,0,0,24.6535,0.0,0.0,0.0,,,2026-06-16
XLK,126,0.0,0.0,NEUTRAL,7,5,0,0,80.7145,71.5825,0.0,0.0,,,2026-06-16
XLK,252,0.0,0.0,NEUTRAL,3,5,0,0,44.0495,77.0666,0.0,0.0,,,2026-06-16
XLK,300,0.0,0.0,NEUTRAL,0,5,0,0,0.0,77.8536,0.0,0.0,,,2026-06-16
XLP,63,0.0,0.0,NEUTRAL,1,0,0,0,7.1929,0.0,0.0,0.0,,,2026-06-16
XLP,126,0.0,0.0,NEUTRAL,3,1,0,0,29.8416,8.7943,0.0,0.0,,,2026-06-16
XLP,252,0.0,0.0,NEUTRAL,7,4,0,0,131.5505,47.2104,0.0,0.0,,,2026-06-16
XLP,300,0.0,0.0,NEUTRAL,12,5,0,0,187.2035,69.243,0.0,0.0,,,2026-06-16
XLRE,252,0.0,0.0,NEUTRAL,0,2,0,0,0.0,15.1677,0.0,0.0,,,2026-06-16
XLRE,300,0.0,0.0,NEUTRAL,0,1,0,0,0.0,7.268,0.0,0.0,,,2026-06-16
XLU,63,0.0,0.0,NEUTRAL,0,1,0,0,0.0,7.5491,0.0,0.0,,,2026-06-16
XLU,126,0.0,0.0,NEUTRAL,0,4,0,0,0.0,50.5733,0.0,0.0,,,2026-06-16
XLU,252,0.0,0.0,NEUTRAL,0,5,0,0,0.0,77.5841,0.0,0.0,,,2026-06-16
XLU,300,0.0,0.0,NEUTRAL,0,5,0,0,0.0,77.8536,0.0,0.0,,,2026-06-16
XLV,126,0.0,0.0,NEUTRAL,6,0,0,0,61.4521,0.0,0.0,0.0,,,2026-06-16
XLV,252,0.0,0.0,NEUTRAL,14,0,0,0,223.6151,0.0,0.0,0.0,,,2026-06-16
XLV,300,0.0,0.0,NEUTRAL,8,0,0,0,179.5549,0.0,0.0,0.0,,,2026-06-16
XLY,63,0.0,0.0,NEUTRAL,1,0,0,0,8.9698,0.0,0.0,0.0,,,2026-06-16
XLY,126,0.0,0.0,NEUTRAL,6,0,0,0,64.468,0.0,0.0,0.0,,,2026-06-16
XLY,252,0.0,0.0,NEUTRAL,8,0,0,0,110.3912,0.0,0.0,0.0,,,2026-06-16
XLY,300,0.0,0.0,NEUTRAL,15,0,0,0,243.2174,0.0,0.0,0.0,,,2026-06-16
XOM,126,0.0,0.0,NEUTRAL,0,1,0,0,0.0,7.8457,0.0,0.0,,,2026-06-16
XOM,252,9.5364,0.1479,BULLISH,1,5,1,0,9.5364,54.9593,9.5364,0.0,"BNO(t=252,q=0.95) & UGA(t=252,q=0.9) CPE=0.992 lift=1.98 n=127",,2026-06-16
XOM,300,0.0,0.0,NEUTRAL,1,7,0,0,9.0533,82.3175,0.0,0.0,,,2026-06-16
XRP-USD,252,0.0,0.0,NEUTRAL,0,1,0,0,0.0,8.5495,0.0,0.0,,,2026-06-16
XRP-USD,300,0.0,0.0,NEUTRAL,0,1,0,0,0.0,9.5072,0.0,0.0,,,2026-06-16
ZROZ,300,0.0,0.0,NEUTRAL,1,0,0,0,6.7055,0.0,0.0,0.0,,,2026-06-16
ZS=F,252,0.0,0.0,NEUTRAL,0,4,0,0,0.0,41.081,0.0,0.0,,,2026-06-16
ZS=F,300,0.0,0.0,NEUTRAL,1,3,0,0,9.0271,30.1093,0.0,0.0,,,2026-06-16
