,equal_weight,spy,struct_A,struct_B,struct_C
2025-01-02,100000.0,100000.0,100000.0,100000.0,100000.0
2025-01-03,100360.55077185301,101250.33666861651,100360.55077185301,100360.55077185301,100360.55077185301
2025-01-06,100965.92439806098,101833.6061103752,100965.92439806098,100965.92439806098,100965.92439806098
2025-01-07,100162.38546474653,100682.46687037832,100162.38546474653,100162.38546474653,100162.38546474653
2025-01-08,100289.93361523954,100829.56841704693,100289.93361523954,100289.93361523954,100289.93361523954
2025-01-10,99780.54249741179,99290.15480878229,99780.54249741179,99780.54249741179,99780.54249741179
2025-01-13,99829.9293288694,99444.10887908071,99829.9293288694,99829.9293288694,99829.9293288694
2025-01-14,100113.74843050881,99580.93693591787,100113.74843050881,100113.74843050881,100113.74843050881
2025-01-15,101602.90715053232,101392.31206159602,101602.90715053232,101602.90715053232,101602.90715053232
2025-01-16,101666.53616665123,101197.31698810509,101666.53616665123,101666.53616665123,101666.53616665123
2025-01-17,101981.97998643233,102213.33335875225,101981.97998643233,101981.97998643233,101981.97998643233
2025-01-21,102614.51057955697,103148.9517280486,102614.51057955697,102614.51057955697,102614.51057955697
2025-01-22,102656.39641821866,103728.78961237909,102656.39641821866,102656.39641821866,102656.39641821866
2025-01-23,102896.65344633824,104294.94363190317,102896.65344633824,102896.65344633824,102896.65344633824
2025-01-24,102912.20671632641,103990.47763996119,102912.20671632641,102912.20671632641,102912.20671632641
2025-01-27,102491.53944915692,102519.50453818173,102491.53944915692,102491.53944915692,102491.53944915692
2025-01-28,102336.56060750446,103400.37685702594,102336.56060750446,102336.56060750446,102336.56060750446
2025-01-29,102400.73695093034,102936.85182354972,102400.73695093034,102400.73695093034,102400.73695093034
2025-01-30,102792.14997695434,103489.32197826741,102792.14997695434,102792.14997695434,102792.14997695434
2025-01-31,102248.37407032805,102938.56760226384,102248.37407032805,102248.37407032805,102248.37407032805
2025-02-03,102316.12007225539,102245.82724205409,102316.12007225539,102316.12007225539,102316.12007225539
2025-02-04,102771.01511934664,102931.71507863399,102771.01511934664,102771.01511934664,102771.01511934664
2025-02-05,103196.44612522566,103349.06236400199,103196.44612522566,103196.44612522566,103196.44612522566
2025-02-06,103294.13680387392,103708.27440639611,103294.13680387392,103294.13680387392,103294.13680387392
2025-02-07,102617.71665417844,102758.97217229338,102617.71665417845,102617.71665417844,102617.71665417844
2025-02-10,103088.3606878304,103456.81750373892,103088.36068783038,103088.3606878304,103088.3606878304
2025-02-11,103128.13754153137,103535.51031760224,103128.13754153135,103128.13754153137,103128.13754153137
2025-02-12,102991.55400424263,103201.98199978666,102991.55400424261,102991.55400424263,102991.55400424263
2025-02-13,103787.3553032395,104291.52266570154,103787.35530323948,103787.3553032395,103787.3553032395
2025-02-14,104136.36515221502,104286.39651201246,104136.365152215,104136.36515221502,104136.36515221502
2025-02-18,104343.40254528953,104592.55710021532,104343.40254528951,104343.40254528953,104343.40254528953
2025-02-19,104663.0941876617,104838.86666673017,104663.09418766169,104663.0941876617,104663.0941876617
2025-02-20,104524.79163740318,104402.71995409334,104524.79163740316,104524.79163740318,104524.79163740318
2025-02-21,103885.56526728661,102616.99677931383,103885.5652672866,103885.56526728661,103885.56526728661
2025-02-24,103249.3177886139,102150.04018840939,103249.31778861389,103249.3177886139,103249.3177886139
2025-02-25,103422.14553107941,101642.0320030858,103422.1455310794,103422.14553107941,103422.14553107941
2025-02-26,103327.6660226431,101693.34649610972,103327.66602264308,103327.6660226431,103327.6660226431
2025-02-27,102461.85139889957,100070.12451151933,102461.85139889955,102461.85139889957,102461.85139889957
2025-02-28,102919.7419257432,101631.76910448102,102919.74192574319,102919.7419257432,102919.7419257432
2025-03-03,102077.21511633559,99851.18267461723,102077.21511633557,102077.21511633559,102077.21511633559
2025-03-04,101604.48218888963,98669.27592125926,101604.48218888961,101604.48218888963,101604.48218888963
2025-03-05,102482.64915645854,99729.74367007392,102482.64915645853,102482.64915645854,102482.64915645854
2025-03-06,101710.85962820073,97959.44132126818,101710.85962820072,101710.85962820073,101710.85962820073
2025-03-07,102004.14800524745,98508.49050978427,102004.14800524744,102004.14800524745,102004.14800524745
2025-03-10,100751.17112850149,95884.6517980672,100751.17112850148,100751.17112850149,100751.17112850149
2025-03-11,100254.03965824093,95087.5666730955,100254.03965824092,100254.03965824093,100254.03965824093
2025-03-12,100144.60322859853,95592.16448344412,100144.60322859851,100144.60322859853,100144.60322859853
2025-03-13,99529.21866645355,94317.85986896318,99529.21866645354,99529.21866645355,99529.21866645355
2025-03-14,100598.13244263861,96266.08423393178,100598.1324426386,100598.13244263861,100598.13244263861
2025-03-17,101276.50883128791,97008.43389967796,101276.5088312879,101276.50883128791,101276.50883128791
2025-03-18,100848.43716414955,95959.92364572895,100848.43716414954,100848.43716414955,100848.43716414955
2025-03-19,101690.6308416067,97005.00234224975,101690.63084160669,101690.6308416067,101690.6308416067
2025-03-20,101213.12264444667,96724.48311371893,101213.12264444666,101213.12264444667,101213.12264444667
2025-03-21,100958.46092213964,96756.3944795561,100958.46092213962,100958.46092213964,100958.46092213964
2025-03-24,101620.14582955143,98489.15092995734,101620.14582955142,101620.14582955143,101620.14582955143
2025-03-25,101694.0376321145,98725.90721005165,101694.03763211449,101694.0376321145,101694.0376321145
2025-03-26,101128.83086536723,97547.28373694906,101128.83086536721,101128.83086536723,101128.83086536723
2025-03-27,100979.69998789983,97288.23292479792,100979.69998789982,100979.69998789983,100979.69998789983
2025-03-28,100210.37822981332,95329.01486658707,100210.3782298133,100210.37822981332,100210.37822981332
2025-03-31,100516.76400848755,95968.93677959136,100516.76400848753,100516.76400848755,100516.76400848755
2025-04-01,100615.02369009153,96239.98745151468,100615.02369009152,100615.02369009153,100615.02369009153
2025-04-02,101051.63097975252,96849.04653011821,101051.6309797525,101051.63097975252,101051.63097975252
2025-04-03,98554.53817436683,92076.23734388134,98554.53817436681,98554.53817436683,98554.53817436683
2025-04-04,95299.29533268764,86685.82195915027,95299.29533268763,95299.29533268764,95299.29533268764
2025-04-07,93811.67431592799,86531.41776172006,94330.74290603552,94895.15788132334,94899.12032832984
2025-04-08,92351.89446809507,85176.10085474377,92859.05298137697,93301.99231305133,93414.34054696914
2025-04-09,97331.46908717878,94121.23374657122,99601.23787782766,102448.03847908757,102566.96781873702
2025-04-10,95101.54500760863,89996.93595813584,97050.76457208523,100295.20023156778,98494.60946865444
2025-04-11,96394.4208922275,91602.72478369271,98513.6832251678,101966.8634746642,100138.81031750632
2025-04-14,96895.35048975114,92491.4134277901,99202.54624870914,102908.8517800127,101035.95979414726
2025-04-15,96853.30545963097,92232.34143318569,99108.50951499626,102776.87243469655,100883.31881447807
2025-04-16,95998.59667683013,90182.20828558011,97677.06022251239,100722.60162616063,98805.58086712712
2025-04-17,96301.83078342801,90310.88109791194,97769.68056010554,100689.48860536257,98660.11327303703
2025-04-21,94926.84421748415,88161.23278488782,95929.76064237728,98328.10321947403,96312.8578331105
2025-04-22,96346.79909178853,90455.00650989743,97810.77750273752,100893.83783154501,98814.97856520393
2025-04-23,97164.13080733074,91856.62825970151,98995.75106060115,102514.94096945225,100405.07830308513
2025-04-24,98297.45069337382,93790.13081965395,100167.39426310762,103827.75411015877,101690.87240239828
2025-04-25,98649.27319677775,94467.78927314209,100525.90959753908,104199.37046557973,102054.84051194308
2025-04-28,99013.4198150362,94503.81003491183,100896.98349236931,104584.00430169543,102431.55818907387
2025-04-29,99456.74172403524,95099.12170134918,101425.72441011225,105274.68860127566,103123.48107431375
2025-04-30,99203.9172553378,95136.86883305968,101245.52734710195,105147.99579054081,103096.94764576844
2025-05-01,99452.71279226351,95811.09572911961,101499.44307981252,105411.69860382828,103355.5065933845
2025-05-02,100361.5187594433,97233.32800594631,102662.93154399954,107379.51574247453,105224.15121458514
2025-05-05,100026.26722958863,96675.75287999281,102319.99228515883,107020.82102190136,104872.65635770775
2025-05-06,99616.68957758626,95867.70583545872,101901.02251497972,106582.60276380216,104443.23419151164
2025-05-07,99736.52849573638,96270.88205959536,102088.77249101514,106967.84905473466,104825.74921391033
2025-05-08,99979.91512826974,96941.67739822704,102337.8992947129,107228.88224852465,105081.55505043542
2025-05-09,100175.98590321078,96818.15192203755,102538.59431625607,107439.16898473118,105287.6306597647
2025-05-12,101762.68844661032,100017.75089583242,104162.71857050016,109140.91417996706,106955.29731510238
2025-05-13,101971.83106170442,100678.26215340607,104376.79372603788,109365.2205200785,107175.11177676907
2025-05-14,101793.85225566199,100806.93496573789,104194.61736485577,109174.3374971096,106988.05130886444
2025-05-15,101934.5274914107,101299.29990932849,104338.61036675863,109325.21228301065,107135.9047303301
2025-05-16,102202.16269742188,101940.9270098203,104612.55763632125,109612.252174514,107417.19646375293
2025-05-19,101964.0161492466,102052.44203501099,104368.79450216297,109356.83899338238,107166.8980955252
2025-05-20,102211.39338660355,101709.32865709494,104622.00602741742,109622.15212774024,107426.89816406096
2025-05-21,101144.63703699065,99995.45636377558,103530.09067883344,108478.05142657686,106305.70881384562
2025-05-22,101018.53330689429,100034.8980917469,103401.01284540327,108342.80464217767,106173.17043311999
2025-05-23,100841.73963978906,99352.09230211642,103220.04957416079,108153.19268573631,105987.35557781978
2025-05-27,101962.76247122849,101417.68864060225,104367.5112566771,109355.4944184004,107165.58044652033
2025-05-28,101296.33260723662,100830.94527650882,103685.36392517865,108640.74556788172,106465.1449005362
2025-05-29,101722.73040683278,101228.95298204986,104121.81813719288,109098.05901313988,106913.30035049995
2025-05-30,101566.15969878162,101115.7433605983,103961.55477497174,108930.13626589964,106748.74036406413
2025-06-02,102043.54116644525,101685.31834632397,104450.19508338014,109442.12991100385,107250.48100777238
2025-06-03,102477.13110335663,102265.18800433431,104894.01105623737,109907.15695398109,107706.19558570949
2025-06-04,102828.81117994852,102237.72495368186,105253.98535923657,110284.33532499334,108075.82071772845
2025-06-05,102669.01684669782,101743.63364015054,105090.422343974,110112.95522607911,107907.8726153052
2025-06-06,103202.76758619955,102788.43696477893,105636.7613697426,110685.40515387377,108468.85886583566
2025-06-09,103267.7195414935,102881.07842411438,105647.43656320318,110365.22733755347,108155.09281581183
2025-06-10,103677.13695873605,103464.37963955295,106204.21333636859,111763.34263115689,109525.20995319965
2025-06-11,103652.3046510193,103169.30806563207,106146.08113787863,111507.20037810065,109274.19711318058
2025-06-12,103939.7223007336,103579.32622217188,106440.41378460317,111816.39888137368,109577.20371794862
2025-06-13,103355.71731129476,102421.3026848653,105770.29509466924,110683.45207866578,108466.94490221242
2025-06-16,103981.3751819641,103395.75908221508,106586.73740666585,112582.47560717115,110327.93926556132
2025-06-17,103769.23435941983,102512.23895671329,106260.92838658908,111589.80118666406,109355.1437875304
2025-06-18,103899.89769189962,102496.79694828627,106382.36470144012,111643.74825635603,109408.01053252275
2025-06-20,103702.91519907465,102256.06895820558,106113.77032319792,110963.98850889933,108741.863410352
2025-06-23,103896.46191139653,103266.10128580662,106311.8165530335,111171.08697976482,108944.81460140027
2025-06-24,104474.05555666312,104406.9034886123,107019.87112296607,112605.00603321908,110350.0185053652
2025-06-25,104252.53211704483,104465.40942451824,106823.93636539277,112583.6011796895,110329.04229776749
2025-06-26,104763.9917863174,105282.72379235386,107455.20655774463,113889.0993572874,111608.39703634944
2025-06-27,105252.70401925864,105805.8032931724,107956.47300476118,114420.37919022936,112129.03764960404
2025-06-30,105372.0128015131,106311.6932331699,108078.84663355013,114550.07995405755,112256.14107238063
2025-07-01,105640.54757229776,106277.282337848,108354.27962126462,114842.00452345693,112542.21966488911
2025-07-02,106053.43681895162,106759.06664603489,108777.77531408965,115290.85706939302,112982.08365047086
2025-07-03,106278.10672805338,107600.47605445451,109063.24557559917,115923.92152215779,113602.47058119996
2025-07-07,105466.9074662209,106798.63546872578,108198.17916344426,114808.03091830043,112508.92640298378
2025-07-08,105434.80277813996,106740.14012404649,108165.24306171888,114773.08274251362,112474.67808685062
2025-07-09,105844.90621456888,107380.22090545023,108585.9669281553,115219.50872712223,112912.1641045531
2025-07-10,106158.27185795114,107683.06643971779,108907.44778732624,115560.62892623006,113246.45315270605
2025-07-11,105746.18432321178,107304.51481749667,108484.68844047583,115112.04311323886,112806.85055857076
2025-07-14,105899.44485548,107509.26441071414,108641.91795376514,115278.87781380919,112970.34428716966
2025-07-15,105394.21304876753,107049.85936439713,108123.6021819743,114728.89801180796,112431.37818373987
2025-07-16,105667.90743191748,107407.74750346247,108404.38441609424,115026.83329746056,112723.34712405027
2025-07-17,105984.37323861892,108065.04961936714,108729.04572337258,115371.32823898524,113060.94333323691
2025-07-18,105974.11942297906,107985.9013827587,108718.52636513628,115360.16625072471,113050.00487095627
2025-07-21,106023.05919492098,108190.66156720281,108768.73352812232,115413.44058089356,113102.21234846627
2025-07-22,106386.9793509752,108206.14594053634,109142.07810787646,115809.59286725361,113490.4314309987
2025-07-23,106615.43957019823,109126.71417679102,109376.45475098728,116058.28763362436,113734.14592503375
2025-07-24,106494.2157430054,109162.84085082708,109252.09159586501,115926.32710463241,113604.82799034136
2025-07-25,106672.93505976224,109623.9828583115,109435.43919862484,116120.87545479133,113795.48038490623
2025-07-28,106384.15177139694,109596.45626029928,109139.17730259868,115806.51485111144,113487.41505410557
2025-07-29,106549.94074942396,109307.36872942453,109309.25971023575,115986.98763231379,113664.27375201744
2025-07-30,106120.64165678018,109169.72514813681,108868.8430785501,115519.66584687856,113206.31038531309
2025-07-31,105799.52188052269,108760.21537047524,108539.40727807817,115170.10473726837,112863.74946130886
2025-08-01,105241.4974164362,106977.57424264518,107966.93167987073,114562.65647254582,112268.4657380132
2025-08-04,105977.14469738217,108603.61349351925,108721.62998493278,115363.45947137137,113053.23214274555
2025-08-05,105942.76977353558,108052.99680346188,108686.36485524957,115326.03998677088,113016.56200734404
2025-08-06,106249.13615732192,108880.64820848868,109000.66519531775,115659.54100720552,113343.38445576755
2025-08-07,106301.74880167074,108789.44715597497,109054.64034692006,115716.81351328547,113399.51004314957
2025-08-08,106571.94066272909,109637.7408617043,109331.82935429338,116010.9360611396,113687.74259818335
2025-08-11,106415.67797120454,109420.93845258151,109171.51993496627,115840.83330236028,113521.04625633889
2025-08-12,106976.45189533266,110585.84628719783,109746.81619585678,116451.27454470066,114119.26302095437
2025-08-13,107679.30714467404,110964.38731819231,110467.87325556588,117216.38114672479,114869.04787214502
2025-08-14,107479.59938627636,110974.70317293025,110262.99367444833,116998.9854246772,114656.00563897946
2025-08-15,107403.89502955328,110714.88979246173,110185.32880544855,116916.57599089251,114575.24650700558
2025-08-18,107367.40022176717,110690.79475187775,110147.88889328802,116876.84886585087,114536.31494314405
2025-08-19,106999.52829341017,110090.28279316488,109770.49020236386,116476.39480173307,114143.88022871483
2025-08-20,106935.7923260128,109797.76370486189,109705.10366752282,116407.01378837673,114075.88861468717
2025-08-21,106819.35148486002,109357.27458930665,109585.64736321215,116280.25987084575,113951.67302571908
2025-08-22,107945.3373916708,111036.66184871766,110740.79287574788,117505.973489538,115152.8409424018
2025-08-25,107605.25909936822,110547.97206076779,110391.90759140467,117135.77472259472,114790.05564340006
2025-08-26,107727.7656168284,111010.84043819294,110517.5866545657,117269.13154875147,114920.74191351021
2025-08-27,107877.89079878764,111263.78011257839,110671.59962152193,117432.55320343032,115080.89094465248
2025-08-28,108350.2601319379,111657.8055169064,111156.20188177003,117946.7599276821,115584.80034917778
2025-08-29,108095.01937923256,110991.91391620456,110894.35117092151,117668.91269643005,115312.51718708388
2025-09-02,107847.5492987648,110169.43102977332,110640.47236905545,117399.52437992142,115048.52354453583
2025-09-03,108286.98938288333,110766.50083983132,111091.29261301001,117877.8853367019,115517.30501609312
2025-09-04,108851.44502760911,111692.21641222836,111670.36593984875,118492.33438682165,116119.44932956454
2025-09-05,109065.66291536638,111368.73916848493,111890.13141848479,118725.52538930521,116347.97053253624
2025-09-08,109482.05948625221,111642.32114357289,112317.3113923944,119178.80188648368,116792.16987689697
2025-09-09,109590.70035940484,111900.42933655393,112428.76573328902,119297.06499880536,116908.06469448039
2025-09-10,109573.02772106994,112223.91717152398,112410.63542744439,119277.82710838925,116889.21205516881
2025-09-11,110288.2082020807,113156.52763245734,113144.33690478583,120056.35057843928,117652.14509299074
2025-09-12,110214.05166930864,113118.66399725393,113068.2599436634,119975.62605819093,117573.03713307808
2025-09-15,110729.37774149443,113720.89173468089,113596.9313916606,120536.59416704974,118122.77149546715
2025-09-16,111014.61570737624,113564.32163140479,113889.55615214845,120847.09544174124,118427.05478281975
2025-09-17,110987.50061390876,113423.22531023559,113861.7388603409,120817.57878515241,118398.12921622608
2025-09-18,110942.15557846708,113953.18910836383,113815.21952658247,120768.21757455042,118349.75649555174
2025-09-19,110822.76749454172,114517.58498426728,113692.73965488742,120638.25537920522,118222.39687659209
2025-09-22,110756.60549458841,115059.36859131498,113624.86426063589,120566.23346144217,118151.81724396367
2025-09-23,110801.32801324394,114433.04581330402,113670.74495631934,120614.91701942166,118199.52588244426
2025-09-24,110611.36136306278,114068.96180665995,113475.85874845395,120408.1251681063,117996.8751706928
2025-09-25,110329.9354548739,113542.70493785231,113187.14476634342,120101.77358214643,117696.65847189128
2025-09-26,110544.63662658614,114193.20748626029,113407.40604451699,120335.49067267579,117925.69522765795
2025-09-29,111172.47480398693,114514.13224438581,114051.5033185915,121018.93599798606,118595.45412161996
2025-09-30,111298.82684710807,114945.49172258572,114181.12749481632,121156.47894507482,118730.24268290338
2025-10-01,111772.20772230186,115337.17646582844,114666.76749296616,121671.78680287645,119235.23117007237
2025-10-02,111934.98590940748,115470.01163022601,114833.76113936653,121848.98212970475,119408.87804673785
2025-10-03,111903.03414802733,115468.30644273854,114800.98192467775,121814.20042521985,119374.79286821191
2025-10-06,112118.86622331124,115882.40222153104,115022.40339338125,122049.14858258658,119605.0360379123
2025-10-07,112009.74990594236,115452.76911327185,114910.46129571316,121930.36791631748,119488.63403073148
2025-10-08,112084.91359690853,116141.22002669629,114987.57149735958,122012.18879799207,119568.81639672907
2025-10-09,111670.86383517968,115804.75793910409,114562.79910781674,121561.46696506543,119127.12055782866
2025-10-10,109980.43802526845,112674.80687163025,112828.59641772775,119721.32143210249,117323.82512036718
2025-10-13,111002.30487392849,114403.69752431141,113876.92650560783,120833.69424717648,118413.92195577845
2025-10-14,110982.90744877876,114263.93569769761,113857.02674622282,120812.57880689453,118393.22936574231
2025-10-15,111432.78522567198,114771.22367961034,114318.55498740629,121302.30191492777,118873.14545418008
2025-10-16,111183.37409245764,113989.60174551891,114062.68486543912,121030.80062811312,118607.08115491271
2025-10-17,111502.5878912603,114636.64096281878,114390.1653294449,121378.28694930085,118947.60883946445
2025-10-20,112765.26955477236,115828.91652704783,115685.54660246489,122752.80336347458,120294.59968013146
2025-10-21,112737.51943640695,115827.17956588045,115657.07784054856,122722.59543831756,120264.99668806641
2025-10-22,112479.99286147198,115225.01537581327,115392.8821116363,122442.25993130663,119990.27507953295
2025-10-23,112803.84572639162,115908.2871794155,115725.12177944292,122794.79619715459,120335.7515803615
2025-10-24,113272.38433006946,116855.55589800524,116205.794105992,123304.83290715,120835.57447784267
2025-10-27,114153.95715605328,118234.1840947949,117110.19698328288,124264.48596509807,121776.00986729648
2025-10-28,114000.66209535727,118548.21396438406,116952.93204738467,124097.61367794347,121612.4793048088
2025-10-29,113823.10824432079,118605.15239874869,116770.78009235785,123904.33401791373,121423.07019403888
2025-10-30,113543.91480722306,117300.71574450447,116484.3563955406,123600.41263130467,121125.2350282862
2025-10-31,113765.96951224766,117685.49500798422,116712.16164114366,123842.13455197617,121362.11631233305
2025-11-03,113850.24463331308,117906.35385690643,116798.61923117944,123933.87385615574,121452.01847805825
2025-11-04,113201.21620389546,116508.74618199523,116132.78294209712,123227.36147438992,120759.65446025315
2025-11-05,113386.53003282195,116912.4943323699,116322.8958348078,123429.08840762531,120957.34168216039
2025-11-06,113193.16570850559,115658.10122395397,116124.52396339495,123218.59795277132,120751.06643378033
2025-11-07,113177.43921135228,115771.9675014566,116108.3901978614,123201.47857177503,120734.28987937755
2025-11-10,114132.54084168578,117578.52361901796,117088.22605159799,124241.17282412208,121753.16358693343
2025-11-11,114737.81415596235,117847.67846137442,117709.17410131606,124900.05473361337,122398.85096324568
2025-11-12,114706.60550343496,117913.24874544278,117677.15723973615,124866.08195456483,122365.55851090499
2025-11-13,113699.40553807958,115956.59376407646,116643.8738627694,123769.67505744909,121291.1078656962
2025-11-14,113462.90680514961,115937.62487718153,116401.25053292842,123512.22981235116,121038.81812688748
2025-11-17,112762.16259695805,114857.48922051436,115682.35918390559,122749.42122477932,120291.28527093459
2025-11-18,112436.3590653501,113892.97798497045,115348.1183330843,122394.76152318413,119943.7278575227
2025-11-19,112548.32936885457,114332.96931287409,115462.98832643687,122516.64895096132,120063.17441131813
2025-11-20,111615.56214327006,112590.26770066698,114506.06527051142,121501.2672445357,119068.1263753452
2025-11-21,112485.80224446935,113711.8044622321,115398.84193996039,122448.58384691956,119996.47235467634
2025-11-24,113236.36662820102,115385.47245926276,116168.84365533931,123265.62514493278,120797.15187623161
2025-11-25,113910.28749135883,116470.77663452554,116860.2170163842,123999.23466428547,121516.07039404954
2025-11-26,114663.19653020635,117274.84137784663,117632.62410630567,124818.82828172759,122319.2511231988
2025-11-28,115227.40908300203,117914.97511538354,118211.44804587367,125433.01270945063,122921.13611350689
2025-12-01,114797.41980205284,117376.64424821732,117770.32335210752,124964.93960625888,122462.43647466635
2025-12-02,114796.44887857624,117594.050357258,117769.32728466988,124963.88268883142,122461.40072268882
2025-12-03,115411.90890123839,118001.25124751416,118400.72584749648,125633.85353569071,123117.9549732802
2025-12-04,115478.55458474958,118087.51678841816,118469.09745123694,125706.40197649499,123189.05058498796
2025-12-05,115770.99296037723,118311.82837722183,118769.10909015374,126024.74139572476,123501.01505300308
2025-12-08,115021.78490333553,117956.38681150808,118000.49882619528,125209.17655322066,122701.7824199876
2025-12-09,114476.52679435836,117854.57334991076,117441.12019281375,124615.62534993015,122120.11746054816
2025-12-10,115238.5024305624,118636.21646645546,118222.82867735038,125445.08858633276,122932.97016320283
2025-12-11,115182.71016112827,118912.2767885749,118165.59155805681,125384.35483820189,122873.45264736375
2025-12-12,114368.79566832783,117633.72509221522,117330.59915872102,124498.35256033843,122005.19313384635
2025-12-15,114201.14969044123,117456.00430935834,117158.6116605836,124315.85830621708,121826.35344430828
2025-12-16,113758.24867258396,117135.07955123283,116704.24085524694,123833.72988343964,121353.87995267897
2025-12-17,113385.82236205123,115846.16963522867,116322.16983751937,123428.31805899486,120956.58676025573
2025-12-18,113684.61228662568,116720.96258998707,116628.69751115664,123753.57157901114,121275.32686975089
2025-12-19,114185.98989787519,117778.85667073056,117143.05927556021,124299.3558224006,121810.18143332328
2025-12-22,114580.71898730342,118512.60626045293,117548.01064623219,124729.04576583565,122231.26655981968
2025-12-23,115195.12000335084,119054.26277278103,118178.32277739799,125397.86381067307,122886.69109398966
2025-12-24,115513.97797736937,119473.05046497076,118505.43820184143,125744.96279194727,123226.83919535829
2025-12-26,115592.3245759792,119460.93410170566,118585.81373874572,125830.24848896482,123310.41699154749
2025-12-29,115591.77198931316,119035.21974729972,118585.24684176796,125829.64696011975,123309.82750870367
2025-12-30,115267.23159071205,118889.86575302514,118252.30183525145,125476.3622662572,122963.61756761195
2025-12-31,114445.03230147393,118009.01461663417,117408.8100884821,124581.34141386245,122086.52008230731
