sleeve,entry_date,duration_days,tilt,tau_future,Y,predictors,joint_CPE,episode_conviction
Equities,2015-01-02,91,19.58983278728112,63,SPY,"['VIXM', 'VIXY']",0.8455,1.0986
Equities,2015-01-05,365,100.0,252,SPY,"['VIXY', 'UVXY']",0.9769,3.1745
Equities,2015-01-07,365,100.0,252,SPY,"['VIXY', 'UVXY']",0.9769,3.1745
Equities,2015-01-12,91,19.58983278728112,63,SPY,"['VIXM', 'VIXY']",0.8455,1.0986
Equities,2015-01-13,365,100.0,252,SPY,"['VIXY', 'UVXY']",0.9769,3.1745
Equities,2015-01-28,365,100.0,252,SPY,"['VIXY', 'UVXY']",0.9769,3.1745
Equities,2015-03-03,91,19.58983278728112,63,SPY,"['VIXM', 'VIXY']",0.8455,1.0986
Equities,2015-03-06,91,19.58983278728112,63,SPY,"['VIXM', 'VIXY']",0.8455,1.0986
Equities,2015-03-10,365,100.0,252,SPY,"['VIXY', 'UVXY']",0.9769,3.1745
Equities,2015-04-07,91,19.58983278728112,63,SPY,"['VIXM', 'VIXY']",0.8455,1.0986
Equities,2015-05-06,365,100.0,252,SPY,"['VIXY', 'UVXY']",0.9769,3.1745
Equities,2015-05-26,365,100.0,252,SPY,"['VIXY', 'UVXY']",0.9769,3.1745
Equities,2015-06-08,365,100.0,252,SPY,"['VIXY', 'UVXY']",0.9769,3.1745
Equities,2015-06-15,365,100.0,252,SPY,"['VIXY', 'UVXY']",0.9769,3.1745
Equities,2015-06-29,365,100.0,252,SPY,"['VIXY', 'UVXY']",0.9769,3.1745
Equities,2015-07-06,365,100.0,252,SPY,"['VIXY', 'UVXY']",0.9769,3.1745
Equities,2015-07-27,365,100.0,252,SPY,"['VIXY', 'UVXY']",0.9769,3.1745
Equities,2015-08-24,91,19.58983278728112,63,SPY,"['VIXM', 'VIXY']",0.8455,1.0986
Equities,2015-08-24,365,100.0,252,SPY,"['VIXY', 'UVXY']",0.9769,3.1745
Equities,2015-08-31,365,100.0,252,SPY,"['VIXY', 'UVXY']",0.9769,3.1745
Equities,2015-09-21,365,100.0,252,SPY,"['VIXY', 'UVXY']",0.9769,3.1745
Equities,2015-09-28,365,100.0,252,SPY,"['VIXY', 'UVXY']",0.9769,3.1745
Equities,2015-09-29,91,19.58983278728112,63,SPY,"['VIXM', 'VIXY']",0.8455,1.0986
Equities,2015-10-21,365,100.0,252,SPY,"['VIXY', 'UVXY']",0.9769,3.1745
Equities,2015-11-09,91,19.58983278728112,63,SPY,"['VIXM', 'VIXY']",0.8455,1.0986
Equities,2015-11-11,365,100.0,252,SPY,"['VIXY', 'UVXY']",0.9769,3.1745
Equities,2015-11-16,365,100.0,252,SPY,"['VIXY', 'UVXY']",0.9769,3.1745
Equities,2015-12-09,365,100.0,252,SPY,"['VIXY', 'UVXY']",0.9769,3.1745
Equities,2015-12-14,365,100.0,252,SPY,"['VIXY', 'UVXY']",0.9769,3.1745
Equities,2015-12-21,365,100.0,252,SPY,"['VIXY', 'UVXY']",0.9769,3.1745
Equities,2016-01-04,365,100.0,252,SPY,"['VIXY', 'UVXY']",0.9769,3.1745
Equities,2016-01-11,365,100.0,252,SPY,"['VIXY', 'UVXY']",0.9769,3.1745
Equities,2016-01-15,91,19.58983278728112,63,SPY,"['VIXM', 'VIXY']",0.8455,1.0986
Equities,2016-01-19,365,100.0,252,SPY,"['VIXY', 'UVXY']",0.9769,3.1745
Equities,2016-01-27,365,100.0,252,SPY,"['VIXY', 'UVXY']",0.9769,3.1745
Equities,2016-02-03,91,19.58983278728112,63,SPY,"['VIXM', 'VIXY']",0.8455,1.0986
Equities,2016-02-03,365,100.0,252,SPY,"['VIXY', 'UVXY']",0.9769,3.1745
Equities,2016-02-08,365,100.0,252,SPY,"['VIXY', 'UVXY']",0.9769,3.1745
Equities,2016-03-08,365,100.0,252,SPY,"['VIXY', 'UVXY']",0.9769,3.1745
Equities,2016-03-21,91,19.58983278728112,63,SPY,"['VIXM', 'VIXY']",0.8455,1.0986
Equities,2016-04-01,91,19.58983278728112,63,SPY,"['VIXM', 'VIXY']",0.8455,1.0986
Equities,2016-04-05,365,100.0,252,SPY,"['VIXY', 'UVXY']",0.9769,3.1745
Equities,2016-04-11,365,100.0,252,SPY,"['VIXY', 'UVXY']",0.9769,3.1745
Equities,2016-05-02,365,100.0,252,SPY,"['VIXY', 'UVXY']",0.9769,3.1745
Equities,2016-05-17,365,100.0,252,SPY,"['VIXY', 'UVXY']",0.9769,3.1745
Equities,2016-06-13,365,100.0,252,SPY,"['VIXY', 'UVXY']",0.9769,3.1745
Equities,2016-06-27,365,100.0,252,SPY,"['VIXY', 'UVXY']",0.9769,3.1745
Equities,2016-08-24,365,100.0,252,SPY,"['VIXY', 'UVXY']",0.9769,3.1745
Equities,2016-09-12,365,100.0,252,SPY,"['VIXY', 'UVXY']",0.9769,3.1745
Equities,2016-09-26,365,100.0,252,SPY,"['VIXY', 'UVXY']",0.9769,3.1745
Equities,2016-10-11,365,100.0,252,SPY,"['VIXY', 'UVXY']",0.9769,3.1745
Equities,2016-10-31,365,100.0,252,SPY,"['VIXY', 'UVXY']",0.9769,3.1745
Equities,2016-12-28,365,100.0,252,SPY,"['VIXY', 'UVXY']",0.9769,3.1745
Equities,2017-01-30,365,100.0,252,SPY,"['VIXY', 'UVXY']",0.9769,3.1745
Equities,2017-03-21,365,100.0,252,SPY,"['VIXY', 'UVXY']",0.9769,3.1745
Equities,2017-04-03,365,100.0,252,SPY,"['VIXY', 'UVXY']",0.9769,3.1745
Equities,2017-04-05,365,100.0,252,SPY,"['VIXY', 'UVXY']",0.9769,3.1745
Equities,2017-04-10,365,100.0,252,SPY,"['VIXY', 'UVXY']",0.9769,3.1745
Equities,2017-05-17,365,100.0,252,SPY,"['VIXY', 'UVXY']",0.9769,3.1745
Equities,2017-06-06,365,100.0,252,SPY,"['VIXY', 'UVXY']",0.9769,3.1745
Equities,2017-07-03,365,100.0,252,SPY,"['VIXY', 'UVXY']",0.9769,3.1745
Equities,2017-08-09,365,100.0,252,SPY,"['VIXY', 'UVXY']",0.9769,3.1745
Equities,2017-08-21,365,100.0,252,SPY,"['VIXY', 'UVXY']",0.9769,3.1745
Equities,2017-09-05,365,100.0,252,SPY,"['VIXY', 'UVXY']",0.9769,3.1745
Equities,2017-10-24,365,100.0,252,SPY,"['VIXY', 'UVXY']",0.9769,3.1745
Equities,2017-11-13,365,100.0,252,SPY,"['VIXY', 'UVXY']",0.9769,3.1745
Equities,2017-12-04,365,100.0,252,SPY,"['VIXY', 'UVXY']",0.9769,3.1745
Equities,2018-01-16,365,100.0,252,SPY,"['VIXY', 'UVXY']",0.9769,3.1745
Equities,2018-01-29,365,100.0,252,SPY,"['VIXY', 'UVXY']",0.9769,3.1745
Equities,2018-02-05,91,19.58983278728112,63,SPY,"['VIXM', 'VIXY']",0.8455,1.0986
Equities,2018-02-05,365,100.0,252,SPY,"['VIXY', 'UVXY']",0.9769,3.1745
Equities,2018-02-12,365,100.0,252,SPY,"['VIXY', 'UVXY']",0.9769,3.1745
Equities,2018-02-20,365,100.0,252,SPY,"['VIXY', 'UVXY']",0.9769,3.1745
Equities,2018-02-28,365,100.0,252,SPY,"['VIXY', 'UVXY']",0.9769,3.1745
Equities,2018-03-14,365,100.0,252,SPY,"['VIXY', 'UVXY']",0.9769,3.1745
Equities,2018-03-19,365,100.0,252,SPY,"['VIXY', 'UVXY']",0.9769,3.1745
Equities,2018-03-26,365,100.0,252,SPY,"['VIXY', 'UVXY']",0.9769,3.1745
Equities,2018-04-02,91,19.58983278728112,63,SPY,"['VIXM', 'VIXY']",0.8455,1.0986
Equities,2018-04-03,365,100.0,252,SPY,"['VIXY', 'UVXY']",0.9769,3.1745
Equities,2018-04-10,365,100.0,252,SPY,"['VIXY', 'UVXY']",0.9769,3.1745
Equities,2018-04-23,365,100.0,252,SPY,"['VIXY', 'UVXY']",0.9769,3.1745
Equities,2018-05-01,91,19.58983278728112,63,SPY,"['VIXM', 'VIXY']",0.8455,1.0986
Equities,2018-05-08,91,19.58983278728112,63,SPY,"['VIXM', 'VIXY']",0.8455,1.0986
Equities,2018-05-22,91,19.58983278728112,63,SPY,"['VIXM', 'VIXY']",0.8455,1.0986
Equities,2018-05-29,365,100.0,252,SPY,"['VIXY', 'UVXY']",0.9769,3.1745
Equities,2018-06-19,365,100.0,252,SPY,"['VIXY', 'UVXY']",0.9769,3.1745
Equities,2018-06-25,365,100.0,252,SPY,"['VIXY', 'UVXY']",0.9769,3.1745
Equities,2018-06-29,91,19.58983278728112,63,SPY,"['VIXM', 'VIXY']",0.8455,1.0986
Equities,2018-07-30,365,100.0,252,SPY,"['VIXY', 'UVXY']",0.9769,3.1745
Equities,2018-08-13,365,100.0,252,SPY,"['VIXY', 'UVXY']",0.9769,3.1745
Equities,2018-10-08,365,100.0,252,SPY,"['VIXY', 'UVXY']",0.9769,3.1745
Equities,2018-10-10,91,19.58983278728112,63,SPY,"['VIXM', 'VIXY']",0.8455,1.0986
Equities,2018-10-22,365,100.0,252,SPY,"['VIXY', 'UVXY']",0.9769,3.1745
Equities,2018-10-29,365,100.0,252,SPY,"['VIXY', 'UVXY']",0.9769,3.1745
Equities,2018-11-08,91,19.58983278728112,63,SPY,"['VIXM', 'VIXY']",0.8455,1.0986
Equities,2018-11-12,365,100.0,252,SPY,"['VIXY', 'UVXY']",0.9769,3.1745
Equities,2018-11-20,365,100.0,252,SPY,"['VIXY', 'UVXY']",0.9769,3.1745
Equities,2018-12-04,365,100.0,252,SPY,"['VIXY', 'UVXY']",0.9769,3.1745
Equities,2018-12-11,365,100.0,252,SPY,"['VIXY', 'UVXY']",0.9769,3.1745
Equities,2018-12-17,365,100.0,252,SPY,"['VIXY', 'UVXY']",0.9769,3.1745
Equities,2018-12-24,365,100.0,252,SPY,"['VIXY', 'UVXY']",0.9769,3.1745
Equities,2019-01-08,91,19.58983278728112,63,SPY,"['VIXM', 'VIXY']",0.8455,1.0986
Equities,2019-01-22,365,100.0,252,SPY,"['VIXY', 'UVXY']",0.9769,3.1745
Equities,2019-02-27,365,100.0,252,SPY,"['VIXY', 'UVXY']",0.9769,3.1745
Equities,2019-03-06,365,100.0,252,SPY,"['VIXY', 'UVXY']",0.9769,3.1745
Equities,2019-03-13,91,19.58983278728112,63,SPY,"['VIXM', 'VIXY']",0.8455,1.0986
Equities,2019-03-25,365,100.0,252,SPY,"['VIXY', 'UVXY']",0.9769,3.1745
Equities,2019-05-01,365,100.0,252,SPY,"['VIXY', 'UVXY']",0.9769,3.1745
Equities,2019-05-07,365,100.0,252,SPY,"['VIXY', 'UVXY']",0.9769,3.1745
Equities,2019-05-13,365,100.0,252,SPY,"['VIXY', 'UVXY']",0.9769,3.1745
Equities,2019-05-15,365,100.0,252,SPY,"['VIXY', 'UVXY']",0.9769,3.1745
Equities,2019-05-29,365,100.0,252,SPY,"['VIXY', 'UVXY']",0.9769,3.1745
Equities,2019-06-03,365,100.0,252,SPY,"['VIXY', 'UVXY']",0.9769,3.1745
Equities,2019-06-25,365,100.0,252,SPY,"['VIXY', 'UVXY']",0.9769,3.1745
Equities,2019-07-08,365,100.0,252,SPY,"['VIXY', 'UVXY']",0.9769,3.1745
Equities,2019-07-31,365,100.0,252,SPY,"['VIXY', 'UVXY']",0.9769,3.1745
Equities,2019-08-05,91,19.58983278728112,63,SPY,"['VIXM', 'VIXY']",0.8455,1.0986
Equities,2019-08-05,365,100.0,252,SPY,"['VIXY', 'UVXY']",0.9769,3.1745
Equities,2019-08-12,365,100.0,252,SPY,"['VIXY', 'UVXY']",0.9769,3.1745
Equities,2019-08-14,365,100.0,252,SPY,"['VIXY', 'UVXY']",0.9769,3.1745
Equities,2019-08-26,91,19.58983278728112,63,SPY,"['VIXM', 'VIXY']",0.8455,1.0986
Equities,2019-08-26,365,100.0,252,SPY,"['VIXY', 'UVXY']",0.9769,3.1745
Equities,2019-09-03,365,100.0,252,SPY,"['VIXY', 'UVXY']",0.9769,3.1745
Equities,2019-09-24,365,100.0,252,SPY,"['VIXY', 'UVXY']",0.9769,3.1745
Equities,2019-10-01,365,100.0,252,SPY,"['VIXY', 'UVXY']",0.9769,3.1745
Equities,2019-10-02,91,19.58983278728112,63,SPY,"['VIXM', 'VIXY']",0.8455,1.0986
Equities,2019-10-08,91,19.58983278728112,63,SPY,"['VIXM', 'VIXY']",0.8455,1.0986
Equities,2019-10-08,365,100.0,252,SPY,"['VIXY', 'UVXY']",0.9769,3.1745
Equities,2019-12-02,365,100.0,252,SPY,"['VIXY', 'UVXY']",0.9769,3.1745
Equities,2019-12-04,365,100.0,252,SPY,"['VIXY', 'UVXY']",0.9769,3.1745
Equities,2019-12-11,365,100.0,252,SPY,"['VIXY', 'UVXY']",0.9769,3.1745
Equities,2020-01-07,365,100.0,252,SPY,"['VIXY', 'UVXY']",0.9769,3.1745
Equities,2020-01-27,365,100.0,252,SPY,"['VIXY', 'UVXY']",0.9769,3.1745
Equities,2020-02-03,365,100.0,252,SPY,"['VIXY', 'UVXY']",0.9769,3.1745
Equities,2020-02-24,365,100.0,252,SPY,"['VIXY', 'UVXY']",0.9769,3.1745
Equities,2020-02-25,91,19.58983278728112,63,SPY,"['VIXM', 'VIXY']",0.8455,1.0986
Equities,2020-03-02,365,100.0,252,SPY,"['VIXY', 'UVXY']",0.9769,3.1745
Equities,2020-03-09,365,100.0,252,SPY,"['VIXY', 'UVXY']",0.9769,3.1745
Equities,2020-03-16,365,100.0,252,SPY,"['VIXY', 'UVXY']",0.9769,3.1745
Equities,2020-04-03,91,19.58983278728112,63,SPY,"['VIXM', 'VIXY']",0.8455,1.0986
Equities,2020-04-20,365,100.0,252,SPY,"['VIXY', 'UVXY']",0.9769,3.1745
Equities,2020-04-30,91,19.58983278728112,63,SPY,"['VIXM', 'VIXY']",0.8455,1.0986
Equities,2020-05-04,365,100.0,252,SPY,"['VIXY', 'UVXY']",0.9769,3.1745
Equities,2020-05-07,91,19.58983278728112,63,SPY,"['VIXM', 'VIXY']",0.8455,1.0986
Equities,2020-05-13,365,100.0,252,SPY,"['VIXY', 'UVXY']",0.9769,3.1745
Equities,2020-06-10,365,100.0,252,SPY,"['VIXY', 'UVXY']",0.9769,3.1745
Equities,2020-06-15,365,100.0,252,SPY,"['VIXY', 'UVXY']",0.9769,3.1745
Equities,2020-06-23,91,19.58983278728112,63,SPY,"['VIXM', 'VIXY']",0.8455,1.0986
Equities,2020-07-07,365,100.0,252,SPY,"['VIXY', 'UVXY']",0.9769,3.1745
Equities,2020-07-13,365,100.0,252,SPY,"['VIXY', 'UVXY']",0.9769,3.1745
Equities,2020-08-31,365,100.0,252,SPY,"['VIXY', 'UVXY']",0.9769,3.1745
Equities,2020-09-22,365,100.0,252,SPY,"['VIXY', 'UVXY']",0.9769,3.1745
Equities,2020-10-19,365,100.0,252,SPY,"['VIXY', 'UVXY']",0.9769,3.1745
Equities,2020-10-26,365,100.0,252,SPY,"['VIXY', 'UVXY']",0.9769,3.1745
Equities,2020-12-14,365,100.0,252,SPY,"['VIXY', 'UVXY']",0.9769,3.1745
Equities,2020-12-21,365,100.0,252,SPY,"['VIXY', 'UVXY']",0.9769,3.1745
Equities,2020-12-29,365,100.0,252,SPY,"['VIXY', 'UVXY']",0.9769,3.1745
Equities,2021-01-04,365,100.0,252,SPY,"['VIXY', 'UVXY']",0.9769,3.1745
Equities,2021-01-25,365,100.0,252,SPY,"['VIXY', 'UVXY']",0.9769,3.1745
Equities,2021-04-20,365,100.0,252,SPY,"['VIXY', 'UVXY']",0.9769,3.1745
Equities,2021-05-04,365,100.0,252,SPY,"['VIXY', 'UVXY']",0.9769,3.1745
Equities,2021-05-11,365,100.0,252,SPY,"['VIXY', 'UVXY']",0.9769,3.1745
Equities,2021-05-19,365,100.0,252,SPY,"['VIXY', 'UVXY']",0.9769,3.1745
Equities,2021-06-01,365,100.0,252,SPY,"['VIXY', 'UVXY']",0.9769,3.1745
Equities,2021-06-16,365,100.0,252,SPY,"['VIXY', 'UVXY']",0.9769,3.1745
Equities,2021-07-19,365,100.0,252,SPY,"['VIXY', 'UVXY']",0.9769,3.1745
Equities,2021-08-02,365,100.0,252,SPY,"['VIXY', 'UVXY']",0.9769,3.1745
Equities,2021-08-17,365,100.0,252,SPY,"['VIXY', 'UVXY']",0.9769,3.1745
Equities,2021-09-07,365,100.0,252,SPY,"['VIXY', 'UVXY']",0.9769,3.1745
Equities,2021-09-20,365,100.0,252,SPY,"['VIXY', 'UVXY']",0.9769,3.1745
Equities,2021-09-28,365,100.0,252,SPY,"['VIXY', 'UVXY']",0.9769,3.1745
Equities,2021-11-08,365,100.0,252,SPY,"['VIXY', 'UVXY']",0.9769,3.1745
Equities,2021-11-22,365,100.0,252,SPY,"['VIXY', 'UVXY']",0.9769,3.1745
Equities,2021-11-29,365,100.0,252,SPY,"['VIXY', 'UVXY']",0.9769,3.1745
Equities,2021-12-01,91,19.58983278728112,63,SPY,"['VIXM', 'VIXY']",0.8455,1.0986
Equities,2021-12-01,365,100.0,252,SPY,"['VIXY', 'UVXY']",0.9769,3.1745
Equities,2021-12-03,91,19.58983278728112,63,SPY,"['VIXM', 'VIXY']",0.8455,1.0986
Equities,2021-12-20,365,100.0,252,SPY,"['VIXY', 'UVXY']",0.9769,3.1745
Equities,2022-01-05,365,100.0,252,SPY,"['VIXY', 'UVXY']",0.9769,3.1745
Equities,2022-01-18,365,100.0,252,SPY,"['VIXY', 'UVXY']",0.9769,3.1745
Equities,2022-01-24,365,100.0,252,SPY,"['VIXY', 'UVXY']",0.9769,3.1745
Equities,2022-01-26,91,19.58983278728112,63,SPY,"['VIXM', 'VIXY']",0.8455,1.0986
Equities,2022-02-07,365,100.0,252,SPY,"['VIXY', 'UVXY']",0.9769,3.1745
Equities,2022-02-11,91,19.58983278728112,63,SPY,"['VIXM', 'VIXY']",0.8455,1.0986
Equities,2022-02-14,365,100.0,252,SPY,"['VIXY', 'UVXY']",0.9769,3.1745
Equities,2022-02-17,91,19.58983278728112,63,SPY,"['VIXM', 'VIXY']",0.8455,1.0986
Equities,2022-02-23,365,100.0,252,SPY,"['VIXY', 'UVXY']",0.9769,3.1745
Equities,2022-03-01,365,100.0,252,SPY,"['VIXY', 'UVXY']",0.9769,3.1745
Equities,2022-03-07,365,100.0,252,SPY,"['VIXY', 'UVXY']",0.9769,3.1745
Equities,2022-04-06,365,100.0,252,SPY,"['VIXY', 'UVXY']",0.9769,3.1745
Equities,2022-04-12,91,19.58983278728112,63,SPY,"['VIXM', 'VIXY']",0.8455,1.0986
Equities,2022-04-12,365,100.0,252,SPY,"['VIXY', 'UVXY']",0.9769,3.1745
Equities,2022-04-20,91,19.58983278728112,63,SPY,"['VIXM', 'VIXY']",0.8455,1.0986
Equities,2022-04-25,365,100.0,252,SPY,"['VIXY', 'UVXY']",0.9769,3.1745
Equities,2022-05-02,91,19.58983278728112,63,SPY,"['VIXM', 'VIXY']",0.8455,1.0986
Equities,2022-05-09,365,100.0,252,SPY,"['VIXY', 'UVXY']",0.9769,3.1745
Equities,2022-05-18,365,100.0,252,SPY,"['VIXY', 'UVXY']",0.9769,3.1745
Equities,2022-05-24,91,19.58983278728112,63,SPY,"['VIXM', 'VIXY']",0.8455,1.0986
Equities,2022-06-03,91,19.58983278728112,63,SPY,"['VIXM', 'VIXY']",0.8455,1.0986
Equities,2022-06-13,365,100.0,252,SPY,"['VIXY', 'UVXY']",0.9769,3.1745
Equities,2022-06-28,91,19.58983278728112,63,SPY,"['VIXM', 'VIXY']",0.8455,1.0986
Equities,2022-07-26,91,19.58983278728112,63,SPY,"['VIXM', 'VIXY']",0.8455,1.0986
Equities,2022-08-01,91,19.58983278728112,63,SPY,"['VIXM', 'VIXY']",0.8455,1.0986
Equities,2022-08-02,365,100.0,252,SPY,"['VIXY', 'UVXY']",0.9769,3.1745
Equities,2022-08-05,91,19.58983278728112,63,SPY,"['VIXM', 'VIXY']",0.8455,1.0986
Equities,2022-08-22,91,19.58983278728112,63,SPY,"['VIXM', 'VIXY']",0.8455,1.0986
Equities,2022-08-22,365,100.0,252,SPY,"['VIXY', 'UVXY']",0.9769,3.1745
Equities,2022-08-29,365,100.0,252,SPY,"['VIXY', 'UVXY']",0.9769,3.1745
Equities,2022-09-06,365,100.0,252,SPY,"['VIXY', 'UVXY']",0.9769,3.1745
Equities,2022-09-13,365,100.0,252,SPY,"['VIXY', 'UVXY']",0.9769,3.1745
Equities,2022-09-21,365,100.0,252,SPY,"['VIXY', 'UVXY']",0.9769,3.1745
Equities,2022-09-26,365,100.0,252,SPY,"['VIXY', 'UVXY']",0.9769,3.1745
Equities,2022-09-27,91,19.58983278728112,63,SPY,"['VIXM', 'VIXY']",0.8455,1.0986
Equities,2022-09-29,91,19.58983278728112,63,SPY,"['VIXM', 'VIXY']",0.8455,1.0986
Equities,2022-10-04,91,19.58983278728112,63,SPY,"['VIXM', 'VIXY']",0.8455,1.0986
Equities,2022-10-10,365,100.0,252,SPY,"['VIXY', 'UVXY']",0.9769,3.1745
Equities,2022-10-19,91,19.58983278728112,63,SPY,"['VIXM', 'VIXY']",0.8455,1.0986
Equities,2022-11-09,365,100.0,252,SPY,"['VIXY', 'UVXY']",0.9769,3.1745
Equities,2022-11-28,365,100.0,252,SPY,"['VIXY', 'UVXY']",0.9769,3.1745
Equities,2022-12-06,365,100.0,252,SPY,"['VIXY', 'UVXY']",0.9769,3.1745
Equities,2022-12-15,91,19.58983278728112,63,SPY,"['VIXM', 'VIXY']",0.8455,1.0986
Equities,2022-12-19,365,100.0,252,SPY,"['VIXY', 'UVXY']",0.9769,3.1745
Equities,2022-12-22,91,19.58983278728112,63,SPY,"['VIXM', 'VIXY']",0.8455,1.0986
Equities,2023-01-18,365,100.0,252,SPY,"['VIXY', 'UVXY']",0.9769,3.1745
Equities,2023-02-06,365,100.0,252,SPY,"['VIXY', 'UVXY']",0.9769,3.1745
Equities,2023-02-08,365,100.0,252,SPY,"['VIXY', 'UVXY']",0.9769,3.1745
Equities,2023-02-21,365,100.0,252,SPY,"['VIXY', 'UVXY']",0.9769,3.1745
Equities,2023-03-13,365,100.0,252,SPY,"['VIXY', 'UVXY']",0.9769,3.1745
Equities,2023-04-25,365,100.0,252,SPY,"['VIXY', 'UVXY']",0.9769,3.1745
Equities,2023-05-03,365,100.0,252,SPY,"['VIXY', 'UVXY']",0.9769,3.1745
Equities,2023-05-23,365,100.0,252,SPY,"['VIXY', 'UVXY']",0.9769,3.1745
Equities,2023-08-02,365,100.0,252,SPY,"['VIXY', 'UVXY']",0.9769,3.1745
Equities,2023-08-16,365,100.0,252,SPY,"['VIXY', 'UVXY']",0.9769,3.1745
Equities,2023-09-06,365,100.0,252,SPY,"['VIXY', 'UVXY']",0.9769,3.1745
Equities,2023-09-25,365,100.0,252,SPY,"['VIXY', 'UVXY']",0.9769,3.1745
Equities,2023-10-03,365,100.0,252,SPY,"['VIXY', 'UVXY']",0.9769,3.1745
Equities,2023-10-16,365,100.0,252,SPY,"['VIXY', 'UVXY']",0.9769,3.1745
Equities,2023-10-18,91,19.58983278728112,63,SPY,"['VIXM', 'VIXY']",0.8455,1.0986
Equities,2023-10-24,91,19.58983278728112,63,SPY,"['VIXM', 'VIXY']",0.8455,1.0986
Equities,2023-12-18,365,100.0,252,SPY,"['VIXY', 'UVXY']",0.9769,3.1745
Equities,2024-01-03,365,100.0,252,SPY,"['VIXY', 'UVXY']",0.9769,3.1745
Equities,2024-01-16,365,100.0,252,SPY,"['VIXY', 'UVXY']",0.9769,3.1745
Equities,2024-01-31,365,100.0,252,SPY,"['VIXY', 'UVXY']",0.9769,3.1745
Equities,2024-02-13,365,100.0,252,SPY,"['VIXY', 'UVXY']",0.9769,3.1745
Equities,2024-02-20,365,100.0,252,SPY,"['VIXY', 'UVXY']",0.9769,3.1745
Equities,2024-03-05,365,100.0,252,SPY,"['VIXY', 'UVXY']",0.9769,3.1745
Equities,2024-04-02,365,100.0,252,SPY,"['VIXY', 'UVXY']",0.9769,3.1745
Equities,2024-04-12,91,19.58983278728112,63,SPY,"['VIXM', 'VIXY']",0.8455,1.0986
Equities,2024-04-15,365,100.0,252,SPY,"['VIXY', 'UVXY']",0.9769,3.1745
Equities,2024-05-29,365,100.0,252,SPY,"['VIXY', 'UVXY']",0.9769,3.1745
Equities,2024-07-17,365,100.0,252,SPY,"['VIXY', 'UVXY']",0.9769,3.1745
Equities,2024-07-24,91,19.58983278728112,63,SPY,"['VIXM', 'VIXY']",0.8455,1.0986
Equities,2024-07-24,365,100.0,252,SPY,"['VIXY', 'UVXY']",0.9769,3.1745
Equities,2024-08-01,91,19.58983278728112,63,SPY,"['VIXM', 'VIXY']",0.8455,1.0986
Equities,2024-08-05,91,19.58983278728112,63,SPY,"['VIXM', 'VIXY']",0.8455,1.0986
Equities,2024-08-05,365,100.0,252,SPY,"['VIXY', 'UVXY']",0.9769,3.1745
Equities,2024-08-21,365,100.0,252,SPY,"['VIXY', 'UVXY']",0.9769,3.1745
Equities,2024-08-28,365,100.0,252,SPY,"['VIXY', 'UVXY']",0.9769,3.1745
Equities,2024-09-03,91,19.58983278728112,63,SPY,"['VIXM', 'VIXY']",0.8455,1.0986
Equities,2024-09-03,365,100.0,252,SPY,"['VIXY', 'UVXY']",0.9769,3.1745
Equities,2024-09-17,365,100.0,252,SPY,"['VIXY', 'UVXY']",0.9769,3.1745
Equities,2024-10-01,91,19.58983278728112,63,SPY,"['VIXM', 'VIXY']",0.8455,1.0986
Equities,2024-10-01,365,100.0,252,SPY,"['VIXY', 'UVXY']",0.9769,3.1745
Equities,2024-10-07,365,100.0,252,SPY,"['VIXY', 'UVXY']",0.9769,3.1745
Equities,2024-10-23,365,100.0,252,SPY,"['VIXY', 'UVXY']",0.9769,3.1745
Equities,2024-10-24,91,19.58983278728112,63,SPY,"['VIXM', 'VIXY']",0.8455,1.0986
Equities,2024-11-08,91,19.58983278728112,63,SPY,"['VIXM', 'VIXY']",0.8455,1.0986
Equities,2024-11-18,365,100.0,252,SPY,"['VIXY', 'UVXY']",0.9769,3.1745
Equities,2024-11-29,91,19.58983278728112,63,SPY,"['VIXM', 'VIXY']",0.8455,1.0986
Equities,2024-12-16,365,100.0,252,SPY,"['VIXY', 'UVXY']",0.9769,3.1745
Equities,2024-12-18,91,19.58983278728112,63,SPY,"['VIXM', 'VIXY']",0.8455,1.0986
Equities,2024-12-27,91,19.58983278728112,63,SPY,"['VIXM', 'VIXY']",0.8455,1.0986
Equities,2024-12-31,365,100.0,252,SPY,"['VIXY', 'UVXY']",0.9769,3.1745
Equities,2025-01-08,365,100.0,252,SPY,"['VIXY', 'UVXY']",0.9769,3.1745
Equities,2025-01-13,91,19.58983278728112,63,SPY,"['VIXM', 'VIXY']",0.8455,1.0986
Equities,2025-01-13,365,100.0,252,SPY,"['VIXY', 'UVXY']",0.9769,3.1745
Equities,2025-01-16,91,19.58983278728112,63,SPY,"['VIXM', 'VIXY']",0.8455,1.0986
Equities,2025-01-27,91,19.58983278728112,63,SPY,"['VIXM', 'VIXY']",0.8455,1.0986
Equities,2025-01-27,365,100.0,252,SPY,"['VIXY', 'UVXY']",0.9769,3.1745
Equities,2025-01-29,365,100.0,252,SPY,"['VIXY', 'UVXY']",0.9769,3.1745
Equities,2025-02-03,91,19.58983278728112,63,SPY,"['VIXM', 'VIXY']",0.8455,1.0986
Equities,2025-02-03,365,100.0,252,SPY,"['VIXY', 'UVXY']",0.9769,3.1745
Equities,2025-02-24,365,100.0,252,SPY,"['VIXY', 'UVXY']",0.9769,3.1745
Equities,2025-03-03,91,19.58983278728112,63,SPY,"['VIXM', 'VIXY']",0.8455,1.0986
Equities,2025-03-03,365,100.0,252,SPY,"['VIXY', 'UVXY']",0.9769,3.1745
Equities,2025-03-10,365,100.0,252,SPY,"['VIXY', 'UVXY']",0.9769,3.1745
Equities,2025-03-31,365,100.0,252,SPY,"['VIXY', 'UVXY']",0.9769,3.1745
Equities,2025-04-04,91,19.58983278728112,63,SPY,"['VIXM', 'VIXY']",0.8455,1.0986
Equities,2025-04-07,365,100.0,252,SPY,"['VIXY', 'UVXY']",0.9769,3.1745
Equities,2025-04-21,365,100.0,252,SPY,"['VIXY', 'UVXY']",0.9769,3.1745
Equities,2025-05-01,91,19.58983278728112,63,SPY,"['VIXM', 'VIXY']",0.8455,1.0986
Equities,2025-05-07,365,100.0,252,SPY,"['VIXY', 'UVXY']",0.9769,3.1745
Equities,2025-05-08,91,19.58983278728112,63,SPY,"['VIXM', 'VIXY']",0.8455,1.0986
Equities,2025-05-16,91,19.58983278728112,63,SPY,"['VIXM', 'VIXY']",0.8455,1.0986
Equities,2025-05-21,365,100.0,252,SPY,"['VIXY', 'UVXY']",0.9769,3.1745
Equities,2025-06-17,365,100.0,252,SPY,"['VIXY', 'UVXY']",0.9769,3.1745
Equities,2025-06-24,91,19.58983278728112,63,SPY,"['VIXM', 'VIXY']",0.8455,1.0986
Equities,2025-07-21,91,19.58983278728112,63,SPY,"['VIXM', 'VIXY']",0.8455,1.0986
Equities,2025-07-24,91,19.58983278728112,63,SPY,"['VIXM', 'VIXY']",0.8455,1.0986
Equities,2025-07-28,91,19.58983278728112,63,SPY,"['VIXM', 'VIXY']",0.8455,1.0986
Equities,2025-09-02,365,100.0,252,SPY,"['VIXY', 'UVXY']",0.9769,3.1745
Equities,2025-09-23,365,100.0,252,SPY,"['VIXY', 'UVXY']",0.9769,3.1745
Equities,2025-10-13,365,100.0,252,SPY,"['VIXY', 'UVXY']",0.9769,3.1745
Equities,2025-11-04,365,100.0,252,SPY,"['VIXY', 'UVXY']",0.9769,3.1745
Equities,2025-11-17,365,100.0,252,SPY,"['VIXY', 'UVXY']",0.9769,3.1745
Gold,2015-01-02,365,-25.671613691895434,252,GC=F,"['PALL', 'PPLT']",0.8384,0.3662
Gold,2015-01-02,365,-0.0,252,GC=F,"['PALL', 'PPLT']",0.8843,0.0
Gold,2015-01-02,365,-0.0,252,GC=F,"['PPLT', 'PALL']",0.8345,0.0
Gold,2015-01-07,182,-60.66088983121364,126,GC=F,"['PALL', 'PPLT']",0.9604,0.0
Gold,2015-01-12,365,-25.671613691895434,252,GC=F,"['PALL', 'PPLT']",0.8384,0.3662
Gold,2015-01-12,365,-0.0,252,GC=F,"['PALL', 'PPLT']",0.8843,0.0
Gold,2015-01-14,182,-60.66088983121364,126,GC=F,"['PALL', 'PPLT']",0.9604,0.0
Gold,2015-01-29,365,-25.671613691895434,252,GC=F,"['PALL', 'PPLT']",0.8384,0.3662
Gold,2015-01-29,365,-0.0,252,GC=F,"['PALL', 'PPLT']",0.8843,0.0
Gold,2015-01-29,365,-0.0,252,GC=F,"['PPLT', 'PALL']",0.8345,0.0
Gold,2015-02-02,365,-0.0,252,GC=F,"['PALL', 'PPLT']",0.8843,0.0
Gold,2015-02-02,365,-0.0,252,GC=F,"['PPLT', 'PALL']",0.8345,0.0
Gold,2015-02-06,365,-0.0,252,GC=F,"['PPLT', 'PALL']",0.8345,0.0
Gold,2015-02-10,365,-29.951218116238486,252,GC=F,"['PPLT', 'PALL']",0.8496,0.3662
Gold,2015-02-10,365,-34.830652708759885,252,GC=F,"['PPLT', 'PALL']",0.8195,0.3662
Gold,2015-02-10,365,-0.0,252,GC=F,"['PALL', 'PPLT']",0.8843,0.0
Gold,2015-02-10,365,-0.0,252,GC=F,"['PPLT', 'PALL']",0.8345,0.0
Gold,2015-02-17,365,-29.951218116238486,252,GC=F,"['PPLT', 'PALL']",0.8496,0.3662
Gold,2015-02-17,365,-34.830652708759885,252,GC=F,"['PPLT', 'PALL']",0.8195,0.3662
Gold,2015-02-17,365,-25.671613691895434,252,GC=F,"['PALL', 'PPLT']",0.8384,0.3662
Gold,2015-02-17,365,-0.0,252,GC=F,"['PALL', 'PPLT']",0.8843,0.0
Gold,2015-02-20,365,-29.951218116238486,252,GC=F,"['PPLT', 'PALL']",0.8496,0.3662
Gold,2015-02-20,365,-34.830652708759885,252,GC=F,"['PPLT', 'PALL']",0.8195,0.3662
Gold,2015-03-09,365,-0.0,252,GC=F,"['PPLT', 'PALL']",0.8345,0.0
Gold,2015-03-16,365,-29.951218116238486,252,GC=F,"['PPLT', 'PALL']",0.8496,0.3662
Gold,2015-03-16,365,-34.830652708759885,252,GC=F,"['PPLT', 'PALL']",0.8195,0.3662
Gold,2015-03-17,365,-25.671613691895434,252,GC=F,"['PALL', 'PPLT']",0.8384,0.3662
Gold,2015-03-17,365,-0.0,252,GC=F,"['PALL', 'PPLT']",0.8843,0.0
Gold,2015-03-19,365,-0.0,252,GC=F,"['PALL', 'PPLT']",0.8843,0.0
Gold,2015-03-24,365,-0.0,252,GC=F,"['PALL', 'PPLT']",0.8843,0.0
Gold,2015-03-27,365,-25.671613691895434,252,GC=F,"['PALL', 'PPLT']",0.8384,0.3662
Gold,2015-04-06,365,-0.0,252,GC=F,"['PALL', 'PPLT']",0.8843,0.0
Gold,2015-04-14,365,-25.671613691895434,252,GC=F,"['PALL', 'PPLT']",0.8384,0.3662
Gold,2015-05-01,365,-0.0,252,GC=F,"['PALL', 'PPLT']",0.8843,0.0
Gold,2015-05-11,365,-25.671613691895434,252,GC=F,"['PALL', 'PPLT']",0.8384,0.3662
Gold,2015-05-11,365,-0.0,252,GC=F,"['PALL', 'PPLT']",0.8843,0.0
Gold,2015-05-18,365,-0.0,252,GC=F,"['PALL', 'PPLT']",0.8843,0.0
Gold,2015-05-18,365,-0.0,252,GC=F,"['PPLT', 'PALL']",0.8345,0.0
Gold,2015-05-19,365,-25.671613691895434,252,GC=F,"['PALL', 'PPLT']",0.8384,0.3662
Gold,2015-06-01,365,-25.671613691895434,252,GC=F,"['PALL', 'PPLT']",0.8384,0.3662
Gold,2015-06-01,365,-0.0,252,GC=F,"['PALL', 'PPLT']",0.8843,0.0
Gold,2015-06-04,365,-29.951218116238486,252,GC=F,"['PPLT', 'PALL']",0.8496,0.3662
Gold,2015-06-04,365,-34.830652708759885,252,GC=F,"['PPLT', 'PALL']",0.8195,0.3662
Gold,2015-06-08,365,-29.951218116238486,252,GC=F,"['PPLT', 'PALL']",0.8496,0.3662
Gold,2015-06-08,365,-34.830652708759885,252,GC=F,"['PPLT', 'PALL']",0.8195,0.3662
Gold,2015-06-16,365,-0.0,252,GC=F,"['PALL', 'PPLT']",0.8843,0.0
Gold,2015-06-16,365,-0.0,252,GC=F,"['PPLT', 'PALL']",0.8345,0.0
Gold,2015-06-23,365,-25.671613691895434,252,GC=F,"['PALL', 'PPLT']",0.8384,0.3662
Gold,2015-06-23,365,-0.0,252,GC=F,"['PALL', 'PPLT']",0.8843,0.0
Gold,2015-06-25,182,-60.66088983121364,126,GC=F,"['PALL', 'PPLT']",0.9604,0.0
Gold,2015-06-26,365,-0.0,252,GC=F,"['PALL', 'PPLT']",0.8843,0.0
Gold,2015-06-26,365,-0.0,252,GC=F,"['PPLT', 'PALL']",0.8345,0.0
Gold,2015-07-09,365,-29.951218116238486,252,GC=F,"['PPLT', 'PALL']",0.8496,0.3662
Gold,2015-07-09,365,-34.830652708759885,252,GC=F,"['PPLT', 'PALL']",0.8195,0.3662
Gold,2015-07-16,365,-29.951218116238486,252,GC=F,"['PPLT', 'PALL']",0.8496,0.3662
Gold,2015-07-16,365,-34.830652708759885,252,GC=F,"['PPLT', 'PALL']",0.8195,0.3662
Gold,2015-07-28,365,-29.951218116238486,252,GC=F,"['PPLT', 'PALL']",0.8496,0.3662
Gold,2015-07-28,365,-34.830652708759885,252,GC=F,"['PPLT', 'PALL']",0.8195,0.3662
Gold,2015-08-03,365,-29.951218116238486,252,GC=F,"['PPLT', 'PALL']",0.8496,0.3662
Gold,2015-08-03,365,-34.830652708759885,252,GC=F,"['PPLT', 'PALL']",0.8195,0.3662
Gold,2015-08-07,365,-0.0,252,GC=F,"['PPLT', 'PALL']",0.8345,0.0
Gold,2015-08-10,182,-60.66088983121364,126,GC=F,"['PALL', 'PPLT']",0.9604,0.0
Gold,2015-08-10,365,-25.671613691895434,252,GC=F,"['PALL', 'PPLT']",0.8384,0.3662
Gold,2015-08-10,365,-0.0,252,GC=F,"['PALL', 'PPLT']",0.8843,0.0
Gold,2015-09-04,365,-0.0,252,GC=F,"['PALL', 'PPLT']",0.8843,0.0
Gold,2015-09-04,365,-0.0,252,GC=F,"['PPLT', 'PALL']",0.8345,0.0
Gold,2015-09-10,365,-29.951218116238486,252,GC=F,"['PPLT', 'PALL']",0.8496,0.3662
Gold,2015-09-10,365,-34.830652708759885,252,GC=F,"['PPLT', 'PALL']",0.8195,0.3662
Gold,2015-09-11,365,-0.0,252,GC=F,"['PALL', 'PPLT']",0.8843,0.0
Gold,2015-09-11,365,-0.0,252,GC=F,"['PPLT', 'PALL']",0.8345,0.0
Gold,2015-09-22,365,-29.951218116238486,252,GC=F,"['PPLT', 'PALL']",0.8496,0.3662
Gold,2015-09-22,365,-34.830652708759885,252,GC=F,"['PPLT', 'PALL']",0.8195,0.3662
Gold,2015-09-29,182,-60.66088983121364,126,GC=F,"['PALL', 'PPLT']",0.9604,0.0
Gold,2015-09-29,365,-25.671613691895434,252,GC=F,"['PALL', 'PPLT']",0.8384,0.3662
Gold,2015-09-29,365,-0.0,252,GC=F,"['PALL', 'PPLT']",0.8843,0.0
Gold,2015-09-29,365,-0.0,252,GC=F,"['PPLT', 'PALL']",0.8345,0.0
Gold,2015-10-21,365,-25.671613691895434,252,GC=F,"['PALL', 'PPLT']",0.8384,0.3662
Gold,2015-10-23,365,-25.671613691895434,252,GC=F,"['PALL', 'PPLT']",0.8384,0.3662
Gold,2015-10-27,365,-25.671613691895434,252,GC=F,"['PALL', 'PPLT']",0.8384,0.3662
Gold,2015-10-27,365,-0.0,252,GC=F,"['PALL', 'PPLT']",0.8843,0.0
Gold,2015-10-27,365,-0.0,252,GC=F,"['PPLT', 'PALL']",0.8345,0.0
Gold,2015-11-05,182,-60.66088983121364,126,GC=F,"['PALL', 'PPLT']",0.9604,0.0
Gold,2015-11-09,182,-60.66088983121364,126,GC=F,"['PALL', 'PPLT']",0.9604,0.0
Gold,2015-11-09,365,-25.671613691895434,252,GC=F,"['PALL', 'PPLT']",0.8384,0.3662
Gold,2015-11-09,365,-0.0,252,GC=F,"['PALL', 'PPLT']",0.8843,0.0
Gold,2015-11-10,365,-29.951218116238486,252,GC=F,"['PPLT', 'PALL']",0.8496,0.3662
Gold,2015-11-10,365,-34.830652708759885,252,GC=F,"['PPLT', 'PALL']",0.8195,0.3662
Gold,2015-11-11,182,-60.66088983121364,126,GC=F,"['PALL', 'PPLT']",0.9604,0.0
Gold,2015-11-24,182,-60.66088983121364,126,GC=F,"['PALL', 'PPLT']",0.9604,0.0
Gold,2015-11-27,182,-60.66088983121364,126,GC=F,"['PALL', 'PPLT']",0.9604,0.0
Gold,2015-12-01,182,-60.66088983121364,126,GC=F,"['PALL', 'PPLT']",0.9604,0.0
Gold,2015-12-14,365,-0.0,252,GC=F,"['PALL', 'PPLT']",0.8843,0.0
Gold,2015-12-14,365,-0.0,252,GC=F,"['PPLT', 'PALL']",0.8345,0.0
Gold,2015-12-31,365,-25.671613691895434,252,GC=F,"['PALL', 'PPLT']",0.8384,0.3662
Gold,2015-12-31,365,-0.0,252,GC=F,"['PALL', 'PPLT']",0.8843,0.0
Gold,2016-01-06,182,-60.66088983121364,126,GC=F,"['PALL', 'PPLT']",0.9604,0.0
Gold,2016-01-12,182,-60.66088983121364,126,GC=F,"['PALL', 'PPLT']",0.9604,0.0
Gold,2016-01-12,365,-25.671613691895434,252,GC=F,"['PALL', 'PPLT']",0.8384,0.3662
Gold,2016-01-12,365,-0.0,252,GC=F,"['PALL', 'PPLT']",0.8843,0.0
Gold,2016-01-14,365,-29.951218116238486,252,GC=F,"['PPLT', 'PALL']",0.8496,0.3662
Gold,2016-01-14,365,-34.830652708759885,252,GC=F,"['PPLT', 'PALL']",0.8195,0.3662
Gold,2016-01-19,365,-29.951218116238486,252,GC=F,"['PPLT', 'PALL']",0.8496,0.3662
Gold,2016-01-19,365,-34.830652708759885,252,GC=F,"['PPLT', 'PALL']",0.8195,0.3662
Gold,2016-01-28,365,-25.671613691895434,252,GC=F,"['PALL', 'PPLT']",0.8384,0.3662
Gold,2016-02-02,365,-0.0,252,GC=F,"['PALL', 'PPLT']",0.8843,0.0
Gold,2016-02-02,365,-0.0,252,GC=F,"['PPLT', 'PALL']",0.8345,0.0
Gold,2016-02-12,182,-60.66088983121364,126,GC=F,"['PALL', 'PPLT']",0.9604,0.0
Gold,2016-02-16,365,-0.0,252,GC=F,"['PALL', 'PPLT']",0.8843,0.0
Gold,2016-02-16,365,-0.0,252,GC=F,"['PPLT', 'PALL']",0.8345,0.0
Gold,2016-02-19,365,-25.671613691895434,252,GC=F,"['PALL', 'PPLT']",0.8384,0.3662
Gold,2016-02-25,365,-25.671613691895434,252,GC=F,"['PALL', 'PPLT']",0.8384,0.3662
Gold,2016-02-25,365,-0.0,252,GC=F,"['PALL', 'PPLT']",0.8843,0.0
Gold,2016-02-25,365,-0.0,252,GC=F,"['PPLT', 'PALL']",0.8345,0.0
Gold,2016-05-20,365,-29.951218116238486,252,GC=F,"['PPLT', 'PALL']",0.8496,0.3662
Gold,2016-05-20,365,-34.830652708759885,252,GC=F,"['PPLT', 'PALL']",0.8195,0.3662
Gold,2016-05-31,365,-29.951218116238486,252,GC=F,"['PPLT', 'PALL']",0.8496,0.3662
Gold,2016-05-31,365,-34.830652708759885,252,GC=F,"['PPLT', 'PALL']",0.8195,0.3662
Gold,2016-09-27,365,-29.951218116238486,252,GC=F,"['PPLT', 'PALL']",0.8496,0.3662
Gold,2016-09-27,365,-34.830652708759885,252,GC=F,"['PPLT', 'PALL']",0.8195,0.3662
Gold,2016-10-05,365,-29.951218116238486,252,GC=F,"['PPLT', 'PALL']",0.8496,0.3662
Gold,2016-10-05,365,-34.830652708759885,252,GC=F,"['PPLT', 'PALL']",0.8195,0.3662
Gold,2016-12-14,365,-25.671613691895434,252,GC=F,"['PALL', 'PPLT']",0.8384,0.3662
Gold,2016-12-19,365,-25.671613691895434,252,GC=F,"['PALL', 'PPLT']",0.8384,0.3662
Gold,2017-03-09,365,-29.951218116238486,252,GC=F,"['PPLT', 'PALL']",0.8496,0.3662
Gold,2017-03-09,365,-34.830652708759885,252,GC=F,"['PPLT', 'PALL']",0.8195,0.3662
Gold,2017-03-14,365,-29.951218116238486,252,GC=F,"['PPLT', 'PALL']",0.8496,0.3662
Gold,2017-03-14,365,-34.830652708759885,252,GC=F,"['PPLT', 'PALL']",0.8195,0.3662
Gold,2017-04-19,365,-0.0,252,GC=F,"['PPLT', 'PALL']",0.8345,0.0
Gold,2017-05-03,365,-29.951218116238486,252,GC=F,"['PPLT', 'PALL']",0.8496,0.3662
Gold,2017-05-03,365,-34.830652708759885,252,GC=F,"['PPLT', 'PALL']",0.8195,0.3662
Gold,2017-05-09,365,-29.951218116238486,252,GC=F,"['PPLT', 'PALL']",0.8496,0.3662
Gold,2017-05-09,365,-34.830652708759885,252,GC=F,"['PPLT', 'PALL']",0.8195,0.3662
Gold,2017-10-02,365,-29.951218116238486,252,GC=F,"['PPLT', 'PALL']",0.8496,0.3662
Gold,2017-10-02,365,-34.830652708759885,252,GC=F,"['PPLT', 'PALL']",0.8195,0.3662
Gold,2018-02-09,365,-29.951218116238486,252,GC=F,"['PPLT', 'PALL']",0.8496,0.3662
Gold,2018-02-09,365,-34.830652708759885,252,GC=F,"['PPLT', 'PALL']",0.8195,0.3662
Gold,2018-03-08,365,-29.951218116238486,252,GC=F,"['PPLT', 'PALL']",0.8496,0.3662
Gold,2018-03-08,365,-34.830652708759885,252,GC=F,"['PPLT', 'PALL']",0.8195,0.3662
Gold,2018-04-06,182,-60.66088983121364,126,GC=F,"['PALL', 'PPLT']",0.9604,0.0
Gold,2018-05-15,365,-25.671613691895434,252,GC=F,"['PALL', 'PPLT']",0.8384,0.3662
Gold,2018-05-18,182,-60.66088983121364,126,GC=F,"['PALL', 'PPLT']",0.9604,0.0
Gold,2018-05-22,365,-25.671613691895434,252,GC=F,"['PALL', 'PPLT']",0.8384,0.3662
Gold,2018-05-23,182,-60.66088983121364,126,GC=F,"['PALL', 'PPLT']",0.9604,0.0
Gold,2018-05-30,182,-60.66088983121364,126,GC=F,"['PALL', 'PPLT']",0.9604,0.0
Gold,2018-06-19,365,-25.671613691895434,252,GC=F,"['PALL', 'PPLT']",0.8384,0.3662
Gold,2018-06-26,365,-25.671613691895434,252,GC=F,"['PALL', 'PPLT']",0.8384,0.3662
Gold,2018-06-27,365,-29.951218116238486,252,GC=F,"['PPLT', 'PALL']",0.8496,0.3662
Gold,2018-06-27,365,-34.830652708759885,252,GC=F,"['PPLT', 'PALL']",0.8195,0.3662
Gold,2018-07-13,365,-29.951218116238486,252,GC=F,"['PPLT', 'PALL']",0.8496,0.3662
Gold,2018-07-13,365,-34.830652708759885,252,GC=F,"['PPLT', 'PALL']",0.8195,0.3662
Gold,2018-07-19,182,-60.66088983121364,126,GC=F,"['PALL', 'PPLT']",0.9604,0.0
Gold,2018-07-19,365,-29.951218116238486,252,GC=F,"['PPLT', 'PALL']",0.8496,0.3662
Gold,2018-07-19,365,-34.830652708759885,252,GC=F,"['PPLT', 'PALL']",0.8195,0.3662
Gold,2018-07-19,365,-0.0,252,GC=F,"['PALL', 'PPLT']",0.8843,0.0
Gold,2018-07-19,365,-0.0,252,GC=F,"['PPLT', 'PALL']",0.8345,0.0
Gold,2018-08-06,365,-25.671613691895434,252,GC=F,"['PALL', 'PPLT']",0.8384,0.3662
Gold,2018-08-13,365,-25.671613691895434,252,GC=F,"['PALL', 'PPLT']",0.8384,0.3662
Gold,2018-08-15,182,-60.66088983121364,126,GC=F,"['PALL', 'PPLT']",0.9604,0.0
Gold,2018-08-15,365,-29.951218116238486,252,GC=F,"['PPLT', 'PALL']",0.8496,0.3662
Gold,2018-08-15,365,-34.830652708759885,252,GC=F,"['PPLT', 'PALL']",0.8195,0.3662
Gold,2018-08-15,365,-0.0,252,GC=F,"['PALL', 'PPLT']",0.8843,0.0
Gold,2018-08-15,365,-0.0,252,GC=F,"['PPLT', 'PALL']",0.8345,0.0
Gold,2018-08-21,365,-29.951218116238486,252,GC=F,"['PPLT', 'PALL']",0.8496,0.3662
Gold,2018-08-21,365,-34.830652708759885,252,GC=F,"['PPLT', 'PALL']",0.8195,0.3662
Gold,2018-08-23,365,-29.951218116238486,252,GC=F,"['PPLT', 'PALL']",0.8496,0.3662
Gold,2018-08-23,365,-34.830652708759885,252,GC=F,"['PPLT', 'PALL']",0.8195,0.3662
Gold,2018-08-28,365,-0.0,252,GC=F,"['PALL', 'PPLT']",0.8843,0.0
Gold,2018-08-28,365,-0.0,252,GC=F,"['PPLT', 'PALL']",0.8345,0.0
Gold,2018-08-31,365,-29.951218116238486,252,GC=F,"['PPLT', 'PALL']",0.8496,0.3662
Gold,2018-08-31,365,-34.830652708759885,252,GC=F,"['PPLT', 'PALL']",0.8195,0.3662
Gold,2018-08-31,365,-0.0,252,GC=F,"['PPLT', 'PALL']",0.8345,0.0
Gold,2018-09-11,365,-25.671613691895434,252,GC=F,"['PALL', 'PPLT']",0.8384,0.3662
Gold,2018-09-11,365,-0.0,252,GC=F,"['PALL', 'PPLT']",0.8843,0.0
Gold,2018-09-11,365,-0.0,252,GC=F,"['PPLT', 'PALL']",0.8345,0.0
Gold,2018-09-25,365,-0.0,252,GC=F,"['PPLT', 'PALL']",0.8345,0.0
Gold,2018-10-25,365,-0.0,252,GC=F,"['PPLT', 'PALL']",0.8345,0.0
Gold,2018-10-30,365,-0.0,252,GC=F,"['PPLT', 'PALL']",0.8345,0.0
Gold,2018-11-05,365,-0.0,252,GC=F,"['PPLT', 'PALL']",0.8345,0.0
Gold,2019-05-09,365,-29.951218116238486,252,GC=F,"['PPLT', 'PALL']",0.8496,0.3662
Gold,2019-05-09,365,-34.830652708759885,252,GC=F,"['PPLT', 'PALL']",0.8195,0.3662
Gold,2019-05-13,365,-29.951218116238486,252,GC=F,"['PPLT', 'PALL']",0.8496,0.3662
Gold,2019-05-13,365,-34.830652708759885,252,GC=F,"['PPLT', 'PALL']",0.8195,0.3662
Gold,2019-05-16,365,-29.951218116238486,252,GC=F,"['PPLT', 'PALL']",0.8496,0.3662
Gold,2019-05-16,365,-34.830652708759885,252,GC=F,"['PPLT', 'PALL']",0.8195,0.3662
Gold,2019-06-05,365,-29.951218116238486,252,GC=F,"['PPLT', 'PALL']",0.8496,0.3662
Gold,2019-06-05,365,-34.830652708759885,252,GC=F,"['PPLT', 'PALL']",0.8195,0.3662
Gold,2020-03-12,365,-29.951218116238486,252,GC=F,"['PPLT', 'PALL']",0.8496,0.3662
Gold,2020-03-12,365,-34.830652708759885,252,GC=F,"['PPLT', 'PALL']",0.8195,0.3662
Gold,2020-03-13,365,-25.671613691895434,252,GC=F,"['PALL', 'PPLT']",0.8384,0.3662
Gold,2020-03-16,365,-0.0,252,GC=F,"['PALL', 'PPLT']",0.8843,0.0
Gold,2020-03-16,365,-0.0,252,GC=F,"['PPLT', 'PALL']",0.8345,0.0
Gold,2020-03-24,365,-29.951218116238486,252,GC=F,"['PPLT', 'PALL']",0.8496,0.3662
Gold,2020-03-24,365,-34.830652708759885,252,GC=F,"['PPLT', 'PALL']",0.8195,0.3662
Gold,2020-04-03,365,-29.951218116238486,252,GC=F,"['PPLT', 'PALL']",0.8496,0.3662
Gold,2020-04-03,365,-34.830652708759885,252,GC=F,"['PPLT', 'PALL']",0.8195,0.3662
Gold,2020-04-21,365,-25.671613691895434,252,GC=F,"['PALL', 'PPLT']",0.8384,0.3662
Gold,2020-05-01,365,-25.671613691895434,252,GC=F,"['PALL', 'PPLT']",0.8384,0.3662
Gold,2020-05-07,365,-25.671613691895434,252,GC=F,"['PALL', 'PPLT']",0.8384,0.3662
Gold,2020-05-07,365,-0.0,252,GC=F,"['PALL', 'PPLT']",0.8843,0.0
Gold,2020-05-12,365,-0.0,252,GC=F,"['PALL', 'PPLT']",0.8843,0.0
Gold,2020-05-13,182,-60.66088983121364,126,GC=F,"['PALL', 'PPLT']",0.9604,0.0
Gold,2020-05-21,182,-60.66088983121364,126,GC=F,"['PALL', 'PPLT']",0.9604,0.0
Gold,2020-06-02,182,-60.66088983121364,126,GC=F,"['PALL', 'PPLT']",0.9604,0.0
Gold,2020-06-23,182,-60.66088983121364,126,GC=F,"['PALL', 'PPLT']",0.9604,0.0
Gold,2020-06-23,365,-25.671613691895434,252,GC=F,"['PALL', 'PPLT']",0.8384,0.3662
Gold,2020-07-10,365,-25.671613691895434,252,GC=F,"['PALL', 'PPLT']",0.8384,0.3662
Gold,2020-09-23,365,-29.951218116238486,252,GC=F,"['PPLT', 'PALL']",0.8496,0.3662
Gold,2020-09-23,365,-34.830652708759885,252,GC=F,"['PPLT', 'PALL']",0.8195,0.3662
Gold,2020-09-23,365,-0.0,252,GC=F,"['PPLT', 'PALL']",0.8345,0.0
Gold,2020-09-25,365,-29.951218116238486,252,GC=F,"['PPLT', 'PALL']",0.8496,0.3662
Gold,2020-09-25,365,-34.830652708759885,252,GC=F,"['PPLT', 'PALL']",0.8195,0.3662
Gold,2020-10-28,365,-0.0,252,GC=F,"['PPLT', 'PALL']",0.8345,0.0
Gold,2021-03-03,365,-29.951218116238486,252,GC=F,"['PPLT', 'PALL']",0.8496,0.3662
Gold,2021-03-03,365,-34.830652708759885,252,GC=F,"['PPLT', 'PALL']",0.8195,0.3662
Gold,2021-03-09,365,-29.951218116238486,252,GC=F,"['PPLT', 'PALL']",0.8496,0.3662
Gold,2021-03-09,365,-34.830652708759885,252,GC=F,"['PPLT', 'PALL']",0.8195,0.3662
Gold,2021-03-11,365,-29.951218116238486,252,GC=F,"['PPLT', 'PALL']",0.8496,0.3662
Gold,2021-03-11,365,-34.830652708759885,252,GC=F,"['PPLT', 'PALL']",0.8195,0.3662
Gold,2021-06-17,365,-29.951218116238486,252,GC=F,"['PPLT', 'PALL']",0.8496,0.3662
Gold,2021-06-17,365,-34.830652708759885,252,GC=F,"['PPLT', 'PALL']",0.8195,0.3662
Gold,2021-06-22,365,-29.951218116238486,252,GC=F,"['PPLT', 'PALL']",0.8496,0.3662
Gold,2021-06-22,365,-34.830652708759885,252,GC=F,"['PPLT', 'PALL']",0.8195,0.3662
Gold,2021-07-06,365,-29.951218116238486,252,GC=F,"['PPLT', 'PALL']",0.8496,0.3662
Gold,2021-07-06,365,-34.830652708759885,252,GC=F,"['PPLT', 'PALL']",0.8195,0.3662
Gold,2021-07-27,365,-25.671613691895434,252,GC=F,"['PALL', 'PPLT']",0.8384,0.3662
Gold,2021-07-30,365,-25.671613691895434,252,GC=F,"['PALL', 'PPLT']",0.8384,0.3662
Gold,2021-08-03,365,-29.951218116238486,252,GC=F,"['PPLT', 'PALL']",0.8496,0.3662
Gold,2021-08-03,365,-34.830652708759885,252,GC=F,"['PPLT', 'PALL']",0.8195,0.3662
Gold,2021-08-05,365,-25.671613691895434,252,GC=F,"['PALL', 'PPLT']",0.8384,0.3662
Gold,2021-08-09,365,-25.671613691895434,252,GC=F,"['PALL', 'PPLT']",0.8384,0.3662
Gold,2021-08-17,365,-29.951218116238486,252,GC=F,"['PPLT', 'PALL']",0.8496,0.3662
Gold,2021-08-17,365,-34.830652708759885,252,GC=F,"['PPLT', 'PALL']",0.8195,0.3662
Gold,2021-08-19,182,-60.66088983121364,126,GC=F,"['PALL', 'PPLT']",0.9604,0.0
Gold,2021-08-25,182,-60.66088983121364,126,GC=F,"['PALL', 'PPLT']",0.9604,0.0
Gold,2021-09-13,365,-29.951218116238486,252,GC=F,"['PPLT', 'PALL']",0.8496,0.3662
Gold,2021-09-13,365,-34.830652708759885,252,GC=F,"['PPLT', 'PALL']",0.8195,0.3662
Gold,2021-09-14,365,-0.0,252,GC=F,"['PALL', 'PPLT']",0.8843,0.0
Gold,2021-09-14,365,-0.0,252,GC=F,"['PPLT', 'PALL']",0.8345,0.0
Gold,2021-09-17,365,-29.951218116238486,252,GC=F,"['PPLT', 'PALL']",0.8496,0.3662
Gold,2021-09-17,365,-34.830652708759885,252,GC=F,"['PPLT', 'PALL']",0.8195,0.3662
Gold,2021-09-29,365,-0.0,252,GC=F,"['PALL', 'PPLT']",0.8843,0.0
Gold,2021-09-29,365,-0.0,252,GC=F,"['PPLT', 'PALL']",0.8345,0.0
Gold,2021-10-05,182,-60.66088983121364,126,GC=F,"['PALL', 'PPLT']",0.9604,0.0
Gold,2021-10-05,365,-25.671613691895434,252,GC=F,"['PALL', 'PPLT']",0.8384,0.3662
Gold,2021-10-20,365,-0.0,252,GC=F,"['PALL', 'PPLT']",0.8843,0.0
Gold,2021-10-20,365,-0.0,252,GC=F,"['PPLT', 'PALL']",0.8345,0.0
Gold,2021-10-26,182,-60.66088983121364,126,GC=F,"['PALL', 'PPLT']",0.9604,0.0
Gold,2021-10-26,365,-0.0,252,GC=F,"['PALL', 'PPLT']",0.8843,0.0
Gold,2021-10-26,365,-0.0,252,GC=F,"['PPLT', 'PALL']",0.8345,0.0
Gold,2021-10-27,365,-25.671613691895434,252,GC=F,"['PALL', 'PPLT']",0.8384,0.3662
Gold,2021-10-29,365,-25.671613691895434,252,GC=F,"['PALL', 'PPLT']",0.8384,0.3662
Gold,2021-11-09,182,-60.66088983121364,126,GC=F,"['PALL', 'PPLT']",0.9604,0.0
Gold,2021-11-15,182,-60.66088983121364,126,GC=F,"['PALL', 'PPLT']",0.9604,0.0
Gold,2021-11-18,365,-25.671613691895434,252,GC=F,"['PALL', 'PPLT']",0.8384,0.3662
Gold,2021-11-19,365,-0.0,252,GC=F,"['PALL', 'PPLT']",0.8843,0.0
Gold,2021-11-19,365,-0.0,252,GC=F,"['PPLT', 'PALL']",0.8345,0.0
Gold,2021-11-23,365,-29.951218116238486,252,GC=F,"['PPLT', 'PALL']",0.8496,0.3662
Gold,2021-11-23,365,-34.830652708759885,252,GC=F,"['PPLT', 'PALL']",0.8195,0.3662
Gold,2021-11-23,365,-25.671613691895434,252,GC=F,"['PALL', 'PPLT']",0.8384,0.3662
Gold,2021-11-26,365,-29.951218116238486,252,GC=F,"['PPLT', 'PALL']",0.8496,0.3662
Gold,2021-11-26,365,-34.830652708759885,252,GC=F,"['PPLT', 'PALL']",0.8195,0.3662
Gold,2021-12-09,365,-25.671613691895434,252,GC=F,"['PALL', 'PPLT']",0.8384,0.3662
Gold,2021-12-13,365,-0.0,252,GC=F,"['PALL', 'PPLT']",0.8843,0.0
Gold,2021-12-13,365,-0.0,252,GC=F,"['PPLT', 'PALL']",0.8345,0.0
Gold,2021-12-14,365,-25.671613691895434,252,GC=F,"['PALL', 'PPLT']",0.8384,0.3662
Gold,2021-12-27,182,-60.66088983121364,126,GC=F,"['PALL', 'PPLT']",0.9604,0.0
Gold,2021-12-31,182,-60.66088983121364,126,GC=F,"['PALL', 'PPLT']",0.9604,0.0
Gold,2022-01-06,182,-60.66088983121364,126,GC=F,"['PALL', 'PPLT']",0.9604,0.0
Gold,2022-01-11,182,-60.66088983121364,126,GC=F,"['PALL', 'PPLT']",0.9604,0.0
Gold,2022-01-11,365,-0.0,252,GC=F,"['PALL', 'PPLT']",0.8843,0.0
Gold,2022-01-27,365,-0.0,252,GC=F,"['PPLT', 'PALL']",0.8345,0.0
Gold,2022-02-01,365,-0.0,252,GC=F,"['PPLT', 'PALL']",0.8345,0.0
Gold,2022-02-08,365,-0.0,252,GC=F,"['PPLT', 'PALL']",0.8345,0.0
Gold,2022-03-29,365,-29.951218116238486,252,GC=F,"['PPLT', 'PALL']",0.8496,0.3662
Gold,2022-03-29,365,-34.830652708759885,252,GC=F,"['PPLT', 'PALL']",0.8195,0.3662
Gold,2022-04-06,365,-29.951218116238486,252,GC=F,"['PPLT', 'PALL']",0.8496,0.3662
Gold,2022-04-06,365,-34.830652708759885,252,GC=F,"['PPLT', 'PALL']",0.8195,0.3662
Gold,2022-04-22,365,-29.951218116238486,252,GC=F,"['PPLT', 'PALL']",0.8496,0.3662
Gold,2022-04-22,365,-34.830652708759885,252,GC=F,"['PPLT', 'PALL']",0.8195,0.3662
Gold,2022-04-28,365,-29.951218116238486,252,GC=F,"['PPLT', 'PALL']",0.8496,0.3662
Gold,2022-04-28,365,-34.830652708759885,252,GC=F,"['PPLT', 'PALL']",0.8195,0.3662
Gold,2022-05-09,365,-29.951218116238486,252,GC=F,"['PPLT', 'PALL']",0.8496,0.3662
Gold,2022-05-09,365,-34.830652708759885,252,GC=F,"['PPLT', 'PALL']",0.8195,0.3662
Gold,2022-05-26,365,-25.671613691895434,252,GC=F,"['PALL', 'PPLT']",0.8384,0.3662
Gold,2022-06-01,182,-60.66088983121364,126,GC=F,"['PALL', 'PPLT']",0.9604,0.0
Gold,2022-06-08,182,-60.66088983121364,126,GC=F,"['PALL', 'PPLT']",0.9604,0.0
Gold,2022-06-13,365,-25.671613691895434,252,GC=F,"['PALL', 'PPLT']",0.8384,0.3662
Gold,2022-06-22,365,-29.951218116238486,252,GC=F,"['PPLT', 'PALL']",0.8496,0.3662
Gold,2022-06-22,365,-34.830652708759885,252,GC=F,"['PPLT', 'PALL']",0.8195,0.3662
Gold,2022-06-23,365,-0.0,252,GC=F,"['PALL', 'PPLT']",0.8843,0.0
Gold,2022-06-23,365,-0.0,252,GC=F,"['PPLT', 'PALL']",0.8345,0.0
Gold,2022-06-28,182,-60.66088983121364,126,GC=F,"['PALL', 'PPLT']",0.9604,0.0
Gold,2022-06-28,365,-25.671613691895434,252,GC=F,"['PALL', 'PPLT']",0.8384,0.3662
Gold,2022-06-30,365,-0.0,252,GC=F,"['PALL', 'PPLT']",0.8843,0.0
Gold,2022-06-30,365,-0.0,252,GC=F,"['PPLT', 'PALL']",0.8345,0.0
Gold,2022-07-11,365,-0.0,252,GC=F,"['PALL', 'PPLT']",0.8843,0.0
Gold,2022-07-11,365,-0.0,252,GC=F,"['PPLT', 'PALL']",0.8345,0.0
Gold,2022-07-12,365,-29.951218116238486,252,GC=F,"['PPLT', 'PALL']",0.8496,0.3662
Gold,2022-07-12,365,-34.830652708759885,252,GC=F,"['PPLT', 'PALL']",0.8195,0.3662
Gold,2022-07-20,365,-29.951218116238486,252,GC=F,"['PPLT', 'PALL']",0.8496,0.3662
Gold,2022-07-20,365,-34.830652708759885,252,GC=F,"['PPLT', 'PALL']",0.8195,0.3662
Gold,2022-08-15,182,-60.66088983121364,126,GC=F,"['PALL', 'PPLT']",0.9604,0.0
Gold,2022-08-18,365,-25.671613691895434,252,GC=F,"['PALL', 'PPLT']",0.8384,0.3662
Gold,2022-08-22,182,-60.66088983121364,126,GC=F,"['PALL', 'PPLT']",0.9604,0.0
Gold,2022-08-22,365,-25.671613691895434,252,GC=F,"['PALL', 'PPLT']",0.8384,0.3662
Gold,2022-08-30,365,-25.671613691895434,252,GC=F,"['PALL', 'PPLT']",0.8384,0.3662
Gold,2022-09-01,365,-0.0,252,GC=F,"['PALL', 'PPLT']",0.8843,0.0
Gold,2022-09-01,365,-0.0,252,GC=F,"['PPLT', 'PALL']",0.8345,0.0
Gold,2022-09-02,182,-60.66088983121364,126,GC=F,"['PALL', 'PPLT']",0.9604,0.0
Gold,2022-09-06,365,-29.951218116238486,252,GC=F,"['PPLT', 'PALL']",0.8496,0.3662
Gold,2022-09-06,365,-34.830652708759885,252,GC=F,"['PPLT', 'PALL']",0.8195,0.3662
Gold,2022-09-27,365,-0.0,252,GC=F,"['PPLT', 'PALL']",0.8345,0.0
Gold,2022-10-12,365,-0.0,252,GC=F,"['PPLT', 'PALL']",0.8345,0.0
Gold,2022-10-19,365,-0.0,252,GC=F,"['PPLT', 'PALL']",0.8345,0.0
Gold,2022-11-02,365,-0.0,252,GC=F,"['PALL', 'PPLT']",0.8843,0.0
Gold,2022-11-02,365,-0.0,252,GC=F,"['PPLT', 'PALL']",0.8345,0.0
Gold,2022-12-22,365,-29.951218116238486,252,GC=F,"['PPLT', 'PALL']",0.8496,0.3662
Gold,2022-12-22,365,-34.830652708759885,252,GC=F,"['PPLT', 'PALL']",0.8195,0.3662
Gold,2023-01-27,365,-29.951218116238486,252,GC=F,"['PPLT', 'PALL']",0.8496,0.3662
Gold,2023-01-27,365,-34.830652708759885,252,GC=F,"['PPLT', 'PALL']",0.8195,0.3662
Gold,2023-02-03,365,-29.951218116238486,252,GC=F,"['PPLT', 'PALL']",0.8496,0.3662
Gold,2023-02-03,365,-34.830652708759885,252,GC=F,"['PPLT', 'PALL']",0.8195,0.3662
Gold,2023-02-07,365,-29.951218116238486,252,GC=F,"['PPLT', 'PALL']",0.8496,0.3662
Gold,2023-02-07,365,-34.830652708759885,252,GC=F,"['PPLT', 'PALL']",0.8195,0.3662
Gold,2023-02-24,182,-60.66088983121364,126,GC=F,"['PALL', 'PPLT']",0.9604,0.0
Gold,2023-03-15,182,-60.66088983121364,126,GC=F,"['PALL', 'PPLT']",0.9604,0.0
Gold,2023-03-28,182,-60.66088983121364,126,GC=F,"['PALL', 'PPLT']",0.9604,0.0
Gold,2023-04-05,182,-60.66088983121364,126,GC=F,"['PALL', 'PPLT']",0.9604,0.0
Gold,2023-05-12,182,-60.66088983121364,126,GC=F,"['PALL', 'PPLT']",0.9604,0.0
Gold,2023-05-30,182,-60.66088983121364,126,GC=F,"['PALL', 'PPLT']",0.9604,0.0
Gold,2023-05-30,365,-29.951218116238486,252,GC=F,"['PPLT', 'PALL']",0.8496,0.3662
Gold,2023-05-30,365,-34.830652708759885,252,GC=F,"['PPLT', 'PALL']",0.8195,0.3662
Gold,2023-06-07,365,-29.951218116238486,252,GC=F,"['PPLT', 'PALL']",0.8496,0.3662
Gold,2023-06-07,365,-34.830652708759885,252,GC=F,"['PPLT', 'PALL']",0.8195,0.3662
Gold,2023-06-12,365,-29.951218116238486,252,GC=F,"['PPLT', 'PALL']",0.8496,0.3662
Gold,2023-06-12,365,-34.830652708759885,252,GC=F,"['PPLT', 'PALL']",0.8195,0.3662
Gold,2023-06-20,365,-29.951218116238486,252,GC=F,"['PPLT', 'PALL']",0.8496,0.3662
Gold,2023-06-20,365,-34.830652708759885,252,GC=F,"['PPLT', 'PALL']",0.8195,0.3662
Gold,2023-06-28,182,-60.66088983121364,126,GC=F,"['PALL', 'PPLT']",0.9604,0.0
Gold,2023-07-03,182,-60.66088983121364,126,GC=F,"['PALL', 'PPLT']",0.9604,0.0
Gold,2023-07-17,182,-60.66088983121364,126,GC=F,"['PALL', 'PPLT']",0.9604,0.0
Gold,2023-07-27,182,-60.66088983121364,126,GC=F,"['PALL', 'PPLT']",0.9604,0.0
Gold,2023-08-01,182,-60.66088983121364,126,GC=F,"['PALL', 'PPLT']",0.9604,0.0
Gold,2023-08-03,365,-29.951218116238486,252,GC=F,"['PPLT', 'PALL']",0.8496,0.3662
Gold,2023-08-03,365,-34.830652708759885,252,GC=F,"['PPLT', 'PALL']",0.8195,0.3662
Gold,2023-08-03,365,-25.671613691895434,252,GC=F,"['PALL', 'PPLT']",0.8384,0.3662
Gold,2023-08-08,365,-25.671613691895434,252,GC=F,"['PALL', 'PPLT']",0.8384,0.3662
Gold,2023-08-09,365,-0.0,252,GC=F,"['PALL', 'PPLT']",0.8843,0.0
Gold,2023-08-09,365,-0.0,252,GC=F,"['PPLT', 'PALL']",0.8345,0.0
Gold,2023-08-11,365,-29.951218116238486,252,GC=F,"['PPLT', 'PALL']",0.8496,0.3662
Gold,2023-08-11,365,-34.830652708759885,252,GC=F,"['PPLT', 'PALL']",0.8195,0.3662
Gold,2023-08-14,365,-25.671613691895434,252,GC=F,"['PALL', 'PPLT']",0.8384,0.3662
Gold,2023-08-15,182,-60.66088983121364,126,GC=F,"['PALL', 'PPLT']",0.9604,0.0
Gold,2023-09-07,365,-0.0,252,GC=F,"['PALL', 'PPLT']",0.8843,0.0
Gold,2023-09-07,365,-0.0,252,GC=F,"['PPLT', 'PALL']",0.8345,0.0
Gold,2023-09-12,365,-0.0,252,GC=F,"['PALL', 'PPLT']",0.8843,0.0
Gold,2023-09-12,365,-0.0,252,GC=F,"['PPLT', 'PALL']",0.8345,0.0
Gold,2023-09-21,365,-29.951218116238486,252,GC=F,"['PPLT', 'PALL']",0.8496,0.3662
Gold,2023-09-21,365,-34.830652708759885,252,GC=F,"['PPLT', 'PALL']",0.8195,0.3662
Gold,2023-09-21,365,-0.0,252,GC=F,"['PALL', 'PPLT']",0.8843,0.0
Gold,2023-09-21,365,-0.0,252,GC=F,"['PPLT', 'PALL']",0.8345,0.0
Gold,2023-09-27,365,-0.0,252,GC=F,"['PALL', 'PPLT']",0.8843,0.0
Gold,2023-09-27,365,-0.0,252,GC=F,"['PPLT', 'PALL']",0.8345,0.0
Gold,2023-09-29,182,-60.66088983121364,126,GC=F,"['PALL', 'PPLT']",0.9604,0.0
Gold,2023-10-02,365,-0.0,252,GC=F,"['PPLT', 'PALL']",0.8345,0.0
Gold,2023-10-03,182,-60.66088983121364,126,GC=F,"['PALL', 'PPLT']",0.9604,0.0
Gold,2023-10-03,365,-25.671613691895434,252,GC=F,"['PALL', 'PPLT']",0.8384,0.3662
Gold,2023-10-03,365,-0.0,252,GC=F,"['PALL', 'PPLT']",0.8843,0.0
Gold,2023-10-05,365,-29.951218116238486,252,GC=F,"['PPLT', 'PALL']",0.8496,0.3662
Gold,2023-10-05,365,-34.830652708759885,252,GC=F,"['PPLT', 'PALL']",0.8195,0.3662
Gold,2023-10-10,365,-29.951218116238486,252,GC=F,"['PPLT', 'PALL']",0.8496,0.3662
Gold,2023-10-10,365,-34.830652708759885,252,GC=F,"['PPLT', 'PALL']",0.8195,0.3662
Gold,2023-10-12,365,-29.951218116238486,252,GC=F,"['PPLT', 'PALL']",0.8496,0.3662
Gold,2023-10-12,365,-34.830652708759885,252,GC=F,"['PPLT', 'PALL']",0.8195,0.3662
Gold,2023-10-12,365,-0.0,252,GC=F,"['PALL', 'PPLT']",0.8843,0.0
Gold,2023-10-12,365,-0.0,252,GC=F,"['PPLT', 'PALL']",0.8345,0.0
Gold,2023-10-24,182,-60.66088983121364,126,GC=F,"['PALL', 'PPLT']",0.9604,0.0
Gold,2023-10-24,365,-25.671613691895434,252,GC=F,"['PALL', 'PPLT']",0.8384,0.3662
Gold,2023-11-08,182,-60.66088983121364,126,GC=F,"['PALL', 'PPLT']",0.9604,0.0
Gold,2023-11-10,365,-29.951218116238486,252,GC=F,"['PPLT', 'PALL']",0.8496,0.3662
Gold,2023-11-10,365,-34.830652708759885,252,GC=F,"['PPLT', 'PALL']",0.8195,0.3662
Gold,2023-11-10,365,-25.671613691895434,252,GC=F,"['PALL', 'PPLT']",0.8384,0.3662
Gold,2023-11-16,365,-25.671613691895434,252,GC=F,"['PALL', 'PPLT']",0.8384,0.3662
Gold,2023-12-04,182,-60.66088983121364,126,GC=F,"['PALL', 'PPLT']",0.9604,0.0
Gold,2024-01-11,365,-29.951218116238486,252,GC=F,"['PPLT', 'PALL']",0.8496,0.3662
Gold,2024-01-11,365,-34.830652708759885,252,GC=F,"['PPLT', 'PALL']",0.8195,0.3662
Gold,2024-01-12,365,-0.0,252,GC=F,"['PALL', 'PPLT']",0.8843,0.0
Gold,2024-01-12,365,-0.0,252,GC=F,"['PPLT', 'PALL']",0.8345,0.0
Gold,2024-01-19,182,-60.66088983121364,126,GC=F,"['PALL', 'PPLT']",0.9604,0.0
Gold,2024-01-23,365,-29.951218116238486,252,GC=F,"['PPLT', 'PALL']",0.8496,0.3662
Gold,2024-01-23,365,-34.830652708759885,252,GC=F,"['PPLT', 'PALL']",0.8195,0.3662
Gold,2024-01-26,365,-29.951218116238486,252,GC=F,"['PPLT', 'PALL']",0.8496,0.3662
Gold,2024-01-26,365,-34.830652708759885,252,GC=F,"['PPLT', 'PALL']",0.8195,0.3662
Gold,2024-02-13,365,-0.0,252,GC=F,"['PALL', 'PPLT']",0.8843,0.0
Gold,2024-02-13,365,-0.0,252,GC=F,"['PPLT', 'PALL']",0.8345,0.0
Gold,2024-02-28,182,-60.66088983121364,126,GC=F,"['PALL', 'PPLT']",0.9604,0.0
Gold,2024-03-04,182,-60.66088983121364,126,GC=F,"['PALL', 'PPLT']",0.9604,0.0
Gold,2024-04-22,182,-60.66088983121364,126,GC=F,"['PALL', 'PPLT']",0.9604,0.0
Gold,2024-04-30,182,-60.66088983121364,126,GC=F,"['PALL', 'PPLT']",0.9604,0.0
Gold,2024-06-05,365,-29.951218116238486,252,GC=F,"['PPLT', 'PALL']",0.8496,0.3662
Gold,2024-06-05,365,-34.830652708759885,252,GC=F,"['PPLT', 'PALL']",0.8195,0.3662
Gold,2024-06-18,365,-29.951218116238486,252,GC=F,"['PPLT', 'PALL']",0.8496,0.3662
Gold,2024-06-18,365,-34.830652708759885,252,GC=F,"['PPLT', 'PALL']",0.8195,0.3662
Gold,2024-07-23,365,-29.951218116238486,252,GC=F,"['PPLT', 'PALL']",0.8496,0.3662
Gold,2024-07-23,365,-34.830652708759885,252,GC=F,"['PPLT', 'PALL']",0.8195,0.3662
Gold,2024-07-26,365,-29.951218116238486,252,GC=F,"['PPLT', 'PALL']",0.8496,0.3662
Gold,2024-07-26,365,-34.830652708759885,252,GC=F,"['PPLT', 'PALL']",0.8195,0.3662
Gold,2024-08-05,365,-29.951218116238486,252,GC=F,"['PPLT', 'PALL']",0.8496,0.3662
Gold,2024-08-05,365,-34.830652708759885,252,GC=F,"['PPLT', 'PALL']",0.8195,0.3662
Gold,2024-08-07,182,-60.66088983121364,126,GC=F,"['PALL', 'PPLT']",0.9604,0.0
Gold,2024-08-12,182,-60.66088983121364,126,GC=F,"['PALL', 'PPLT']",0.9604,0.0
Gold,2024-09-23,365,-25.671613691895434,252,GC=F,"['PALL', 'PPLT']",0.8384,0.3662
Gold,2024-11-12,365,-29.951218116238486,252,GC=F,"['PPLT', 'PALL']",0.8496,0.3662
Gold,2024-11-12,365,-34.830652708759885,252,GC=F,"['PPLT', 'PALL']",0.8195,0.3662
Gold,2024-11-26,365,-29.951218116238486,252,GC=F,"['PPLT', 'PALL']",0.8496,0.3662
Gold,2024-11-26,365,-34.830652708759885,252,GC=F,"['PPLT', 'PALL']",0.8195,0.3662
Gold,2025-01-21,182,-60.66088983121364,126,GC=F,"['PALL', 'PPLT']",0.9604,0.0
Gold,2025-02-24,182,-60.66088983121364,126,GC=F,"['PALL', 'PPLT']",0.9604,0.0
Gold,2025-02-27,365,-25.671613691895434,252,GC=F,"['PALL', 'PPLT']",0.8384,0.3662
Gold,2025-04-04,365,-29.951218116238486,252,GC=F,"['PPLT', 'PALL']",0.8496,0.3662
Gold,2025-04-04,365,-34.830652708759885,252,GC=F,"['PPLT', 'PALL']",0.8195,0.3662
Bonds,2016-11-18,365,78.82377466213487,252,TLT,"['^FVX', '^TNX']",0.9187,1.709
Bonds,2016-11-18,365,92.71029899588125,252,TLT,"['^FVX', '^TNX', '^TYX']",0.9808,1.7918
Bonds,2017-01-03,365,78.82377466213487,252,TLT,"['^FVX', '^TNX']",0.9187,1.709
Bonds,2017-01-03,365,92.71029899588125,252,TLT,"['^FVX', '^TNX', '^TYX']",0.9808,1.7918
Bonds,2017-01-06,365,78.82377466213487,252,TLT,"['^FVX', '^TNX']",0.9187,1.709
Bonds,2017-01-06,365,92.71029899588125,252,TLT,"['^FVX', '^TNX', '^TYX']",0.9808,1.7918
Bonds,2019-08-05,365,-0.0,252,TLT,"['^TYX', '^TNX']",0.9281,1.0986
Bonds,2019-08-07,365,-0.0,252,TLT,"['^TYX', '^TNX']",0.9281,1.0986
Bonds,2019-08-12,365,-0.0,252,TLT,"['^TYX', '^TNX']",0.9281,1.0986
Bonds,2019-08-15,365,-0.0,252,TLT,"['^TYX', '^TNX']",0.9281,1.0986
Bonds,2019-08-23,365,-0.0,252,TLT,"['^TYX', '^TNX']",0.9281,1.0986
Bonds,2019-09-04,365,-0.0,252,TLT,"['^TYX', '^TNX']",0.9281,1.0986
Bonds,2020-03-09,365,-0.0,252,TLT,"['^TYX', '^TNX']",0.9281,1.0986
Bonds,2020-03-30,365,-0.0,252,TLT,"['^TYX', '^TNX']",0.9281,1.0986
Bonds,2020-04-01,91,-0.0,63,TLT,"['^FVX', '^IRX']",0.876,0.0
Bonds,2021-03-08,365,78.82377466213487,252,TLT,"['^FVX', '^TNX']",0.9187,1.709
Bonds,2021-03-08,365,92.71029899588125,252,TLT,"['^FVX', '^TNX', '^TYX']",0.9808,1.7918
Bonds,2021-03-29,365,78.82377466213487,252,TLT,"['^FVX', '^TNX']",0.9187,1.709
Bonds,2021-03-29,365,92.71029899588125,252,TLT,"['^FVX', '^TNX', '^TYX']",0.9808,1.7918
Bonds,2021-04-05,365,78.82377466213487,252,TLT,"['^FVX', '^TNX']",0.9187,1.709
Bonds,2021-04-05,365,92.71029899588125,252,TLT,"['^FVX', '^TNX', '^TYX']",0.9808,1.7918
Bonds,2022-03-25,365,78.82377466213487,252,TLT,"['^FVX', '^TNX']",0.9187,1.709
Bonds,2022-03-25,365,92.71029899588125,252,TLT,"['^FVX', '^TNX', '^TYX']",0.9808,1.7918
Bonds,2022-04-04,365,78.82377466213487,252,TLT,"['^FVX', '^TNX']",0.9187,1.709
Bonds,2022-04-04,365,92.71029899588125,252,TLT,"['^FVX', '^TNX', '^TYX']",0.9808,1.7918
Bonds,2022-04-26,365,78.82377466213487,252,TLT,"['^FVX', '^TNX']",0.9187,1.709
Bonds,2022-04-26,365,92.71029899588125,252,TLT,"['^FVX', '^TNX', '^TYX']",0.9808,1.7918
Bonds,2022-05-02,365,92.71029899588125,252,TLT,"['^FVX', '^TNX', '^TYX']",0.9808,1.7918
Bonds,2022-06-06,365,78.82377466213487,252,TLT,"['^FVX', '^TNX']",0.9187,1.709
Bonds,2022-06-06,365,92.71029899588125,252,TLT,"['^FVX', '^TNX', '^TYX']",0.9808,1.7918
Bonds,2022-06-14,365,78.82377466213487,252,TLT,"['^FVX', '^TNX']",0.9187,1.709
Bonds,2022-06-14,365,92.71029899588125,252,TLT,"['^FVX', '^TNX', '^TYX']",0.9808,1.7918
Bonds,2022-09-22,365,78.82377466213487,252,TLT,"['^FVX', '^TNX']",0.9187,1.709
Bonds,2022-09-22,365,92.71029899588125,252,TLT,"['^FVX', '^TNX', '^TYX']",0.9808,1.7918
Bonds,2022-10-04,365,92.71029899588125,252,TLT,"['^FVX', '^TNX', '^TYX']",0.9808,1.7918
Bonds,2022-10-25,365,92.71029899588125,252,TLT,"['^FVX', '^TNX', '^TYX']",0.9808,1.7918
Bonds,2022-11-08,365,78.82377466213487,252,TLT,"['^FVX', '^TNX']",0.9187,1.709
Bonds,2022-11-08,365,92.71029899588125,252,TLT,"['^FVX', '^TNX', '^TYX']",0.9808,1.7918
Bonds,2023-07-06,365,78.82377466213487,252,TLT,"['^FVX', '^TNX']",0.9187,1.709
Bonds,2023-09-21,365,78.82377466213487,252,TLT,"['^FVX', '^TNX']",0.9187,1.709
Bonds,2023-09-21,365,92.71029899588125,252,TLT,"['^FVX', '^TNX', '^TYX']",0.9808,1.7918
Bonds,2023-09-25,365,78.82377466213487,252,TLT,"['^FVX', '^TNX']",0.9187,1.709
Bonds,2023-09-25,365,92.71029899588125,252,TLT,"['^FVX', '^TNX', '^TYX']",0.9808,1.7918
Bonds,2023-09-27,365,78.82377466213487,252,TLT,"['^FVX', '^TNX']",0.9187,1.709
Bonds,2023-09-27,365,92.71029899588125,252,TLT,"['^FVX', '^TNX', '^TYX']",0.9808,1.7918
Bonds,2023-10-02,365,78.82377466213487,252,TLT,"['^FVX', '^TNX']",0.9187,1.709
Bonds,2023-10-03,365,92.71029899588125,252,TLT,"['^FVX', '^TNX', '^TYX']",0.9808,1.7918
Bonds,2023-10-06,365,78.82377466213487,252,TLT,"['^FVX', '^TNX']",0.9187,1.709
Bonds,2023-10-06,365,92.71029899588125,252,TLT,"['^FVX', '^TNX', '^TYX']",0.9808,1.7918
Bonds,2023-10-12,365,78.82377466213487,252,TLT,"['^FVX', '^TNX']",0.9187,1.709
Bonds,2023-10-12,365,92.71029899588125,252,TLT,"['^FVX', '^TNX', '^TYX']",0.9808,1.7918
Bonds,2023-10-17,365,78.82377466213487,252,TLT,"['^FVX', '^TNX']",0.9187,1.709
Bonds,2023-10-17,365,92.71029899588125,252,TLT,"['^FVX', '^TNX', '^TYX']",0.9808,1.7918
Bonds,2023-10-25,365,78.82377466213487,252,TLT,"['^FVX', '^TNX']",0.9187,1.709
Bonds,2023-10-25,365,92.71029899588125,252,TLT,"['^FVX', '^TNX', '^TYX']",0.9808,1.7918
Bonds,2023-10-31,365,78.82377466213487,252,TLT,"['^FVX', '^TNX']",0.9187,1.709
Bonds,2023-10-31,365,92.71029899588125,252,TLT,"['^FVX', '^TNX', '^TYX']",0.9808,1.7918
Bonds,2024-11-06,365,78.82377466213487,252,TLT,"['^FVX', '^TNX']",0.9187,1.709
Bonds,2024-11-12,365,78.82377466213487,252,TLT,"['^FVX', '^TNX']",0.9187,1.709
